candidate_id,label,model_probability,disagreement,spectrogram_path
2024-09-30_11-20-26_0000023_00001032,USV,0.0000,1.0000,analysis\label_outliers\false_negative_candidates\spectrograms\2024-09-30_11-20-26_0000023_00001032.png
2024-09-30_11-21-24_0000039_00001966,USV,0.0000,1.0000,analysis\label_outliers\false_negative_candidates\spectrograms\2024-09-30_11-21-24_0000039_00001966.png
2024-09-30_11-21-26_0000040_00000218,USV,0.0000,1.0000,analysis\label_outliers\false_negative_candidates\spectrograms\2024-09-30_11-21-26_0000040_00000218.png
2024-09-30_11-20-29_0000024_00001294,USV,0.0000,1.0000,analysis\label_outliers\false_negative_candidates\spectrograms\2024-09-30_11-20-29_0000024_00001294.png
2024-09-30_11-21-40_0000044_00002905,USV,0.0000,1.0000,analysis\label_outliers\false_negative_candidates\spectrograms\2024-09-30_11-21-40_0000044_00002905.png
2024-09-30_11-20-32_0000025_00001843,USV,0.0000,1.0000,analysis\label_outliers\false_negative_candidates\spectrograms\2024-09-30_11-20-32_0000025_00001843.png
2024-09-30_11-20-07_0000020_00002621,USV,0.0000,1.0000,analysis\label_outliers\false_negative_candidates\spectrograms\2024-09-30_11-20-07_0000020_00002621.png
2024-09-30_11-18-27_0000003_00001918,USV,0.0000,1.0000,analysis\label_outliers\false_negative_candidates\spectrograms\2024-09-30_11-18-27_0000003_00001918.png
2024-09-30_11-18-17_0000001_00005439,USV,0.0000,1.0000,analysis\label_outliers\false_negative_candidates\spectrograms\2024-09-30_11-18-17_0000001_00005439.png
2024-09-30_11-21-07_0000035_00003616,USV,0.0000,1.0000,analysis\label_outliers\false_negative_candidates\spectrograms\2024-09-30_11-21-07_0000035_00003616.png
2024-09-30_11-20-26_0000023_00001379,USV,0.0000,1.0000,analysis\label_outliers\false_negative_candidates\spectrograms\2024-09-30_11-20-26_0000023_00001379.png
2024-09-30_11-20-26_0000023_00001783,USV,0.0000,1.0000,analysis\label_outliers\false_negative_candidates\spectrograms\2024-09-30_11-20-26_0000023_00001783.png
2024-09-30_11-20-32_0000025_00002505,USV,0.0000,1.0000,analysis\label_outliers\false_negative_candidates\spectrograms\2024-09-30_11-20-32_0000025_00002505.png
2024-09-30_11-20-34_0000026_00000593,USV,0.0000,1.0000,analysis\label_outliers\false_negative_candidates\spectrograms\2024-09-30_11-20-34_0000026_00000593.png
2024-09-30_11-20-07_0000020_00002019,USV,0.0000,1.0000,analysis\label_outliers\false_negative_candidates\spectrograms\2024-09-30_11-20-07_0000020_00002019.png
2024-09-30_11-18-17_0000001_00003200,USV,0.0000,1.0000,analysis\label_outliers\false_negative_candidates\spectrograms\2024-09-30_11-18-17_0000001_00003200.png
2024-09-30_11-18-52_0000005_00001207,USV,0.0000,1.0000,analysis\label_outliers\false_negative_candidates\spectrograms\2024-09-30_11-18-52_0000005_00001207.png
2024-09-30_11-18-52_0000005_00001335,USV,0.0000,1.0000,analysis\label_outliers\false_negative_candidates\spectrograms\2024-09-30_11-18-52_0000005_00001335.png
2024-09-30_11-20-34_0000026_00001105,USV,0.0000,1.0000,analysis\label_outliers\false_negative_candidates\spectrograms\2024-09-30_11-20-34_0000026_00001105.png
2024-09-30_11-20-29_0000024_00002079,USV,0.0000,1.0000,analysis\label_outliers\false_negative_candidates\spectrograms\2024-09-30_11-20-29_0000024_00002079.png
2024-09-30_11-18-34_0000004_00001037,USV,0.0000,1.0000,analysis\label_outliers\false_negative_candidates\spectrograms\2024-09-30_11-18-34_0000004_00001037.png
2024-09-30_11-20-38_0000028_00001679,USV,0.0000,1.0000,analysis\label_outliers\false_negative_candidates\spectrograms\2024-09-30_11-20-38_0000028_00001679.png
2024-09-30_11-18-27_0000003_00003588,USV,0.0000,1.0000,analysis\label_outliers\false_negative_candidates\spectrograms\2024-09-30_11-18-27_0000003_00003588.png
2024-09-30_11-20-29_0000024_00002181,USV,0.0000,1.0000,analysis\label_outliers\false_negative_candidates\spectrograms\2024-09-30_11-20-29_0000024_00002181.png
2024-09-30_11-19-58_0000018_00001932,USV,0.0000,1.0000,analysis\label_outliers\false_negative_candidates\spectrograms\2024-09-30_11-19-58_0000018_00001932.png
2024-09-30_11-20-14_0000022_00002945,USV,0.0000,1.0000,analysis\label_outliers\false_negative_candidates\spectrograms\2024-09-30_11-20-14_0000022_00002945.png
2024-09-30_11-19-19_0000012_00002940,USV,0.0000,1.0000,analysis\label_outliers\false_negative_candidates\spectrograms\2024-09-30_11-19-19_0000012_00002940.png
2024-09-30_11-18-27_0000003_00003431,USV,0.0000,1.0000,analysis\label_outliers\false_negative_candidates\spectrograms\2024-09-30_11-18-27_0000003_00003431.png
2024-09-30_11-20-14_0000022_00000706,USV,0.0000,1.0000,analysis\label_outliers\false_negative_candidates\spectrograms\2024-09-30_11-20-14_0000022_00000706.png
2024-09-30_11-19-54_0000016_00001439,USV,0.0000,1.0000,analysis\label_outliers\false_negative_candidates\spectrograms\2024-09-30_11-19-54_0000016_00001439.png
2024-09-30_11-19-55_0000017_00000292,USV,0.0000,1.0000,analysis\label_outliers\false_negative_candidates\spectrograms\2024-09-30_11-19-55_0000017_00000292.png
2024-09-30_11-18-34_0000004_00004925,USV,0.0000,1.0000,analysis\label_outliers\false_negative_candidates\spectrograms\2024-09-30_11-18-34_0000004_00004925.png
2024-09-30_11-20-53_0000032_00000782,USV,0.0000,1.0000,analysis\label_outliers\false_negative_candidates\spectrograms\2024-09-30_11-20-53_0000032_00000782.png
2024-09-30_11-18-52_0000005_00002263,USV,0.0000,1.0000,analysis\label_outliers\false_negative_candidates\spectrograms\2024-09-30_11-18-52_0000005_00002263.png
2024-09-30_11-19-34_0000014_00003436,USV,0.0000,1.0000,analysis\label_outliers\false_negative_candidates\spectrograms\2024-09-30_11-19-34_0000014_00003436.png
2024-09-30_11-20-07_0000020_00001696,USV,0.0000,1.0000,analysis\label_outliers\false_negative_candidates\spectrograms\2024-09-30_11-20-07_0000020_00001696.png
2024-09-30_11-19-34_0000014_00002615,USV,0.0000,1.0000,analysis\label_outliers\false_negative_candidates\spectrograms\2024-09-30_11-19-34_0000014_00002615.png
2024-09-30_11-20-34_0000026_00000111,USV,0.0000,1.0000,analysis\label_outliers\false_negative_candidates\spectrograms\2024-09-30_11-20-34_0000026_00000111.png
2024-09-30_11-20-14_0000022_00000794,USV,0.0000,1.0000,analysis\label_outliers\false_negative_candidates\spectrograms\2024-09-30_11-20-14_0000022_00000794.png
2024-09-30_11-21-07_0000035_00003959,USV,0.0000,1.0000,analysis\label_outliers\false_negative_candidates\spectrograms\2024-09-30_11-21-07_0000035_00003959.png
2024-09-30_11-18-34_0000004_00003222,USV,0.0000,1.0000,analysis\label_outliers\false_negative_candidates\spectrograms\2024-09-30_11-18-34_0000004_00003222.png
2024-09-30_11-20-32_0000025_00002402,USV,0.0000,1.0000,analysis\label_outliers\false_negative_candidates\spectrograms\2024-09-30_11-20-32_0000025_00002402.png
2024-09-30_11-20-34_0000026_00000491,USV,0.0000,1.0000,analysis\label_outliers\false_negative_candidates\spectrograms\2024-09-30_11-20-34_0000026_00000491.png
2024-09-30_11-18-17_0000001_00003548,USV,0.0000,1.0000,analysis\label_outliers\false_negative_candidates\spectrograms\2024-09-30_11-18-17_0000001_00003548.png
2024-09-30_11-19-16_0000011_00001155,USV,0.0000,1.0000,analysis\label_outliers\false_negative_candidates\spectrograms\2024-09-30_11-19-16_0000011_00001155.png
2024-09-30_11-18-17_0000001_00003440,USV,0.0000,1.0000,analysis\label_outliers\false_negative_candidates\spectrograms\2024-09-30_11-18-17_0000001_00003440.png
2024-09-30_11-19-55_0000017_00002566,USV,0.0000,1.0000,analysis\label_outliers\false_negative_candidates\spectrograms\2024-09-30_11-19-55_0000017_00002566.png
2024-09-30_11-19-19_0000012_00001450,USV,0.0000,1.0000,analysis\label_outliers\false_negative_candidates\spectrograms\2024-09-30_11-19-19_0000012_00001450.png
2024-09-30_11-21-07_0000035_00003102,USV,0.0000,1.0000,analysis\label_outliers\false_negative_candidates\spectrograms\2024-09-30_11-21-07_0000035_00003102.png
2024-09-30_11-21-30_0000042_00002135,USV,0.0000,1.0000,analysis\label_outliers\false_negative_candidates\spectrograms\2024-09-30_11-21-30_0000042_00002135.png
2024-09-30_11-20-29_0000024_00002299,USV,0.0000,1.0000,analysis\label_outliers\false_negative_candidates\spectrograms\2024-09-30_11-20-29_0000024_00002299.png
2024-09-30_11-18-27_0000003_00005424,USV,0.0000,1.0000,analysis\label_outliers\false_negative_candidates\spectrograms\2024-09-30_11-18-27_0000003_00005424.png
2024-09-30_11-19-34_0000014_00001820,USV,0.0000,1.0000,analysis\label_outliers\false_negative_candidates\spectrograms\2024-09-30_11-19-34_0000014_00001820.png
2024-09-30_11-20-45_0000030_00003157,USV,0.0000,1.0000,analysis\label_outliers\false_negative_candidates\spectrograms\2024-09-30_11-20-45_0000030_00003157.png
2024-09-30_11-20-38_0000028_00002548,USV,0.0000,1.0000,analysis\label_outliers\false_negative_candidates\spectrograms\2024-09-30_11-20-38_0000028_00002548.png
2024-09-30_11-18-34_0000004_00000165,USV,0.0000,1.0000,analysis\label_outliers\false_negative_candidates\spectrograms\2024-09-30_11-18-34_0000004_00000165.png
2024-09-30_11-20-53_0000032_00002900,USV,0.0000,1.0000,analysis\label_outliers\false_negative_candidates\spectrograms\2024-09-30_11-20-53_0000032_00002900.png
2024-09-30_11-21-07_0000035_00003422,USV,0.0000,1.0000,analysis\label_outliers\false_negative_candidates\spectrograms\2024-09-30_11-21-07_0000035_00003422.png
2024-09-30_11-18-17_0000001_00003662,USV,0.0000,1.0000,analysis\label_outliers\false_negative_candidates\spectrograms\2024-09-30_11-18-17_0000001_00003662.png
2024-09-30_11-19-19_0000012_00005958,USV,0.0000,1.0000,analysis\label_outliers\false_negative_candidates\spectrograms\2024-09-30_11-19-19_0000012_00005958.png
2024-09-30_11-18-34_0000004_00002632,USV,0.0000,1.0000,analysis\label_outliers\false_negative_candidates\spectrograms\2024-09-30_11-18-34_0000004_00002632.png
2024-09-30_11-21-22_0000038_00000890,USV,0.0000,1.0000,analysis\label_outliers\false_negative_candidates\spectrograms\2024-09-30_11-21-22_0000038_00000890.png
2024-09-30_11-20-14_0000022_00002256,USV,0.0000,1.0000,analysis\label_outliers\false_negative_candidates\spectrograms\2024-09-30_11-20-14_0000022_00002256.png
2024-09-30_11-20-07_0000020_00001790,USV,0.0000,1.0000,analysis\label_outliers\false_negative_candidates\spectrograms\2024-09-30_11-20-07_0000020_00001790.png
2024-09-30_11-20-14_0000022_00004596,USV,0.0000,1.0000,analysis\label_outliers\false_negative_candidates\spectrograms\2024-09-30_11-20-14_0000022_00004596.png
2024-09-30_11-20-48_0000031_00002019,USV,0.0000,1.0000,analysis\label_outliers\false_negative_candidates\spectrograms\2024-09-30_11-20-48_0000031_00002019.png
2024-09-30_11-18-17_0000001_00003799,USV,0.0000,1.0000,analysis\label_outliers\false_negative_candidates\spectrograms\2024-09-30_11-18-17_0000001_00003799.png
2024-09-30_11-20-53_0000032_00002557,USV,0.0000,1.0000,analysis\label_outliers\false_negative_candidates\spectrograms\2024-09-30_11-20-53_0000032_00002557.png
2024-09-30_11-20-03_0000019_00001260,USV,0.0000,1.0000,analysis\label_outliers\false_negative_candidates\spectrograms\2024-09-30_11-20-03_0000019_00001260.png
2024-09-30_11-20-07_0000020_00001449,USV,0.0000,1.0000,analysis\label_outliers\false_negative_candidates\spectrograms\2024-09-30_11-20-07_0000020_00001449.png
2024-09-30_11-20-03_0000019_00001132,USV,0.0000,1.0000,analysis\label_outliers\false_negative_candidates\spectrograms\2024-09-30_11-20-03_0000019_00001132.png
2024-09-30_11-18-34_0000004_00003019,USV,0.0000,1.0000,analysis\label_outliers\false_negative_candidates\spectrograms\2024-09-30_11-18-34_0000004_00003019.png
2024-09-30_11-19-34_0000014_00003932,USV,0.0000,1.0000,analysis\label_outliers\false_negative_candidates\spectrograms\2024-09-30_11-19-34_0000014_00003932.png
2024-09-30_11-19-34_0000014_00003235,USV,0.0000,1.0000,analysis\label_outliers\false_negative_candidates\spectrograms\2024-09-30_11-19-34_0000014_00003235.png
2024-09-30_11-20-32_0000025_00000904,USV,0.0000,1.0000,analysis\label_outliers\false_negative_candidates\spectrograms\2024-09-30_11-20-32_0000025_00000904.png
2024-09-30_11-19-19_0000012_00002749,USV,0.0000,1.0000,analysis\label_outliers\false_negative_candidates\spectrograms\2024-09-30_11-19-19_0000012_00002749.png
2024-09-30_11-20-38_0000028_00002112,USV,0.0000,1.0000,analysis\label_outliers\false_negative_candidates\spectrograms\2024-09-30_11-20-38_0000028_00002112.png
2024-09-30_11-19-00_0000007_00004433,USV,0.0000,1.0000,analysis\label_outliers\false_negative_candidates\spectrograms\2024-09-30_11-19-00_0000007_00004433.png
2024-09-30_11-20-03_0000019_00002076,USV,0.0000,1.0000,analysis\label_outliers\false_negative_candidates\spectrograms\2024-09-30_11-20-03_0000019_00002076.png
2024-09-30_11-19-34_0000014_00004032,USV,0.0000,1.0000,analysis\label_outliers\false_negative_candidates\spectrograms\2024-09-30_11-19-34_0000014_00004032.png
2024-09-30_11-20-53_0000032_00002252,USV,0.0000,1.0000,analysis\label_outliers\false_negative_candidates\spectrograms\2024-09-30_11-20-53_0000032_00002252.png
2024-09-30_11-19-16_0000011_00001021,USV,0.0000,1.0000,analysis\label_outliers\false_negative_candidates\spectrograms\2024-09-30_11-19-16_0000011_00001021.png
2024-09-30_11-21-24_0000039_00001196,USV,0.0000,1.0000,analysis\label_outliers\false_negative_candidates\spectrograms\2024-09-30_11-21-24_0000039_00001196.png
2024-09-30_11-19-38_0000015_00008044,USV,0.0000,1.0000,analysis\label_outliers\false_negative_candidates\spectrograms\2024-09-30_11-19-38_0000015_00008044.png
2024-09-30_11-20-53_0000032_00002444,USV,0.0000,1.0000,analysis\label_outliers\false_negative_candidates\spectrograms\2024-09-30_11-20-53_0000032_00002444.png
2024-09-30_11-19-34_0000014_00003837,USV,0.0000,1.0000,analysis\label_outliers\false_negative_candidates\spectrograms\2024-09-30_11-19-34_0000014_00003837.png
2024-09-30_11-18-17_0000001_00005332,USV,0.0000,1.0000,analysis\label_outliers\false_negative_candidates\spectrograms\2024-09-30_11-18-17_0000001_00005332.png
2024-09-30_11-20-03_0000019_00001387,USV,0.0000,1.0000,analysis\label_outliers\false_negative_candidates\spectrograms\2024-09-30_11-20-03_0000019_00001387.png
2024-09-30_11-19-00_0000007_00005775,USV,0.0000,1.0000,analysis\label_outliers\false_negative_candidates\spectrograms\2024-09-30_11-19-00_0000007_00005775.png
2024-09-30_11-18-34_0000004_00004481,USV,0.0000,1.0000,analysis\label_outliers\false_negative_candidates\spectrograms\2024-09-30_11-18-34_0000004_00004481.png
2024-09-30_11-21-07_0000035_00003213,USV,0.0000,1.0000,analysis\label_outliers\false_negative_candidates\spectrograms\2024-09-30_11-21-07_0000035_00003213.png
2024-09-30_11-19-16_0000011_00001634,USV,0.0000,1.0000,analysis\label_outliers\false_negative_candidates\spectrograms\2024-09-30_11-19-16_0000011_00001634.png
2024-09-30_11-18-17_0000001_00005004,USV,0.0000,1.0000,analysis\label_outliers\false_negative_candidates\spectrograms\2024-09-30_11-18-17_0000001_00005004.png
2024-09-30_11-21-40_0000044_00001748,USV,0.0000,1.0000,analysis\label_outliers\false_negative_candidates\spectrograms\2024-09-30_11-21-40_0000044_00001748.png
2024-09-30_11-20-14_0000022_00003053,USV,0.0000,1.0000,analysis\label_outliers\false_negative_candidates\spectrograms\2024-09-30_11-20-14_0000022_00003053.png
2024-09-30_11-19-38_0000015_00000046,USV,0.0000,1.0000,analysis\label_outliers\false_negative_candidates\spectrograms\2024-09-30_11-19-38_0000015_00000046.png
2024-09-30_11-18-34_0000004_00003119,USV,0.0000,1.0000,analysis\label_outliers\false_negative_candidates\spectrograms\2024-09-30_11-18-34_0000004_00003119.png
2024-09-30_11-20-26_0000023_00000087,USV,0.0000,1.0000,analysis\label_outliers\false_negative_candidates\spectrograms\2024-09-30_11-20-26_0000023_00000087.png
2024-09-30_11-18-17_0000001_00004192,USV,0.0000,1.0000,analysis\label_outliers\false_negative_candidates\spectrograms\2024-09-30_11-18-17_0000001_00004192.png
2024-09-30_11-21-40_0000044_00000995,USV,0.0000,1.0000,analysis\label_outliers\false_negative_candidates\spectrograms\2024-09-30_11-21-40_0000044_00000995.png
2024-09-30_11-20-26_0000023_00001175,USV,0.0000,1.0000,analysis\label_outliers\false_negative_candidates\spectrograms\2024-09-30_11-20-26_0000023_00001175.png
2024-09-30_11-18-34_0000004_00001432,USV,0.0000,1.0000,analysis\label_outliers\false_negative_candidates\spectrograms\2024-09-30_11-18-34_0000004_00001432.png
2024-09-30_11-21-07_0000035_00004448,USV,0.0000,1.0000,analysis\label_outliers\false_negative_candidates\spectrograms\2024-09-30_11-21-07_0000035_00004448.png
2024-09-30_11-19-34_0000014_00002913,USV,0.0000,1.0000,analysis\label_outliers\false_negative_candidates\spectrograms\2024-09-30_11-19-34_0000014_00002913.png
2024-09-30_11-19-58_0000018_00002045,USV,0.0000,1.0000,analysis\label_outliers\false_negative_candidates\spectrograms\2024-09-30_11-19-58_0000018_00002045.png
2024-09-30_11-19-19_0000012_00006262,USV,0.0000,1.0000,analysis\label_outliers\false_negative_candidates\spectrograms\2024-09-30_11-19-19_0000012_00006262.png
2024-09-30_11-19-19_0000012_00001958,USV,0.0000,1.0000,analysis\label_outliers\false_negative_candidates\spectrograms\2024-09-30_11-19-19_0000012_00001958.png
2024-09-30_11-19-38_0000015_00007219,USV,0.0000,1.0000,analysis\label_outliers\false_negative_candidates\spectrograms\2024-09-30_11-19-38_0000015_00007219.png
2024-09-30_11-18-17_0000001_00005119,USV,0.0000,1.0000,analysis\label_outliers\false_negative_candidates\spectrograms\2024-09-30_11-18-17_0000001_00005119.png
2024-09-30_11-20-38_0000028_00000936,USV,0.0000,1.0000,analysis\label_outliers\false_negative_candidates\spectrograms\2024-09-30_11-20-38_0000028_00000936.png
2024-09-30_11-20-03_0000019_00001007,USV,0.0000,1.0000,analysis\label_outliers\false_negative_candidates\spectrograms\2024-09-30_11-20-03_0000019_00001007.png
2024-09-30_11-18-34_0000004_00007085,USV,0.0000,1.0000,analysis\label_outliers\false_negative_candidates\spectrograms\2024-09-30_11-18-34_0000004_00007085.png
2024-09-30_11-21-26_0000040_00000823,USV,0.0000,1.0000,analysis\label_outliers\false_negative_candidates\spectrograms\2024-09-30_11-21-26_0000040_00000823.png
2024-09-30_11-21-40_0000044_00001962,USV,0.0000,1.0000,analysis\label_outliers\false_negative_candidates\spectrograms\2024-09-30_11-21-40_0000044_00001962.png
2024-09-30_11-19-38_0000015_00008618,USV,0.0000,1.0000,analysis\label_outliers\false_negative_candidates\spectrograms\2024-09-30_11-19-38_0000015_00008618.png
2024-09-30_11-19-38_0000015_00007010,USV,0.0000,1.0000,analysis\label_outliers\false_negative_candidates\spectrograms\2024-09-30_11-19-38_0000015_00007010.png
2024-09-30_11-19-38_0000015_00012275,USV,0.0000,1.0000,analysis\label_outliers\false_negative_candidates\spectrograms\2024-09-30_11-19-38_0000015_00012275.png
2024-09-30_11-19-19_0000012_00002066,USV,0.0000,1.0000,analysis\label_outliers\false_negative_candidates\spectrograms\2024-09-30_11-19-19_0000012_00002066.png
2024-09-30_11-20-38_0000028_00001034,USV,0.0000,1.0000,analysis\label_outliers\false_negative_candidates\spectrograms\2024-09-30_11-20-38_0000028_00001034.png
2024-09-30_11-20-14_0000022_00012718,USV,0.0000,1.0000,analysis\label_outliers\false_negative_candidates\spectrograms\2024-09-30_11-20-14_0000022_00012718.png
2024-09-30_11-19-19_0000012_00004084,USV,0.0000,1.0000,analysis\label_outliers\false_negative_candidates\spectrograms\2024-09-30_11-19-19_0000012_00004084.png
2024-09-30_11-19-38_0000015_00007102,USV,0.0000,1.0000,analysis\label_outliers\false_negative_candidates\spectrograms\2024-09-30_11-19-38_0000015_00007102.png
2024-09-30_11-19-34_0000014_00002333,USV,0.0000,1.0000,analysis\label_outliers\false_negative_candidates\spectrograms\2024-09-30_11-19-34_0000014_00002333.png
2024-09-30_11-18-34_0000004_00008151,USV,0.0000,1.0000,analysis\label_outliers\false_negative_candidates\spectrograms\2024-09-30_11-18-34_0000004_00008151.png
2024-09-30_11-19-15_0000010_00001326,USV,0.0000,1.0000,analysis\label_outliers\false_negative_candidates\spectrograms\2024-09-30_11-19-15_0000010_00001326.png
2024-09-30_11-20-14_0000022_00002642,USV,0.0000,1.0000,analysis\label_outliers\false_negative_candidates\spectrograms\2024-09-30_11-20-14_0000022_00002642.png
2024-09-30_11-19-19_0000012_00006165,USV,0.0000,1.0000,analysis\label_outliers\false_negative_candidates\spectrograms\2024-09-30_11-19-19_0000012_00006165.png
2024-09-30_11-20-38_0000028_00002439,USV,0.0000,1.0000,analysis\label_outliers\false_negative_candidates\spectrograms\2024-09-30_11-20-38_0000028_00002439.png
2024-09-30_11-19-00_0000007_00003943,USV,0.0000,1.0000,analysis\label_outliers\false_negative_candidates\spectrograms\2024-09-30_11-19-00_0000007_00003943.png
2024-09-30_11-18-17_0000001_00004893,USV,0.0000,1.0000,analysis\label_outliers\false_negative_candidates\spectrograms\2024-09-30_11-18-17_0000001_00004893.png
2024-09-30_11-19-34_0000014_00004826,USV,0.0000,1.0000,analysis\label_outliers\false_negative_candidates\spectrograms\2024-09-30_11-19-34_0000014_00004826.png
2024-09-30_11-19-19_0000012_00001553,USV,0.0000,1.0000,analysis\label_outliers\false_negative_candidates\spectrograms\2024-09-30_11-19-19_0000012_00001553.png
2024-09-30_11-21-01_0000034_00002177,USV,0.0000,1.0000,analysis\label_outliers\false_negative_candidates\spectrograms\2024-09-30_11-21-01_0000034_00002177.png
2024-09-30_11-19-19_0000012_00001247,USV,0.0000,1.0000,analysis\label_outliers\false_negative_candidates\spectrograms\2024-09-30_11-19-19_0000012_00001247.png
2024-09-30_11-21-07_0000035_00004837,USV,0.0000,1.0000,analysis\label_outliers\false_negative_candidates\spectrograms\2024-09-30_11-21-07_0000035_00004837.png
2024-09-30_11-19-19_0000012_00001843,USV,0.0000,1.0000,analysis\label_outliers\false_negative_candidates\spectrograms\2024-09-30_11-19-19_0000012_00001843.png
2024-09-30_11-18-52_0000005_00002123,USV,0.0000,1.0000,analysis\label_outliers\false_negative_candidates\spectrograms\2024-09-30_11-18-52_0000005_00002123.png
2024-09-30_11-19-09_0000008_00001861,USV,0.0000,1.0000,analysis\label_outliers\false_negative_candidates\spectrograms\2024-09-30_11-19-09_0000008_00001861.png
2024-09-30_11-20-53_0000032_00003014,USV,0.0000,1.0000,analysis\label_outliers\false_negative_candidates\spectrograms\2024-09-30_11-20-53_0000032_00003014.png
2024-09-30_11-19-34_0000014_00002513,USV,0.0000,1.0000,analysis\label_outliers\false_negative_candidates\spectrograms\2024-09-30_11-19-34_0000014_00002513.png
2024-09-30_11-20-53_0000032_00002787,USV,0.0000,1.0000,analysis\label_outliers\false_negative_candidates\spectrograms\2024-09-30_11-20-53_0000032_00002787.png
2024-09-30_11-19-38_0000015_00007431,USV,0.0000,1.0000,analysis\label_outliers\false_negative_candidates\spectrograms\2024-09-30_11-19-38_0000015_00007431.png
2024-09-30_11-21-01_0000034_00001976,USV,0.0000,1.0000,analysis\label_outliers\false_negative_candidates\spectrograms\2024-09-30_11-21-01_0000034_00001976.png
2024-09-30_11-21-07_0000035_00004957,USV,0.0000,1.0000,analysis\label_outliers\false_negative_candidates\spectrograms\2024-09-30_11-21-07_0000035_00004957.png
2024-09-30_11-19-34_0000014_00003721,USV,0.0000,1.0000,analysis\label_outliers\false_negative_candidates\spectrograms\2024-09-30_11-19-34_0000014_00003721.png
2024-09-30_11-18-17_0000001_00003075,USV,0.0000,1.0000,analysis\label_outliers\false_negative_candidates\spectrograms\2024-09-30_11-18-17_0000001_00003075.png
2024-09-30_11-18-34_0000004_00001546,USV,0.0000,1.0000,analysis\label_outliers\false_negative_candidates\spectrograms\2024-09-30_11-18-34_0000004_00001546.png
2024-09-30_11-20-14_0000022_00007898,USV,0.0000,1.0000,analysis\label_outliers\false_negative_candidates\spectrograms\2024-09-30_11-20-14_0000022_00007898.png
2024-09-30_11-21-01_0000034_00003514,USV,0.0000,1.0000,analysis\label_outliers\false_negative_candidates\spectrograms\2024-09-30_11-21-01_0000034_00003514.png
2024-09-30_11-20-34_0000026_00001472,USV,0.0000,1.0000,analysis\label_outliers\false_negative_candidates\spectrograms\2024-09-30_11-20-34_0000026_00001472.png
2024-09-30_11-18-17_0000001_00004648,USV,0.0000,1.0000,analysis\label_outliers\false_negative_candidates\spectrograms\2024-09-30_11-18-17_0000001_00004648.png
2024-09-30_11-19-34_0000014_00003335,USV,0.0000,1.0000,analysis\label_outliers\false_negative_candidates\spectrograms\2024-09-30_11-19-34_0000014_00003335.png
2024-09-30_11-19-19_0000012_00003446,USV,0.0000,1.0000,analysis\label_outliers\false_negative_candidates\spectrograms\2024-09-30_11-19-19_0000012_00003446.png
2024-09-30_11-21-01_0000034_00001676,USV,0.0000,1.0000,analysis\label_outliers\false_negative_candidates\spectrograms\2024-09-30_11-21-01_0000034_00001676.png
2024-09-30_11-19-34_0000014_00001938,USV,0.0000,1.0000,analysis\label_outliers\false_negative_candidates\spectrograms\2024-09-30_11-19-34_0000014_00001938.png
2024-09-30_11-19-16_0000011_00002056,USV,0.0000,1.0000,analysis\label_outliers\false_negative_candidates\spectrograms\2024-09-30_11-19-16_0000011_00002056.png
2024-09-30_11-19-00_0000007_00003824,USV,0.0000,1.0000,analysis\label_outliers\false_negative_candidates\spectrograms\2024-09-30_11-19-00_0000007_00003824.png
2024-09-30_11-19-38_0000015_00007932,USV,0.0000,1.0000,analysis\label_outliers\false_negative_candidates\spectrograms\2024-09-30_11-19-38_0000015_00007932.png
2024-09-30_11-19-15_0000010_00001198,USV,0.0000,1.0000,analysis\label_outliers\false_negative_candidates\spectrograms\2024-09-30_11-19-15_0000010_00001198.png
2024-09-30_11-19-38_0000015_00012064,USV,0.0000,1.0000,analysis\label_outliers\false_negative_candidates\spectrograms\2024-09-30_11-19-38_0000015_00012064.png
2024-09-30_11-18-17_0000001_00004305,USV,0.0000,1.0000,analysis\label_outliers\false_negative_candidates\spectrograms\2024-09-30_11-18-17_0000001_00004305.png
2024-09-30_11-19-55_0000017_00001716,USV,0.0000,1.0000,analysis\label_outliers\false_negative_candidates\spectrograms\2024-09-30_11-19-55_0000017_00001716.png
2024-09-30_11-18-17_0000001_00004535,USV,0.0000,1.0000,analysis\label_outliers\false_negative_candidates\spectrograms\2024-09-30_11-18-17_0000001_00004535.png
2024-09-30_11-19-38_0000015_00008146,USV,0.0000,1.0000,analysis\label_outliers\false_negative_candidates\spectrograms\2024-09-30_11-19-38_0000015_00008146.png
2024-09-30_11-19-38_0000015_00011841,USV,0.0000,1.0000,analysis\label_outliers\false_negative_candidates\spectrograms\2024-09-30_11-19-38_0000015_00011841.png
2024-09-30_11-20-14_0000022_00006705,USV,0.0000,1.0000,analysis\label_outliers\false_negative_candidates\spectrograms\2024-09-30_11-20-14_0000022_00006705.png
2024-09-30_11-18-17_0000001_00002828,USV,0.0000,1.0000,analysis\label_outliers\false_negative_candidates\spectrograms\2024-09-30_11-18-17_0000001_00002828.png
2024-09-30_11-18-17_0000001_00002766,USV,0.0000,1.0000,analysis\label_outliers\false_negative_candidates\spectrograms\2024-09-30_11-18-17_0000001_00002766.png
2024-09-30_11-19-34_0000014_00001620,USV,0.0000,1.0000,analysis\label_outliers\false_negative_candidates\spectrograms\2024-09-30_11-19-34_0000014_00001620.png
2024-09-30_11-19-38_0000015_00011954,USV,0.0000,1.0000,analysis\label_outliers\false_negative_candidates\spectrograms\2024-09-30_11-19-38_0000015_00011954.png
2024-09-30_11-19-38_0000015_00008766,USV,0.0000,1.0000,analysis\label_outliers\false_negative_candidates\spectrograms\2024-09-30_11-19-38_0000015_00008766.png
2024-09-30_11-18-34_0000004_00006503,USV,0.0000,1.0000,analysis\label_outliers\false_negative_candidates\spectrograms\2024-09-30_11-18-34_0000004_00006503.png
2024-09-30_11-19-00_0000007_00006508,USV,0.0000,1.0000,analysis\label_outliers\false_negative_candidates\spectrograms\2024-09-30_11-19-00_0000007_00006508.png
2024-09-30_11-21-40_0000044_00001123,USV,0.0000,1.0000,analysis\label_outliers\false_negative_candidates\spectrograms\2024-09-30_11-21-40_0000044_00001123.png
2024-09-30_11-20-14_0000022_00006109,USV,0.0000,1.0000,analysis\label_outliers\false_negative_candidates\spectrograms\2024-09-30_11-20-14_0000022_00006109.png
2024-09-30_11-20-14_0000022_00004358,USV,0.0000,1.0000,analysis\label_outliers\false_negative_candidates\spectrograms\2024-09-30_11-20-14_0000022_00004358.png
2024-09-30_11-19-09_0000008_00002272,USV,0.0000,1.0000,analysis\label_outliers\false_negative_candidates\spectrograms\2024-09-30_11-19-09_0000008_00002272.png
2024-09-30_11-21-01_0000034_00001870,USV,0.0000,1.0000,analysis\label_outliers\false_negative_candidates\spectrograms\2024-09-30_11-21-01_0000034_00001870.png
2024-09-30_11-19-38_0000015_00012742,USV,0.0000,1.0000,analysis\label_outliers\false_negative_candidates\spectrograms\2024-09-30_11-19-38_0000015_00012742.png
2024-09-30_11-18-34_0000004_00002827,USV,0.0000,1.0000,analysis\label_outliers\false_negative_candidates\spectrograms\2024-09-30_11-18-34_0000004_00002827.png
2024-09-30_11-18-17_0000001_00005662,USV,0.0000,1.0000,analysis\label_outliers\false_negative_candidates\spectrograms\2024-09-30_11-18-17_0000001_00005662.png
2024-09-30_11-20-14_0000022_00007687,USV,0.0000,1.0000,analysis\label_outliers\false_negative_candidates\spectrograms\2024-09-30_11-20-14_0000022_00007687.png
2024-09-30_11-20-14_0000022_00003965,USV,0.0000,1.0000,analysis\label_outliers\false_negative_candidates\spectrograms\2024-09-30_11-20-14_0000022_00003965.png
2024-09-30_11-20-38_0000028_00001798,USV,0.0000,1.0000,analysis\label_outliers\false_negative_candidates\spectrograms\2024-09-30_11-20-38_0000028_00001798.png
2024-09-30_11-19-34_0000014_00001498,USV,0.0000,1.0000,analysis\label_outliers\false_negative_candidates\spectrograms\2024-09-30_11-19-34_0000014_00001498.png
2024-09-30_11-18-52_0000005_00001079,USV,0.0000,1.0000,analysis\label_outliers\false_negative_candidates\spectrograms\2024-09-30_11-18-52_0000005_00001079.png
2024-09-30_11-21-01_0000034_00001460,USV,0.0000,1.0000,analysis\label_outliers\false_negative_candidates\spectrograms\2024-09-30_11-21-01_0000034_00001460.png
2024-09-30_11-18-17_0000001_00001014,USV,0.0000,1.0000,analysis\label_outliers\false_negative_candidates\spectrograms\2024-09-30_11-18-17_0000001_00001014.png
2024-09-30_11-19-19_0000012_00006941,USV,0.0000,1.0000,analysis\label_outliers\false_negative_candidates\spectrograms\2024-09-30_11-19-19_0000012_00006941.png
2024-09-30_11-20-45_0000030_00001559,USV,0.0000,1.0000,analysis\label_outliers\false_negative_candidates\spectrograms\2024-09-30_11-20-45_0000030_00001559.png
2024-09-30_11-18-34_0000004_00006231,USV,0.0000,1.0000,analysis\label_outliers\false_negative_candidates\spectrograms\2024-09-30_11-18-34_0000004_00006231.png
2024-09-30_11-18-17_0000001_00002042,USV,0.0000,1.0000,analysis\label_outliers\false_negative_candidates\spectrograms\2024-09-30_11-18-17_0000001_00002042.png
2024-09-30_11-18-34_0000004_00003942,USV,0.0000,1.0000,analysis\label_outliers\false_negative_candidates\spectrograms\2024-09-30_11-18-34_0000004_00003942.png
2024-09-30_11-20-14_0000022_00001731,USV,0.0000,1.0000,analysis\label_outliers\false_negative_candidates\spectrograms\2024-09-30_11-20-14_0000022_00001731.png
2024-09-30_11-19-38_0000015_00001443,USV,0.0000,1.0000,analysis\label_outliers\false_negative_candidates\spectrograms\2024-09-30_11-19-38_0000015_00001443.png
2024-09-30_11-20-14_0000022_00005473,USV,0.0000,1.0000,analysis\label_outliers\false_negative_candidates\spectrograms\2024-09-30_11-20-14_0000022_00005473.png
2024-09-30_11-18-17_0000001_00006868,USV,0.0000,1.0000,analysis\label_outliers\false_negative_candidates\spectrograms\2024-09-30_11-18-17_0000001_00006868.png
2024-09-30_11-19-38_0000015_00011028,USV,0.0000,1.0000,analysis\label_outliers\false_negative_candidates\spectrograms\2024-09-30_11-19-38_0000015_00011028.png
2024-09-30_11-18-52_0000005_00003255,USV,0.0000,1.0000,analysis\label_outliers\false_negative_candidates\spectrograms\2024-09-30_11-18-52_0000005_00003255.png
2024-09-30_11-21-01_0000034_00001565,USV,0.0000,1.0000,analysis\label_outliers\false_negative_candidates\spectrograms\2024-09-30_11-21-01_0000034_00001565.png
2024-09-30_11-21-30_0000042_00001899,USV,0.0001,0.9999,analysis\label_outliers\false_negative_candidates\spectrograms\2024-09-30_11-21-30_0000042_00001899.png
2024-09-30_11-18-34_0000004_00008259,USV,0.0001,0.9999,analysis\label_outliers\false_negative_candidates\spectrograms\2024-09-30_11-18-34_0000004_00008259.png
2024-09-30_11-19-19_0000012_00005840,USV,0.0001,0.9999,analysis\label_outliers\false_negative_candidates\spectrograms\2024-09-30_11-19-19_0000012_00005840.png
2024-09-30_11-18-34_0000004_00005154,USV,0.0001,0.9999,analysis\label_outliers\false_negative_candidates\spectrograms\2024-09-30_11-18-34_0000004_00005154.png
2024-09-30_11-18-34_0000004_00001850,USV,0.0001,0.9999,analysis\label_outliers\false_negative_candidates\spectrograms\2024-09-30_11-18-34_0000004_00001850.png
2024-09-30_11-21-01_0000034_00001350,USV,0.0001,0.9999,analysis\label_outliers\false_negative_candidates\spectrograms\2024-09-30_11-21-01_0000034_00001350.png
2024-09-30_11-20-38_0000028_00002325,USV,0.0001,0.9999,analysis\label_outliers\false_negative_candidates\spectrograms\2024-09-30_11-20-38_0000028_00002325.png
2024-09-30_11-19-00_0000007_00005586,USV,0.0001,0.9999,analysis\label_outliers\false_negative_candidates\spectrograms\2024-09-30_11-19-00_0000007_00005586.png
2024-09-30_11-19-38_0000015_00012456,USV,0.0001,0.9999,analysis\label_outliers\false_negative_candidates\spectrograms\2024-09-30_11-19-38_0000015_00012456.png
2024-09-30_11-19-38_0000015_00001891,USV,0.0001,0.9999,analysis\label_outliers\false_negative_candidates\spectrograms\2024-09-30_11-19-38_0000015_00001891.png
2024-09-30_11-19-00_0000007_00005488,USV,0.0001,0.9999,analysis\label_outliers\false_negative_candidates\spectrograms\2024-09-30_11-19-00_0000007_00005488.png
2024-09-30_11-20-14_0000022_00006217,USV,0.0001,0.9999,analysis\label_outliers\false_negative_candidates\spectrograms\2024-09-30_11-20-14_0000022_00006217.png
2024-09-30_11-18-52_0000005_00002774,USV,0.0001,0.9999,analysis\label_outliers\false_negative_candidates\spectrograms\2024-09-30_11-18-52_0000005_00002774.png
2024-09-30_11-19-15_0000010_00001007,USV,0.0001,0.9999,analysis\label_outliers\false_negative_candidates\spectrograms\2024-09-30_11-19-15_0000010_00001007.png
2024-09-30_11-21-01_0000034_00001135,USV,0.0001,0.9999,analysis\label_outliers\false_negative_candidates\spectrograms\2024-09-30_11-21-01_0000034_00001135.png
2024-09-30_11-19-00_0000007_00006065,USV,0.0001,0.9999,analysis\label_outliers\false_negative_candidates\spectrograms\2024-09-30_11-19-00_0000007_00006065.png
2024-09-30_11-18-34_0000004_00007589,USV,0.0001,0.9999,analysis\label_outliers\false_negative_candidates\spectrograms\2024-09-30_11-18-34_0000004_00007589.png
2024-09-30_11-19-55_0000017_00002376,USV,0.0001,0.9999,analysis\label_outliers\false_negative_candidates\spectrograms\2024-09-30_11-19-55_0000017_00002376.png
2024-09-30_11-20-14_0000022_00005597,USV,0.0001,0.9999,analysis\label_outliers\false_negative_candidates\spectrograms\2024-09-30_11-20-14_0000022_00005597.png
2024-09-30_11-19-00_0000007_00005174,USV,0.0002,0.9998,analysis\label_outliers\false_negative_candidates\spectrograms\2024-09-30_11-19-00_0000007_00005174.png
2024-09-30_11-19-38_0000015_00001561,USV,0.0002,0.9998,analysis\label_outliers\false_negative_candidates\spectrograms\2024-09-30_11-19-38_0000015_00001561.png
2024-09-30_11-20-14_0000022_00005714,USV,0.0002,0.9998,analysis\label_outliers\false_negative_candidates\spectrograms\2024-09-30_11-20-14_0000022_00005714.png
2024-09-30_11-21-07_0000035_00006140,USV,0.0002,0.9998,analysis\label_outliers\false_negative_candidates\spectrograms\2024-09-30_11-21-07_0000035_00006140.png
2024-09-30_11-19-38_0000015_00010789,USV,0.0002,0.9998,analysis\label_outliers\false_negative_candidates\spectrograms\2024-09-30_11-19-38_0000015_00010789.png
2024-09-30_11-19-00_0000007_00005871,USV,0.0002,0.9998,analysis\label_outliers\false_negative_candidates\spectrograms\2024-09-30_11-19-00_0000007_00005871.png
2024-09-30_11-20-14_0000022_00007780,USV,0.0003,0.9997,analysis\label_outliers\false_negative_candidates\spectrograms\2024-09-30_11-20-14_0000022_00007780.png
2024-09-30_11-19-38_0000015_00011270,USV,0.0003,0.9997,analysis\label_outliers\false_negative_candidates\spectrograms\2024-09-30_11-19-38_0000015_00011270.png
2024-09-30_11-21-14_0000036_00001437,USV,0.0003,0.9997,analysis\label_outliers\false_negative_candidates\spectrograms\2024-09-30_11-21-14_0000036_00001437.png
2024-09-30_11-20-14_0000022_00006331,USV,0.0003,0.9997,analysis\label_outliers\false_negative_candidates\spectrograms\2024-09-30_11-20-14_0000022_00006331.png
2024-09-30_11-19-38_0000015_00010559,USV,0.0003,0.9997,analysis\label_outliers\false_negative_candidates\spectrograms\2024-09-30_11-19-38_0000015_00010559.png
2024-09-30_11-20-14_0000022_00010755,USV,0.0003,0.9997,analysis\label_outliers\false_negative_candidates\spectrograms\2024-09-30_11-20-14_0000022_00010755.png
2024-09-30_11-20-14_0000022_00005992,USV,0.0004,0.9996,analysis\label_outliers\false_negative_candidates\spectrograms\2024-09-30_11-20-14_0000022_00005992.png
2024-09-30_11-19-09_0000008_00001978,USV,0.0004,0.9996,analysis\label_outliers\false_negative_candidates\spectrograms\2024-09-30_11-19-09_0000008_00001978.png
2024-09-30_11-19-38_0000015_00013327,USV,0.0005,0.9995,analysis\label_outliers\false_negative_candidates\spectrograms\2024-09-30_11-19-38_0000015_00013327.png
2024-09-30_11-19-38_0000015_00009998,USV,0.0005,0.9995,analysis\label_outliers\false_negative_candidates\spectrograms\2024-09-30_11-19-38_0000015_00009998.png
2024-09-30_11-20-38_0000028_00001923,USV,0.0006,0.9994,analysis\label_outliers\false_negative_candidates\spectrograms\2024-09-30_11-20-38_0000028_00001923.png
2024-09-30_11-19-38_0000015_00010918,USV,0.0006,0.9994,analysis\label_outliers\false_negative_candidates\spectrograms\2024-09-30_11-19-38_0000015_00010918.png
2024-09-30_11-19-38_0000015_00013749,USV,0.0007,0.9993,analysis\label_outliers\false_negative_candidates\spectrograms\2024-09-30_11-19-38_0000015_00013749.png
2024-09-30_11-19-00_0000007_00006280,USV,0.0007,0.9993,analysis\label_outliers\false_negative_candidates\spectrograms\2024-09-30_11-19-00_0000007_00006280.png
2024-09-30_11-21-07_0000035_00001038,USV,0.0007,0.9993,analysis\label_outliers\false_negative_candidates\spectrograms\2024-09-30_11-21-07_0000035_00001038.png
2024-09-30_11-19-38_0000015_00010108,USV,0.0008,0.9992,analysis\label_outliers\false_negative_candidates\spectrograms\2024-09-30_11-19-38_0000015_00010108.png
2024-09-30_11-21-01_0000034_00002797,USV,0.0008,0.9992,analysis\label_outliers\false_negative_candidates\spectrograms\2024-09-30_11-21-01_0000034_00002797.png
2024-09-30_11-19-00_0000007_00005280,USV,0.0011,0.9989,analysis\label_outliers\false_negative_candidates\spectrograms\2024-09-30_11-19-00_0000007_00005280.png
2024-09-30_11-19-34_0000014_00000984,USV,0.0012,0.9988,analysis\label_outliers\false_negative_candidates\spectrograms\2024-09-30_11-19-34_0000014_00000984.png
2024-09-30_11-19-19_0000012_00004557,USV,0.0012,0.9988,analysis\label_outliers\false_negative_candidates\spectrograms\2024-09-30_11-19-19_0000012_00004557.png
2024-09-30_11-21-01_0000034_00002288,USV,0.0014,0.9986,analysis\label_outliers\false_negative_candidates\spectrograms\2024-09-30_11-21-01_0000034_00002288.png
2024-09-30_11-20-45_0000030_00001226,USV,0.0016,0.9984,analysis\label_outliers\false_negative_candidates\spectrograms\2024-09-30_11-20-45_0000030_00001226.png
2024-09-30_11-18-57_0000006_00001171,USV,0.0017,0.9983,analysis\label_outliers\false_negative_candidates\spectrograms\2024-09-30_11-18-57_0000006_00001171.png
2024-09-30_11-19-38_0000015_00013656,USV,0.0018,0.9982,analysis\label_outliers\false_negative_candidates\spectrograms\2024-09-30_11-19-38_0000015_00013656.png
2024-09-30_11-20-14_0000022_00009263,USV,0.0021,0.9979,analysis\label_outliers\false_negative_candidates\spectrograms\2024-09-30_11-20-14_0000022_00009263.png
2024-09-30_11-19-09_0000008_00002397,USV,0.0024,0.9976,analysis\label_outliers\false_negative_candidates\spectrograms\2024-09-30_11-19-09_0000008_00002397.png
2024-09-30_11-18-52_0000005_00002929,USV,0.0029,0.9971,analysis\label_outliers\false_negative_candidates\spectrograms\2024-09-30_11-18-52_0000005_00002929.png
2024-09-30_11-19-00_0000007_00004836,USV,0.0034,0.9966,analysis\label_outliers\false_negative_candidates\spectrograms\2024-09-30_11-19-00_0000007_00004836.png
2024-09-30_11-19-58_0000018_00002654,USV,0.0035,0.9965,analysis\label_outliers\false_negative_candidates\spectrograms\2024-09-30_11-19-58_0000018_00002654.png
2024-09-30_11-19-38_0000015_00010333,USV,0.0038,0.9962,analysis\label_outliers\false_negative_candidates\spectrograms\2024-09-30_11-19-38_0000015_00010333.png
2024-09-30_11-19-19_0000012_00007045,USV,0.0039,0.9961,analysis\label_outliers\false_negative_candidates\spectrograms\2024-09-30_11-19-19_0000012_00007045.png
2024-09-30_11-21-01_0000034_00001248,USV,0.0041,0.9959,analysis\label_outliers\false_negative_candidates\spectrograms\2024-09-30_11-21-01_0000034_00001248.png
2024-09-30_11-21-34_0000043_00004026,USV,0.0045,0.9955,analysis\label_outliers\false_negative_candidates\spectrograms\2024-09-30_11-21-34_0000043_00004026.png
2024-09-30_11-19-09_0000008_00003252,USV,0.0106,0.9894,analysis\label_outliers\false_negative_candidates\spectrograms\2024-09-30_11-19-09_0000008_00003252.png
2024-09-30_11-19-38_0000015_00011618,USV,0.0138,0.9862,analysis\label_outliers\false_negative_candidates\spectrograms\2024-09-30_11-19-38_0000015_00011618.png
2024-09-30_11-18-34_0000004_00008983,USV,0.0153,0.9847,analysis\label_outliers\false_negative_candidates\spectrograms\2024-09-30_11-18-34_0000004_00008983.png
2024-09-30_11-18-57_0000006_00001298,USV,0.0164,0.9836,analysis\label_outliers\false_negative_candidates\spectrograms\2024-09-30_11-18-57_0000006_00001298.png
2024-09-30_11-20-41_0000029_00002342,USV,0.0271,0.9729,analysis\label_outliers\false_negative_candidates\spectrograms\2024-09-30_11-20-41_0000029_00002342.png
2024-09-30_11-20-41_0000029_00002986,USV,0.0295,0.9705,analysis\label_outliers\false_negative_candidates\spectrograms\2024-09-30_11-20-41_0000029_00002986.png
2024-09-30_11-21-07_0000035_00001256,USV,0.0340,0.9660,analysis\label_outliers\false_negative_candidates\spectrograms\2024-09-30_11-21-07_0000035_00001256.png
2024-09-30_11-21-07_0000035_00001128,USV,0.0539,0.9461,analysis\label_outliers\false_negative_candidates\spectrograms\2024-09-30_11-21-07_0000035_00001128.png
2024-09-30_11-21-01_0000034_00004815,USV,0.0774,0.9226,analysis\label_outliers\false_negative_candidates\spectrograms\2024-09-30_11-21-01_0000034_00004815.png
2024-09-30_11-19-09_0000008_00003107,USV,0.2034,0.7966,analysis\label_outliers\false_negative_candidates\spectrograms\2024-09-30_11-19-09_0000008_00003107.png
