candidate_id,source_file,start_ms,end_ms,duration_ms,context_start_ms,context_end_ms,peak_freq_hz,peak_energy_db,interference_flag,spectrogram_path,label
2024-09-30_11-18-34_0000004_noise_ca0835c5,2024-09-30_11-18-34_0000004.wav,5281.698762729543,5354.946530546324,73.24776781678065,5231.698762729543,5404.946530546324,0.0,0.0,False,noise_samples\2024-09-30_11-18-34_0000004_noise_ca0835c5.png,Not USV
2024-09-30_11-21-58_0000049_noise_82e93df9,2024-09-30_11-21-58_0000049.wav,1280.0366738189216,1322.3355245203134,42.29885070139176,1230.0366738189216,1372.3355245203134,0.0,0.0,False,noise_samples\2024-09-30_11-21-58_0000049_noise_82e93df9.png,Not USV
2024-09-30_11-20-14_0000022_noise_d63b9fda,2024-09-30_11-20-14_0000022.wav,8349.854257937119,8384.95328494082,35.09902700370185,8299.854257937119,8434.95328494082,0.0,0.0,False,noise_samples\2024-09-30_11-20-14_0000022_noise_d63b9fda.png,Not USV
2024-09-30_11-19-38_0000015_noise_35f9e604,2024-09-30_11-19-38_0000015.wav,692.1119472797436,761.581737054344,69.46978977460037,642.1119472797436,811.581737054344,0.0,0.0,False,noise_samples\2024-09-30_11-19-38_0000015_noise_35f9e604.png,Not USV
2024-09-30_11-19-38_0000015_noise_d6f8412f,2024-09-30_11-19-38_0000015.wav,12635.95185306639,12676.070811115573,40.118958049182766,12585.95185306639,12726.070811115573,0.0,0.0,False,noise_samples\2024-09-30_11-19-38_0000015_noise_d6f8412f.png,Not USV
2024-09-30_11-20-07_0000020_noise_a44a536f,2024-09-30_11-20-07_0000020.wav,453.99024892449603,492.34370577058274,38.353456846086715,403.99024892449603,542.3437057705828,0.0,0.0,False,noise_samples\2024-09-30_11-20-07_0000020_noise_a44a536f.png,Not USV
2024-09-30_11-21-26_0000040_noise_2442ee53,2024-09-30_11-21-26_0000040.wav,1976.2893852767595,2007.4230837191226,31.133698442363084,1926.2893852767595,2057.4230837191226,0.0,0.0,False,noise_samples\2024-09-30_11-21-26_0000040_noise_2442ee53.png,Not USV
2024-09-30_11-19-34_0000014_noise_8ad32bc2,2024-09-30_11-19-34_0000014.wav,792.9623597470752,866.0770599646024,73.11470021752723,742.9623597470752,916.0770599646024,0.0,0.0,False,noise_samples\2024-09-30_11-19-34_0000014_noise_8ad32bc2.png,Not USV
2024-09-30_11-21-34_0000043_noise_f1d094d6,2024-09-30_11-21-34_0000043.wav,1631.9554967499587,1721.2404428999093,89.28494614995066,1581.9554967499587,1771.2404428999093,0.0,0.0,False,noise_samples\2024-09-30_11-21-34_0000043_noise_f1d094d6.png,Not USV
2024-09-30_11-18-17_0000001_noise_ee0c1203,2024-09-30_11-18-17_0000001.wav,4043.7503080579054,4084.6016217236734,40.851313665767975,3993.7503080579054,4134.601621723674,0.0,0.0,False,noise_samples\2024-09-30_11-18-17_0000001_noise_ee0c1203.png,Not USV
2024-09-30_11-19-00_0000007_noise_aefe6222,2024-09-30_11-19-00_0000007.wav,7707.80006765996,7730.415070637336,22.615002977375298,7657.80006765996,7780.415070637336,0.0,0.0,False,noise_samples\2024-09-30_11-19-00_0000007_noise_aefe6222.png,Not USV
2024-09-30_11-19-19_0000012_noise_6456e69a,2024-09-30_11-19-19_0000012.wav,1632.084710983833,1687.1531991231216,55.06848813928855,1582.084710983833,1737.1531991231216,0.0,0.0,False,noise_samples\2024-09-30_11-19-19_0000012_noise_6456e69a.png,Not USV
2024-09-30_11-20-41_0000029_noise_91b3b774,2024-09-30_11-20-41_0000029.wav,2741.639347432341,2795.440937604087,53.801590171746284,2691.639347432341,2845.440937604087,0.0,0.0,False,noise_samples\2024-09-30_11-20-41_0000029_noise_91b3b774.png,Not USV
2024-09-30_11-21-26_0000040_noise_cdbca5f1,2024-09-30_11-21-26_0000040.wav,1773.2845841082067,1820.784499454287,47.49991534608034,1723.2845841082067,1870.784499454287,0.0,0.0,False,noise_samples\2024-09-30_11-21-26_0000040_noise_cdbca5f1.png,Not USV
2024-09-30_11-21-44_0000045_noise_1b0ad4d6,2024-09-30_11-21-44_0000045.wav,2174.1977738671376,2214.0693927641782,39.87161889704066,2124.1977738671376,2264.0693927641782,0.0,0.0,False,noise_samples\2024-09-30_11-21-44_0000045_noise_1b0ad4d6.png,Not USV
2024-09-30_11-19-09_0000008_noise_bec13e21,2024-09-30_11-19-09_0000008.wav,3581.2267826341795,3622.5099354692375,41.28315283505799,3531.2267826341795,3672.5099354692375,0.0,0.0,False,noise_samples\2024-09-30_11-19-09_0000008_noise_bec13e21.png,Not USV
2024-09-30_11-20-48_0000031_noise_8c1a453b,2024-09-30_11-20-48_0000031.wav,1105.9791192045668,1175.1771645762028,69.198045371636,1055.9791192045668,1225.1771645762028,0.0,0.0,False,noise_samples\2024-09-30_11-20-48_0000031_noise_8c1a453b.png,Not USV
2024-09-30_11-19-38_0000015_noise_515f7832,2024-09-30_11-19-38_0000015.wav,2199.612637404619,2241.7490488429044,42.13641143828545,2149.612637404619,2291.7490488429044,0.0,0.0,False,noise_samples\2024-09-30_11-19-38_0000015_noise_515f7832.png,Not USV
2024-09-30_11-20-53_0000032_noise_bab7e49c,2024-09-30_11-20-53_0000032.wav,158.8244923260665,243.07200118506591,84.24750885899942,108.82449232606649,293.0720011850659,0.0,0.0,False,noise_samples\2024-09-30_11-20-53_0000032_noise_bab7e49c.png,Not USV
2024-09-30_11-18-25_0000002_noise_b1d84e4f,2024-09-30_11-18-25_0000002.wav,329.80866939300836,383.94529763663456,54.136628243626205,279.80866939300836,433.94529763663456,0.0,0.0,False,noise_samples\2024-09-30_11-18-25_0000002_noise_b1d84e4f.png,Not USV
2024-09-30_11-21-48_0000046_noise_603524c7,2024-09-30_11-21-48_0000046.wav,1134.4651727494702,1210.1996032010927,75.73443045162253,1084.4651727494702,1260.1996032010927,0.0,0.0,False,noise_samples\2024-09-30_11-21-48_0000046_noise_603524c7.png,Not USV
2024-09-30_11-19-38_0000015_noise_c81f2bf2,2024-09-30_11-19-38_0000015.wav,15712.81005117743,15748.562841328594,35.752790151163936,15662.81005117743,15798.562841328594,0.0,0.0,False,noise_samples\2024-09-30_11-19-38_0000015_noise_c81f2bf2.png,Not USV
2024-09-30_11-20-35_0000027_noise_7a9f3aa9,2024-09-30_11-20-35_0000027.wav,226.72692000073397,290.5542208483954,63.827300847661434,176.72692000073397,340.5542208483954,0.0,0.0,False,noise_samples\2024-09-30_11-20-35_0000027_noise_7a9f3aa9.png,Not USV
2024-09-30_11-19-00_0000007_noise_47446209,2024-09-30_11-19-00_0000007.wav,8212.598828900085,8273.31840236722,60.71957346713498,8162.598828900085,8323.31840236722,0.0,0.0,False,noise_samples\2024-09-30_11-19-00_0000007_noise_47446209.png,Not USV
2024-09-30_11-18-34_0000004_noise_56112103,2024-09-30_11-18-34_0000004.wav,7815.047625456606,7881.873632414941,66.82600695833571,7765.047625456606,7931.873632414941,0.0,0.0,False,noise_samples\2024-09-30_11-18-34_0000004_noise_56112103.png,Not USV
2024-09-30_11-19-31_0000013_noise_2371b439,2024-09-30_11-19-31_0000013.wav,574.9188872585577,634.7237176694766,59.80483041091895,524.9188872585577,684.7237176694766,0.0,0.0,False,noise_samples\2024-09-30_11-19-31_0000013_noise_2371b439.png,Not USV
2024-09-30_11-18-17_0000001_noise_79f3132c,2024-09-30_11-18-17_0000001.wav,6496.557430239396,6539.151262344918,42.59383210552187,6446.557430239396,6589.151262344918,0.0,0.0,False,noise_samples\2024-09-30_11-18-17_0000001_noise_79f3132c.png,Not USV
2024-09-30_11-18-34_0000004_noise_9a8c3fcc,2024-09-30_11-18-34_0000004.wav,8690.843807552315,8737.703684491986,46.85987693967036,8640.843807552315,8787.703684491986,0.0,0.0,False,noise_samples\2024-09-30_11-18-34_0000004_noise_9a8c3fcc.png,Not USV
2024-09-30_11-21-26_0000040_noise_9653e237,2024-09-30_11-21-26_0000040.wav,1808.1167567253951,1903.668746544343,95.55198981894796,1758.1167567253951,1953.668746544343,0.0,0.0,False,noise_samples\2024-09-30_11-21-26_0000040_noise_9653e237.png,Not USV
2024-09-30_11-18-34_0000004_noise_73939e11,2024-09-30_11-18-34_0000004.wav,10192.033364880072,10288.23682923718,96.2034643571078,10142.033364880072,10338.23682923718,0.0,0.0,False,noise_samples\2024-09-30_11-18-34_0000004_noise_73939e11.png,Not USV
2024-09-30_11-19-54_0000016_noise_6243a5f9,2024-09-30_11-19-54_0000016.wav,196.25812914173645,290.68040231484673,94.42227317311028,146.25812914173645,340.68040231484673,0.0,0.0,False,noise_samples\2024-09-30_11-19-54_0000016_noise_6243a5f9.png,Not USV
2024-09-30_11-18-52_0000005_noise_84a4c955,2024-09-30_11-18-52_0000005.wav,1975.1106903642897,2020.1426476273134,45.03195726302374,1925.1106903642897,2070.1426476273136,0.0,0.0,False,noise_samples\2024-09-30_11-18-52_0000005_noise_84a4c955.png,Not USV
2024-09-30_11-20-26_0000023_noise_82a55151,2024-09-30_11-20-26_0000023.wav,569.520570681417,654.4122085617718,84.89163788035478,519.520570681417,704.4122085617718,0.0,0.0,False,noise_samples\2024-09-30_11-20-26_0000023_noise_82a55151.png,Not USV
2024-09-30_11-19-19_0000012_noise_e4b9c9fb,2024-09-30_11-19-19_0000012.wav,3872.357966214753,3927.735869124364,55.37790290961084,3822.357966214753,3977.735869124364,0.0,0.0,False,noise_samples\2024-09-30_11-19-19_0000012_noise_e4b9c9fb.png,Not USV
2024-09-30_11-20-29_0000024_noise_65271d20,2024-09-30_11-20-29_0000024.wav,51.08415937171864,146.36260267140653,95.2784432996879,1.0841593717186413,196.36260267140653,0.0,0.0,False,noise_samples\2024-09-30_11-20-29_0000024_noise_65271d20.png,Not USV
2024-09-30_11-19-31_0000013_noise_3984225a,2024-09-30_11-19-31_0000013.wav,1339.1423568477355,1435.390528764336,96.24817191660054,1289.1423568477355,1485.390528764336,0.0,0.0,False,noise_samples\2024-09-30_11-19-31_0000013_noise_3984225a.png,Not USV
2024-09-30_11-18-17_0000001_noise_4db6b849,2024-09-30_11-18-17_0000001.wav,5524.0387270250485,5600.06480384056,76.02607681551126,5474.0387270250485,5650.06480384056,0.0,0.0,False,noise_samples\2024-09-30_11-18-17_0000001_noise_4db6b849.png,Not USV
2024-09-30_11-19-00_0000007_noise_22942aca,2024-09-30_11-19-00_0000007.wav,8290.619863779011,8318.792327831137,28.172464052126088,8240.619863779011,8368.792327831137,0.0,0.0,False,noise_samples\2024-09-30_11-19-00_0000007_noise_22942aca.png,Not USV
2024-09-30_11-19-19_0000012_noise_a148340e,2024-09-30_11-19-19_0000012.wav,4979.567387708424,5056.829938925344,77.26255121692066,4929.567387708424,5106.829938925344,0.0,0.0,False,noise_samples\2024-09-30_11-19-19_0000012_noise_a148340e.png,Not USV
2024-09-30_11-19-58_0000018_noise_16befa5f,2024-09-30_11-19-58_0000018.wav,1546.364666381202,1627.5404982423217,81.17583186111983,1496.364666381202,1677.5404982423217,0.0,0.0,False,noise_samples\2024-09-30_11-19-58_0000018_noise_16befa5f.png,Not USV
2024-09-30_11-18-17_0000001_noise_92ed1fa1,2024-09-30_11-18-17_0000001.wav,5521.862994734762,5584.423028521667,62.56003378690548,5471.862994734762,5634.423028521667,0.0,0.0,False,noise_samples\2024-09-30_11-18-17_0000001_noise_92ed1fa1.png,Not USV
2024-09-30_11-21-07_0000035_noise_3d66dbc5,2024-09-30_11-21-07_0000035.wav,1899.417575433296,1991.0930394912577,91.67546405796179,1849.417575433296,2041.0930394912577,0.0,0.0,False,noise_samples\2024-09-30_11-21-07_0000035_noise_3d66dbc5.png,Not USV
2024-09-30_11-19-34_0000014_noise_e162f806,2024-09-30_11-19-34_0000014.wav,1112.404821251534,1149.3333698705487,36.92854861901469,1062.404821251534,1199.3333698705487,0.0,0.0,False,noise_samples\2024-09-30_11-19-34_0000014_noise_e162f806.png,Not USV
2024-09-30_11-21-14_0000036_noise_57ff7c46,2024-09-30_11-21-14_0000036.wav,640.9344549639684,716.2147043288089,75.28024936484053,590.9344549639684,766.2147043288089,0.0,0.0,False,noise_samples\2024-09-30_11-21-14_0000036_noise_57ff7c46.png,Not USV
2024-09-30_11-18-52_0000005_noise_6313c75a,2024-09-30_11-18-52_0000005.wav,1545.359389327127,1566.9051893104254,21.545799983298366,1495.359389327127,1616.9051893104254,0.0,0.0,False,noise_samples\2024-09-30_11-18-52_0000005_noise_6313c75a.png,Not USV
2024-09-30_11-21-28_0000041_noise_a47a5b05,2024-09-30_11-21-28_0000041.wav,505.0258858042264,588.3764562188412,83.35057041461482,455.0258858042264,638.3764562188412,0.0,0.0,False,noise_samples\2024-09-30_11-21-28_0000041_noise_a47a5b05.png,Not USV
2024-09-30_11-20-34_0000026_noise_112334b9,2024-09-30_11-20-34_0000026.wav,2375.866470288575,2437.83774390251,61.971273613934954,2325.866470288575,2487.83774390251,0.0,0.0,False,noise_samples\2024-09-30_11-20-34_0000026_noise_112334b9.png,Not USV
2024-09-30_11-20-03_0000019_noise_6a70d98f,2024-09-30_11-20-03_0000019.wav,250.88488069365826,302.686014557289,51.80113386363075,200.88488069365826,352.686014557289,0.0,0.0,False,noise_samples\2024-09-30_11-20-03_0000019_noise_6a70d98f.png,Not USV
2024-09-30_11-21-22_0000038_noise_5521d6d0,2024-09-30_11-21-22_0000038.wav,181.49239035037996,224.02396069504243,42.53157034466247,131.49239035037996,274.02396069504243,0.0,0.0,False,noise_samples\2024-09-30_11-21-22_0000038_noise_5521d6d0.png,Not USV
2024-09-30_11-19-09_0000008_noise_21b4c901,2024-09-30_11-19-09_0000008.wav,1150.3085361919593,1228.825634898294,78.51709870633476,1100.3085361919593,1278.825634898294,0.0,0.0,False,noise_samples\2024-09-30_11-19-09_0000008_noise_21b4c901.png,Not USV
2024-09-30_11-18-17_0000001_noise_ca4f71d5,2024-09-30_11-18-17_0000001.wav,7597.5849563812035,7645.18204811906,47.59709173785632,7547.5849563812035,7695.18204811906,0.0,0.0,False,noise_samples\2024-09-30_11-18-17_0000001_noise_ca4f71d5.png,Not USV
2024-09-30_11-19-19_0000012_noise_4d032330,2024-09-30_11-19-19_0000012.wav,914.8089667959229,950.3699915221792,35.56102472625639,864.8089667959229,1000.3699915221792,0.0,0.0,False,noise_samples\2024-09-30_11-19-19_0000012_noise_4d032330.png,Not USV
2024-09-30_11-19-34_0000014_noise_22743f79,2024-09-30_11-19-34_0000014.wav,857.8624538804484,919.5291766590026,61.66672277855423,807.8624538804484,969.5291766590026,0.0,0.0,False,noise_samples\2024-09-30_11-19-34_0000014_noise_22743f79.png,Not USV
2024-09-30_11-21-07_0000035_noise_e68d304a,2024-09-30_11-21-07_0000035.wav,2413.163084451706,2440.800828159498,27.637743707792197,2363.163084451706,2490.800828159498,0.0,0.0,False,noise_samples\2024-09-30_11-21-07_0000035_noise_e68d304a.png,Not USV
2024-09-30_11-20-35_0000027_noise_f2e2b327,2024-09-30_11-20-35_0000027.wav,1761.4819944631338,1800.4929185063256,39.010924043191835,1711.4819944631338,1850.4929185063256,0.0,0.0,False,noise_samples\2024-09-30_11-20-35_0000027_noise_f2e2b327.png,Not USV
2024-09-30_11-21-07_0000035_noise_0f73db2e,2024-09-30_11-21-07_0000035.wav,4530.774440003523,4615.65311684028,84.87867683675722,4480.774440003523,4665.65311684028,0.0,0.0,False,noise_samples\2024-09-30_11-21-07_0000035_noise_0f73db2e.png,Not USV
2024-09-30_11-21-18_0000037_noise_8118b7b9,2024-09-30_11-21-18_0000037.wav,2155.922520693281,2231.764666940258,75.84214624697688,2105.922520693281,2281.764666940258,0.0,0.0,False,noise_samples\2024-09-30_11-21-18_0000037_noise_8118b7b9.png,Not USV
2024-09-30_11-21-18_0000037_noise_64c38a9a,2024-09-30_11-21-18_0000037.wav,1333.0680185815704,1393.020827810239,59.952809228668684,1283.0680185815704,1443.020827810239,0.0,0.0,False,noise_samples\2024-09-30_11-21-18_0000037_noise_64c38a9a.png,Not USV
2024-09-30_11-21-30_0000042_noise_af5bb916,2024-09-30_11-21-30_0000042.wav,2715.177817794069,2785.37160755707,70.19378976300095,2665.177817794069,2835.37160755707,0.0,0.0,False,noise_samples\2024-09-30_11-21-30_0000042_noise_af5bb916.png,Not USV
2024-09-30_11-20-53_0000032_noise_28724e24,2024-09-30_11-20-53_0000032.wav,1114.43621542545,1139.4757431741032,25.0395277486532,1064.43621542545,1189.4757431741032,0.0,0.0,False,noise_samples\2024-09-30_11-20-53_0000032_noise_28724e24.png,Not USV
2024-09-30_11-19-19_0000012_noise_882a2515,2024-09-30_11-19-19_0000012.wav,7300.406779000449,7335.163623103541,34.75684410309168,7250.406779000449,7385.163623103541,0.0,0.0,False,noise_samples\2024-09-30_11-19-19_0000012_noise_882a2515.png,Not USV
2024-09-30_11-19-38_0000015_noise_a19a90ae,2024-09-30_11-19-38_0000015.wav,2090.6073599686533,2118.436691931624,27.829331962970628,2040.6073599686533,2168.436691931624,0.0,0.0,False,noise_samples\2024-09-30_11-19-38_0000015_noise_a19a90ae.png,Not USV
2024-09-30_11-19-58_0000018_noise_e1279753,2024-09-30_11-19-58_0000018.wav,3176.738073125793,3253.070193591606,76.33212046581275,3126.738073125793,3303.070193591606,0.0,0.0,False,noise_samples\2024-09-30_11-19-58_0000018_noise_e1279753.png,Not USV
2024-09-30_11-20-41_0000029_noise_47e02c1d,2024-09-30_11-20-41_0000029.wav,646.4920526300878,681.1384854481569,34.646432818069115,596.4920526300878,731.1384854481569,0.0,0.0,False,noise_samples\2024-09-30_11-20-41_0000029_noise_47e02c1d.png,Not USV
2024-09-30_11-19-38_0000015_noise_69aa7ed0,2024-09-30_11-19-38_0000015.wav,14328.74601489715,14368.921925553725,40.17591065657507,14278.74601489715,14418.921925553725,0.0,0.0,False,noise_samples\2024-09-30_11-19-38_0000015_noise_69aa7ed0.png,Not USV
2024-09-30_11-20-53_0000032_noise_29b24615,2024-09-30_11-20-53_0000032.wav,1621.7740787600458,1696.0604533183034,74.28637455825765,1571.7740787600458,1746.0604533183034,0.0,0.0,False,noise_samples\2024-09-30_11-20-53_0000032_noise_29b24615.png,Not USV
2024-09-30_11-20-56_0000033_noise_012bf969,2024-09-30_11-20-56_0000033.wav,671.7032564912871,770.5905696216262,98.88731313033907,621.7032564912871,820.5905696216262,0.0,0.0,False,noise_samples\2024-09-30_11-20-56_0000033_noise_012bf969.png,Not USV
2024-09-30_11-21-50_0000047_noise_2c831444,2024-09-30_11-21-50_0000047.wav,5191.57500587492,5220.389266425327,28.814260550407198,5141.57500587492,5270.389266425327,0.0,0.0,False,noise_samples\2024-09-30_11-21-50_0000047_noise_2c831444.png,Not USV
2024-09-30_11-19-16_0000011_noise_3a61a6c7,2024-09-30_11-19-16_0000011.wav,873.5079251256768,953.0861914226997,79.57826629702288,823.5079251256768,1003.0861914226997,0.0,0.0,False,noise_samples\2024-09-30_11-19-16_0000011_noise_3a61a6c7.png,Not USV
2024-09-30_11-20-45_0000030_noise_04c73a3a,2024-09-30_11-20-45_0000030.wav,716.3861543780877,784.8417592485454,68.4556048704577,666.3861543780877,834.8417592485454,0.0,0.0,False,noise_samples\2024-09-30_11-20-45_0000030_noise_04c73a3a.png,Not USV
2024-09-30_11-18-34_0000004_noise_05044801,2024-09-30_11-18-34_0000004.wav,7294.470630586455,7318.360273063378,23.889642476923655,7244.470630586455,7368.360273063378,0.0,0.0,False,noise_samples\2024-09-30_11-18-34_0000004_noise_05044801.png,Not USV
2024-09-30_11-21-07_0000035_noise_a5d1fd16,2024-09-30_11-21-07_0000035.wav,4261.517180619056,4315.821529607441,54.304348988385755,4211.517180619056,4365.821529607441,0.0,0.0,False,noise_samples\2024-09-30_11-21-07_0000035_noise_a5d1fd16.png,Not USV
2024-09-30_11-19-19_0000012_noise_fead725e,2024-09-30_11-19-19_0000012.wav,5383.442418573065,5455.120608414052,71.67818984098722,5333.442418573065,5505.120608414052,0.0,0.0,False,noise_samples\2024-09-30_11-19-19_0000012_noise_fead725e.png,Not USV
2024-09-30_11-19-19_0000012_noise_3e9e8170,2024-09-30_11-19-19_0000012.wav,317.70871891399713,366.7369518290727,49.02823291507559,267.70871891399713,416.7369518290727,0.0,0.0,False,noise_samples\2024-09-30_11-19-19_0000012_noise_3e9e8170.png,Not USV
2024-09-30_11-20-14_0000022_noise_58422717,2024-09-30_11-20-14_0000022.wav,3777.632306066734,3851.3661063602913,73.73380029355712,3727.632306066734,3901.3661063602913,0.0,0.0,False,noise_samples\2024-09-30_11-20-14_0000022_noise_58422717.png,Not USV
2024-09-30_11-19-38_0000015_noise_994b5ccb,2024-09-30_11-19-38_0000015.wav,8448.993518375917,8470.097028611954,21.103510236036527,8398.993518375917,8520.097028611954,0.0,0.0,False,noise_samples\2024-09-30_11-19-38_0000015_noise_994b5ccb.png,Not USV
2024-09-30_11-20-14_0000022_noise_4fb7bfb1,2024-09-30_11-20-14_0000022.wav,293.4996284252868,361.58525936869034,68.08563094340354,243.4996284252868,411.58525936869034,0.0,0.0,False,noise_samples\2024-09-30_11-20-14_0000022_noise_4fb7bfb1.png,Not USV
2024-09-30_11-21-24_0000039_noise_64f42ce5,2024-09-30_11-21-24_0000039.wav,1774.2013954451295,1820.180530268183,45.97913482305353,1724.2013954451295,1870.180530268183,0.0,0.0,False,noise_samples\2024-09-30_11-21-24_0000039_noise_64f42ce5.png,Not USV
2024-09-30_11-20-14_0000022_noise_0847b70a,2024-09-30_11-20-14_0000022.wav,9695.422633580181,9766.352726117932,70.93009253775017,9645.422633580181,9816.352726117932,0.0,0.0,False,noise_samples\2024-09-30_11-20-14_0000022_noise_0847b70a.png,Not USV
2024-09-30_11-21-14_0000036_noise_8f40d0bd,2024-09-30_11-21-14_0000036.wav,3740.9853189021587,3806.406071715395,65.42075281323605,3690.9853189021587,3856.406071715395,0.0,0.0,False,noise_samples\2024-09-30_11-21-14_0000036_noise_8f40d0bd.png,Not USV
2024-09-30_11-21-50_0000047_noise_93ea1ce6,2024-09-30_11-21-50_0000047.wav,4908.737998319147,4959.555589613411,50.817591294264275,4858.737998319147,5009.555589613411,0.0,0.0,False,noise_samples\2024-09-30_11-21-50_0000047_noise_93ea1ce6.png,Not USV
2024-09-30_11-19-16_0000011_noise_c5305bf9,2024-09-30_11-19-16_0000011.wav,2687.6337787375364,2749.4468211844187,61.813042446882264,2637.6337787375364,2799.4468211844187,0.0,0.0,False,noise_samples\2024-09-30_11-19-16_0000011_noise_c5305bf9.png,Not USV
2024-09-30_11-19-00_0000007_noise_daa120ed,2024-09-30_11-19-00_0000007.wav,8996.762448912075,9095.586372738304,98.82392382622857,8946.762448912075,9145.586372738304,0.0,0.0,False,noise_samples\2024-09-30_11-19-00_0000007_noise_daa120ed.png,Not USV
2024-09-30_11-19-38_0000015_noise_ce9cd02c,2024-09-30_11-19-38_0000015.wav,7547.144875246755,7568.476555940411,21.33168069365638,7497.144875246755,7618.476555940411,0.0,0.0,False,noise_samples\2024-09-30_11-19-38_0000015_noise_ce9cd02c.png,Not USV
2024-09-30_11-20-53_0000032_noise_6314a3a0,2024-09-30_11-20-53_0000032.wav,4010.9768526674593,4103.585588130355,92.60873546289577,3960.9768526674593,4153.585588130355,0.0,0.0,False,noise_samples\2024-09-30_11-20-53_0000032_noise_6314a3a0.png,Not USV
2024-09-30_11-18-27_0000003_noise_0311b479,2024-09-30_11-18-27_0000003.wav,1393.0134177777306,1464.4330751861594,71.41965740842875,1343.0134177777306,1514.4330751861594,0.0,0.0,False,noise_samples\2024-09-30_11-18-27_0000003_noise_0311b479.png,Not USV
2024-09-30_11-19-54_0000016_noise_80f3b3a1,2024-09-30_11-19-54_0000016.wav,378.0112055764096,428.08380617615614,50.07260059974652,328.0112055764096,478.08380617615614,0.0,0.0,False,noise_samples\2024-09-30_11-19-54_0000016_noise_80f3b3a1.png,Not USV
2024-09-30_11-19-09_0000008_noise_6f535677,2024-09-30_11-19-09_0000008.wav,654.3443467644496,695.2410582974387,40.896711532989116,604.3443467644496,745.2410582974387,0.0,0.0,False,noise_samples\2024-09-30_11-19-09_0000008_noise_6f535677.png,Not USV
2024-09-30_11-19-38_0000015_noise_d7992ed7,2024-09-30_11-19-38_0000015.wav,165.07461814732517,206.15211292350938,41.07749477618421,115.07461814732517,256.1521129235094,0.0,0.0,False,noise_samples\2024-09-30_11-19-38_0000015_noise_d7992ed7.png,Not USV
2024-09-30_11-20-14_0000022_noise_0b4019dd,2024-09-30_11-20-14_0000022.wav,10888.65346966281,10967.36636333516,78.71289367235113,10838.65346966281,11017.36636333516,0.0,0.0,False,noise_samples\2024-09-30_11-20-14_0000022_noise_0b4019dd.png,Not USV
2024-09-30_11-20-45_0000030_noise_caeed54a,2024-09-30_11-20-45_0000030.wav,2694.7446916810436,2739.784667389314,45.039975708270504,2644.7446916810436,2789.784667389314,0.0,0.0,False,noise_samples\2024-09-30_11-20-45_0000030_noise_caeed54a.png,Not USV
2024-09-30_11-19-19_0000012_noise_2112fd94,2024-09-30_11-19-19_0000012.wav,2422.07339167144,2451.3945334254317,29.321141753991924,2372.07339167144,2501.3945334254317,0.0,0.0,False,noise_samples\2024-09-30_11-19-19_0000012_noise_2112fd94.png,Not USV
2024-09-30_11-21-57_0000048_noise_cb7cae56,2024-09-30_11-21-57_0000048.wav,817.2588195948816,889.4966774856512,72.23785789076953,767.2588195948816,939.4966774856512,0.0,0.0,False,noise_samples\2024-09-30_11-21-57_0000048_noise_cb7cae56.png,Not USV
2024-09-30_11-21-26_0000040_noise_5e7cb651,2024-09-30_11-21-26_0000040.wav,2126.4139755888787,2185.155195591217,58.741220002338196,2076.4139755888787,2235.155195591217,0.0,0.0,False,noise_samples\2024-09-30_11-21-26_0000040_noise_5e7cb651.png,Not USV
2024-09-30_11-20-48_0000031_noise_d478ea4e,2024-09-30_11-20-48_0000031.wav,417.081988184487,509.16705169346574,92.08506350897875,367.081988184487,559.1670516934657,0.0,0.0,False,noise_samples\2024-09-30_11-20-48_0000031_noise_d478ea4e.png,Not USV
2024-09-30_11-19-12_0000009_noise_8123de46,2024-09-30_11-19-12_0000009.wav,1909.627402820567,1965.4049597060148,55.777556885447666,1859.627402820567,2015.4049597060148,0.0,0.0,False,noise_samples\2024-09-30_11-19-12_0000009_noise_8123de46.png,Not USV
2024-09-30_11-21-48_0000046_noise_8bfe03cc,2024-09-30_11-21-48_0000046.wav,66.46605348381885,108.59185135498893,42.12579787117008,16.466053483818854,158.59185135498893,0.0,0.0,False,noise_samples\2024-09-30_11-21-48_0000046_noise_8bfe03cc.png,Not USV
2024-09-30_11-19-19_0000012_noise_2ad0c308,2024-09-30_11-19-19_0000012.wav,7335.483969225935,7406.714914054572,71.2309448286369,7285.483969225935,7456.714914054572,0.0,0.0,False,noise_samples\2024-09-30_11-19-19_0000012_noise_2ad0c308.png,Not USV
2024-09-30_11-21-40_0000044_noise_987ab09e,2024-09-30_11-21-40_0000044.wav,269.75626446079866,361.3885982711943,91.63233381039566,219.75626446079866,411.3885982711943,0.0,0.0,False,noise_samples\2024-09-30_11-21-40_0000044_noise_987ab09e.png,Not USV
2024-09-30_11-21-07_0000035_noise_8b414062,2024-09-30_11-21-07_0000035.wav,1908.328277790834,1973.8703984455724,65.54212065473848,1858.328277790834,2023.8703984455724,0.0,0.0,False,noise_samples\2024-09-30_11-21-07_0000035_noise_8b414062.png,Not USV
2024-09-30_11-21-40_0000044_noise_87ab41e0,2024-09-30_11-21-40_0000044.wav,443.0135134989174,514.0874326532058,71.07391915428843,393.0135134989174,564.0874326532058,0.0,0.0,False,noise_samples\2024-09-30_11-21-40_0000044_noise_87ab41e0.png,Not USV
2024-09-30_11-18-27_0000003_noise_514429f0,2024-09-30_11-18-27_0000003.wav,6158.076953981569,6256.674305962274,98.59735198070484,6108.076953981569,6306.674305962274,0.0,0.0,False,noise_samples\2024-09-30_11-18-27_0000003_noise_514429f0.png,Not USV
2024-09-30_11-20-09_0000021_noise_86e5e08e,2024-09-30_11-20-09_0000021.wav,774.9666352841733,868.0276547092951,93.0610194251218,724.9666352841733,918.0276547092951,0.0,0.0,False,noise_samples\2024-09-30_11-20-09_0000021_noise_86e5e08e.png,Not USV
2024-09-30_11-18-52_0000005_noise_3e2715b8,2024-09-30_11-18-52_0000005.wav,528.0149800023041,566.6992058759711,38.684225873666946,478.0149800023041,616.6992058759711,0.0,0.0,False,noise_samples\2024-09-30_11-18-52_0000005_noise_3e2715b8.png,Not USV
2024-09-30_11-20-35_0000027_noise_90427911,2024-09-30_11-20-35_0000027.wav,1977.7243276783022,2066.3697484003396,88.64542072203744,1927.7243276783022,2116.3697484003396,0.0,0.0,False,noise_samples\2024-09-30_11-20-35_0000027_noise_90427911.png,Not USV
2024-09-30_11-21-30_0000042_noise_2cedb5ba,2024-09-30_11-21-30_0000042.wav,1170.6142818550295,1247.4408723340443,76.82659047901484,1120.6142818550295,1297.4408723340443,0.0,0.0,False,noise_samples\2024-09-30_11-21-30_0000042_noise_2cedb5ba.png,Not USV
2024-09-30_11-20-45_0000030_noise_36de4db7,2024-09-30_11-20-45_0000030.wav,2784.469309315387,2874.6674437323472,90.19813441696033,2734.469309315387,2924.6674437323472,0.0,0.0,False,noise_samples\2024-09-30_11-20-45_0000030_noise_36de4db7.png,Not USV
2024-09-30_11-19-34_0000014_noise_740ba4a0,2024-09-30_11-19-34_0000014.wav,563.0823149244161,592.979866985003,29.897552060586918,513.0823149244161,642.979866985003,0.0,0.0,False,noise_samples\2024-09-30_11-19-34_0000014_noise_740ba4a0.png,Not USV
2024-09-30_11-21-30_0000042_noise_9b8e8a7d,2024-09-30_11-21-30_0000042.wav,3154.0658134374466,3193.1364308004568,39.070617363010115,3104.0658134374466,3243.1364308004568,0.0,0.0,False,noise_samples\2024-09-30_11-21-30_0000042_noise_9b8e8a7d.png,Not USV
2024-09-30_11-21-40_0000044_noise_8f81641e,2024-09-30_11-21-40_0000044.wav,329.4888707514585,374.1126612533459,44.62379050188741,279.4888707514585,424.1126612533459,0.0,0.0,False,noise_samples\2024-09-30_11-21-40_0000044_noise_8f81641e.png,Not USV
2024-09-30_11-21-28_0000041_noise_04c408c7,2024-09-30_11-21-28_0000041.wav,472.8715215132517,554.2234126172872,81.35189110403547,422.8715215132517,604.2234126172872,0.0,0.0,False,noise_samples\2024-09-30_11-21-28_0000041_noise_04c408c7.png,Not USV
2024-09-30_11-21-30_0000042_noise_90fe8b5f,2024-09-30_11-21-30_0000042.wav,3146.3848261303187,3219.802488842256,73.41766271193728,3096.3848261303187,3269.802488842256,0.0,0.0,False,noise_samples\2024-09-30_11-21-30_0000042_noise_90fe8b5f.png,Not USV
2024-09-30_11-19-38_0000015_noise_bb46e377,2024-09-30_11-19-38_0000015.wav,7534.349703477124,7576.790519411969,42.44081593484498,7484.349703477124,7626.790519411969,0.0,0.0,False,noise_samples\2024-09-30_11-19-38_0000015_noise_bb46e377.png,Not USV
2024-09-30_11-21-24_0000039_noise_f9a13535,2024-09-30_11-21-24_0000039.wav,1796.4453755302045,1876.4497043841448,80.00432885394025,1746.4453755302045,1926.4497043841448,0.0,0.0,False,noise_samples\2024-09-30_11-21-24_0000039_noise_f9a13535.png,Not USV
2024-09-30_11-20-03_0000019_noise_364214a1,2024-09-30_11-20-03_0000019.wav,1836.0299177112558,1909.4258363168087,73.39591860555288,1786.0299177112558,1959.4258363168087,0.0,0.0,False,noise_samples\2024-09-30_11-20-03_0000019_noise_364214a1.png,Not USV
2024-09-30_11-19-38_0000015_noise_09aa3cfa,2024-09-30_11-19-38_0000015.wav,4624.797740590315,4705.866004096633,81.06826350631854,4574.797740590315,4755.866004096633,0.0,0.0,False,noise_samples\2024-09-30_11-19-38_0000015_noise_09aa3cfa.png,Not USV
2024-09-30_11-18-34_0000004_noise_b9ada7d9,2024-09-30_11-18-34_0000004.wav,9931.985514814489,9962.948494552831,30.962979738342256,9881.985514814489,10012.948494552831,0.0,0.0,False,noise_samples\2024-09-30_11-18-34_0000004_noise_b9ada7d9.png,Not USV
2024-09-30_11-19-34_0000014_noise_2843d2dc,2024-09-30_11-19-34_0000014.wav,3502.3230611993927,3592.734998031833,90.41193683244046,3452.3230611993927,3642.734998031833,0.0,0.0,False,noise_samples\2024-09-30_11-19-34_0000014_noise_2843d2dc.png,Not USV
2024-09-30_11-20-26_0000023_noise_e58fba79,2024-09-30_11-20-26_0000023.wav,2257.921933424125,2342.9046392064383,84.98270578231313,2207.921933424125,2392.9046392064383,0.0,0.0,False,noise_samples\2024-09-30_11-20-26_0000023_noise_e58fba79.png,Not USV
2024-09-30_11-21-07_0000035_noise_4d25da19,2024-09-30_11-21-07_0000035.wav,2666.6265613525047,2722.676059475127,56.04949812262248,2616.6265613525047,2772.676059475127,0.0,0.0,False,noise_samples\2024-09-30_11-21-07_0000035_noise_4d25da19.png,Not USV
2024-09-30_11-21-14_0000036_noise_8fff0d9b,2024-09-30_11-21-14_0000036.wav,3884.2595499503363,3946.770797325984,62.5112473756476,3834.2595499503363,3996.770797325984,0.0,0.0,False,noise_samples\2024-09-30_11-21-14_0000036_noise_8fff0d9b.png,Not USV
2024-09-30_11-21-01_0000034_noise_40c2ea27,2024-09-30_11-21-01_0000034.wav,775.5303730999142,829.9491100383074,54.41873693839318,725.5303730999142,879.9491100383074,0.0,0.0,False,noise_samples\2024-09-30_11-21-01_0000034_noise_40c2ea27.png,Not USV
2024-09-30_11-20-35_0000027_noise_2304933d,2024-09-30_11-20-35_0000027.wav,1711.7278956302462,1805.6856551101166,93.95775947987045,1661.7278956302462,1855.6856551101166,0.0,0.0,False,noise_samples\2024-09-30_11-20-35_0000027_noise_2304933d.png,Not USV
2024-09-30_11-19-38_0000015_noise_cc923269,2024-09-30_11-19-38_0000015.wav,2324.5325497775907,2351.098875486963,26.56632570937245,2274.5325497775907,2401.098875486963,0.0,0.0,False,noise_samples\2024-09-30_11-19-38_0000015_noise_cc923269.png,Not USV
2024-09-30_11-19-19_0000012_noise_13654f7d,2024-09-30_11-19-19_0000012.wav,4235.693880014822,4297.865674074699,62.17179405987736,4185.693880014822,4347.865674074699,0.0,0.0,False,noise_samples\2024-09-30_11-19-19_0000012_noise_13654f7d.png,Not USV
2024-09-30_11-21-50_0000047_noise_09a2ef1f,2024-09-30_11-21-50_0000047.wav,1395.9847665032278,1429.0210742530394,33.03630774981161,1345.9847665032278,1479.0210742530394,0.0,0.0,False,noise_samples\2024-09-30_11-21-50_0000047_noise_09a2ef1f.png,Not USV
2024-09-30_11-20-29_0000024_noise_c85c1fe6,2024-09-30_11-20-29_0000024.wav,1381.9520308778492,1474.330463666887,92.37843278903779,1331.9520308778492,1524.330463666887,0.0,0.0,False,noise_samples\2024-09-30_11-20-29_0000024_noise_c85c1fe6.png,Not USV
2024-09-30_11-20-14_0000022_noise_f55217b4,2024-09-30_11-20-14_0000022.wav,3229.795670731074,3317.008859752238,87.213189021164,3179.795670731074,3367.008859752238,0.0,0.0,False,noise_samples\2024-09-30_11-20-14_0000022_noise_f55217b4.png,Not USV
2024-09-30_11-21-40_0000044_noise_d1c025fb,2024-09-30_11-21-40_0000044.wav,220.25040509456943,298.392103036713,78.1416979421436,170.25040509456943,348.392103036713,0.0,0.0,False,noise_samples\2024-09-30_11-21-40_0000044_noise_d1c025fb.png,Not USV
2024-09-30_11-20-29_0000024_noise_9d1689b6,2024-09-30_11-20-29_0000024.wav,659.6331670105728,747.1281259487779,87.49495893820506,609.6331670105728,797.1281259487779,0.0,0.0,False,noise_samples\2024-09-30_11-20-29_0000024_noise_9d1689b6.png,Not USV
2024-09-30_11-19-12_0000009_noise_11f364ef,2024-09-30_11-19-12_0000009.wav,1816.3584020375417,1894.673443074772,78.31504103723023,1766.3584020375417,1944.673443074772,0.0,0.0,False,noise_samples\2024-09-30_11-19-12_0000009_noise_11f364ef.png,Not USV
2024-09-30_11-18-25_0000002_noise_2d5fb8e6,2024-09-30_11-18-25_0000002.wav,259.96289123981705,290.3120452425907,30.349154002773673,209.96289123981705,340.3120452425907,0.0,0.0,False,noise_samples\2024-09-30_11-18-25_0000002_noise_2d5fb8e6.png,Not USV
2024-09-30_11-19-19_0000012_noise_c7abc494,2024-09-30_11-19-19_0000012.wav,5473.811160089573,5537.017847105778,63.20668701620525,5423.811160089573,5587.017847105778,0.0,0.0,False,noise_samples\2024-09-30_11-19-19_0000012_noise_c7abc494.png,Not USV
2024-09-30_11-20-45_0000030_noise_a972115f,2024-09-30_11-20-45_0000030.wav,3394.6177759472457,3473.5388376989654,78.92106175171966,3344.6177759472457,3523.5388376989654,0.0,0.0,False,noise_samples\2024-09-30_11-20-45_0000030_noise_a972115f.png,Not USV
2024-09-30_11-19-16_0000011_noise_95dcc5d7,2024-09-30_11-19-16_0000011.wav,619.5781071905775,706.3629615986669,86.78485440808936,569.5781071905775,756.3629615986669,0.0,0.0,False,noise_samples\2024-09-30_11-19-16_0000011_noise_95dcc5d7.png,Not USV
2024-09-30_11-18-34_0000004_noise_a5cf1bc5,2024-09-30_11-18-34_0000004.wav,6913.614650923499,7005.923633378428,92.30898245492972,6863.614650923499,7055.923633378428,0.0,0.0,False,noise_samples\2024-09-30_11-18-34_0000004_noise_a5cf1bc5.png,Not USV
2024-09-30_11-21-24_0000039_noise_f771c515,2024-09-30_11-21-24_0000039.wav,320.321205957203,403.26544110286494,82.94423514566193,270.321205957203,453.26544110286494,0.0,0.0,False,noise_samples\2024-09-30_11-21-24_0000039_noise_f771c515.png,Not USV
2024-09-30_11-21-34_0000043_noise_ec221234,2024-09-30_11-21-34_0000043.wav,4635.7606784843065,4718.397706718635,82.63702823432868,4585.7606784843065,4768.397706718635,0.0,0.0,False,noise_samples\2024-09-30_11-21-34_0000043_noise_ec221234.png,Not USV
2024-09-30_11-19-00_0000007_noise_7c0f80ad,2024-09-30_11-19-00_0000007.wav,8692.654819640533,8766.79723200353,74.14241236299677,8642.654819640533,8816.79723200353,0.0,0.0,False,noise_samples\2024-09-30_11-19-00_0000007_noise_7c0f80ad.png,Not USV
2024-09-30_11-20-26_0000023_noise_4c43f361,2024-09-30_11-20-26_0000023.wav,2687.8775239855536,2751.038496861908,63.16097287635421,2637.8775239855536,2801.038496861908,0.0,0.0,False,noise_samples\2024-09-30_11-20-26_0000023_noise_4c43f361.png,Not USV
2024-09-30_11-21-40_0000044_noise_dffecb25,2024-09-30_11-21-40_0000044.wav,399.553328823149,438.3222278354059,38.768899012256895,349.553328823149,488.3222278354059,0.0,0.0,False,noise_samples\2024-09-30_11-21-40_0000044_noise_dffecb25.png,Not USV
2024-09-30_11-21-48_0000046_noise_02fb22ce,2024-09-30_11-21-48_0000046.wav,2011.0218807095152,2073.4170555827495,62.39517487323428,1961.0218807095152,2123.4170555827495,0.0,0.0,False,noise_samples\2024-09-30_11-21-48_0000046_noise_02fb22ce.png,Not USV
2024-09-30_11-20-14_0000022_noise_6d726355,2024-09-30_11-20-14_0000022.wav,4067.190409922238,4157.884464013437,90.69405409119872,4017.190409922238,4207.884464013437,0.0,0.0,False,noise_samples\2024-09-30_11-20-14_0000022_noise_6d726355.png,Not USV
2024-09-30_11-19-38_0000015_noise_4703efcf,2024-09-30_11-19-38_0000015.wav,12171.250500854696,12220.053784371043,48.80328351634671,12121.250500854696,12270.053784371043,0.0,0.0,False,noise_samples\2024-09-30_11-19-38_0000015_noise_4703efcf.png,Not USV
2024-09-30_11-20-14_0000022_noise_191ddeed,2024-09-30_11-20-14_0000022.wav,4824.167727755471,4892.220450557212,68.05272280174086,4774.167727755471,4942.220450557212,0.0,0.0,False,noise_samples\2024-09-30_11-20-14_0000022_noise_191ddeed.png,Not USV
2024-09-30_11-19-38_0000015_noise_5e0abde2,2024-09-30_11-19-38_0000015.wav,12168.987511430909,12219.074427751317,50.08691632040791,12118.987511430909,12269.074427751317,0.0,0.0,False,noise_samples\2024-09-30_11-19-38_0000015_noise_5e0abde2.png,Not USV
2024-09-30_11-19-09_0000008_noise_0ee37d49,2024-09-30_11-19-09_0000008.wav,318.8529484746938,356.8437562740677,37.9908077993739,268.8529484746938,406.8437562740677,0.0,0.0,False,noise_samples\2024-09-30_11-19-09_0000008_noise_0ee37d49.png,Not USV
2024-09-30_11-21-44_0000045_noise_009f2416,2024-09-30_11-21-44_0000045.wav,2133.6699138867216,2216.76160664411,83.0916927573885,2083.6699138867216,2266.76160664411,0.0,0.0,False,noise_samples\2024-09-30_11-21-44_0000045_noise_009f2416.png,Not USV
2024-09-30_11-20-53_0000032_noise_db1f341f,2024-09-30_11-20-53_0000032.wav,3959.861328114697,3995.21824863676,35.35692052206332,3909.861328114697,4045.21824863676,0.0,0.0,False,noise_samples\2024-09-30_11-20-53_0000032_noise_db1f341f.png,Not USV
2024-09-30_11-21-50_0000047_noise_deb5ab5e,2024-09-30_11-21-50_0000047.wav,4213.690186798999,4274.9435642147055,61.25337741570638,4163.690186798999,4324.9435642147055,0.0,0.0,False,noise_samples\2024-09-30_11-21-50_0000047_noise_deb5ab5e.png,Not USV
2024-09-30_11-20-07_0000020_noise_aaa8ad1a,2024-09-30_11-20-07_0000020.wav,2285.0013478523765,2346.4025200462625,61.40117219388594,2235.0013478523765,2396.4025200462625,0.0,0.0,False,noise_samples\2024-09-30_11-20-07_0000020_noise_aaa8ad1a.png,Not USV
2024-09-30_11-19-54_0000016_noise_f058d9ba,2024-09-30_11-19-54_0000016.wav,224.81617765974855,320.2812156517748,95.46503799202625,174.81617765974855,370.2812156517748,0.0,0.0,False,noise_samples\2024-09-30_11-19-54_0000016_noise_f058d9ba.png,Not USV
2024-09-30_11-19-12_0000009_noise_c854da87,2024-09-30_11-19-12_0000009.wav,1474.6652021803575,1499.5942571969717,24.929055016614257,1424.6652021803575,1549.5942571969717,0.0,0.0,False,noise_samples\2024-09-30_11-19-12_0000009_noise_c854da87.png,Not USV
2024-09-30_11-19-00_0000007_noise_6e029c81,2024-09-30_11-19-00_0000007.wav,8479.450574059429,8511.851663520965,32.401089461536685,8429.450574059429,8561.851663520965,0.0,0.0,False,noise_samples\2024-09-30_11-19-00_0000007_noise_6e029c81.png,Not USV
2024-09-30_11-21-01_0000034_noise_cccc84ce,2024-09-30_11-21-01_0000034.wav,2895.2992749072105,2954.950720870573,59.651445963362676,2845.2992749072105,3004.950720870573,0.0,0.0,False,noise_samples\2024-09-30_11-21-01_0000034_noise_cccc84ce.png,Not USV
2024-09-30_11-20-38_0000028_noise_eb433e27,2024-09-30_11-20-38_0000028.wav,2937.9532000170975,3005.440097545439,67.48689752834161,2887.9532000170975,3055.440097545439,0.0,0.0,False,noise_samples\2024-09-30_11-20-38_0000028_noise_eb433e27.png,Not USV
2024-09-30_11-20-38_0000028_noise_b4747a04,2024-09-30_11-20-38_0000028.wav,729.489267011114,828.4106618686955,98.9213948575815,679.489267011114,878.4106618686955,0.0,0.0,False,noise_samples\2024-09-30_11-20-38_0000028_noise_b4747a04.png,Not USV
2024-09-30_11-19-38_0000015_noise_5fda03fd,2024-09-30_11-19-38_0000015.wav,14704.686761337225,14753.823765003504,49.13700366627927,14654.686761337225,14803.823765003504,0.0,0.0,False,noise_samples\2024-09-30_11-19-38_0000015_noise_5fda03fd.png,Not USV
2024-09-30_11-18-34_0000004_noise_bbd13e3f,2024-09-30_11-18-34_0000004.wav,3646.304736105208,3674.4812851538063,28.17654904859819,3596.304736105208,3724.4812851538063,0.0,0.0,False,noise_samples\2024-09-30_11-18-34_0000004_noise_bbd13e3f.png,Not USV
2024-09-30_11-19-09_0000008_noise_a0150faf,2024-09-30_11-19-09_0000008.wav,3555.962341047062,3585.9737742727807,30.01143322571852,3505.962341047062,3635.9737742727807,0.0,0.0,False,noise_samples\2024-09-30_11-19-09_0000008_noise_a0150faf.png,Not USV
2024-09-30_11-20-14_0000022_noise_9d1f658e,2024-09-30_11-20-14_0000022.wav,9610.023983654934,9648.826322360883,38.802338705949296,9560.023983654934,9698.826322360883,0.0,0.0,False,noise_samples\2024-09-30_11-20-14_0000022_noise_9d1f658e.png,Not USV
2024-09-30_11-20-41_0000029_noise_1ee1a9f6,2024-09-30_11-20-41_0000029.wav,393.27310946308194,417.9324546390572,24.65934517597526,343.27310946308194,467.9324546390572,0.0,0.0,False,noise_samples\2024-09-30_11-20-41_0000029_noise_1ee1a9f6.png,Not USV
2024-09-30_11-20-53_0000032_noise_e794bff6,2024-09-30_11-20-53_0000032.wav,2657.521265306287,2699.4168974554104,41.89563214912323,2607.521265306287,2749.4168974554104,0.0,0.0,False,noise_samples\2024-09-30_11-20-53_0000032_noise_e794bff6.png,Not USV
2024-09-30_11-20-45_0000030_noise_a6fa8596,2024-09-30_11-20-45_0000030.wav,3818.0018114314207,3896.707284017893,78.7054725864723,3768.0018114314207,3946.707284017893,0.0,0.0,False,noise_samples\2024-09-30_11-20-45_0000030_noise_a6fa8596.png,Not USV
2024-09-30_11-20-48_0000031_noise_145a021f,2024-09-30_11-20-48_0000031.wav,1212.150520331498,1302.975719980193,90.82519964869493,1162.150520331498,1352.975719980193,0.0,0.0,False,noise_samples\2024-09-30_11-20-48_0000031_noise_145a021f.png,Not USV
2024-09-30_11-18-17_0000001_noise_3b6bd41a,2024-09-30_11-18-17_0000001.wav,311.45818308563327,358.95771640656886,47.4995333209356,261.45818308563327,408.95771640656886,0.0,0.0,False,noise_samples\2024-09-30_11-18-17_0000001_noise_3b6bd41a.png,Not USV
2024-09-30_11-18-57_0000006_noise_56bf1c43,2024-09-30_11-18-57_0000006.wav,252.34503020333037,298.61147706672256,46.26644686339219,202.34503020333037,348.61147706672256,0.0,0.0,False,noise_samples\2024-09-30_11-18-57_0000006_noise_56bf1c43.png,Not USV
2024-09-30_11-21-34_0000043_noise_1a15fe18,2024-09-30_11-21-34_0000043.wav,5199.539282613046,5265.9071815733205,66.36789896027403,5149.539282613046,5315.9071815733205,0.0,0.0,False,noise_samples\2024-09-30_11-21-34_0000043_noise_1a15fe18.png,Not USV
2024-09-30_11-20-53_0000032_noise_ba09b299,2024-09-30_11-20-53_0000032.wav,3244.4954358613927,3323.5140328953253,79.01859703393256,3194.4954358613927,3373.5140328953253,0.0,0.0,False,noise_samples\2024-09-30_11-20-53_0000032_noise_ba09b299.png,Not USV
2024-09-30_11-21-34_0000043_noise_0a2095e2,2024-09-30_11-21-34_0000043.wav,6469.602926588401,6560.198966466775,90.59603987837454,6419.602926588401,6610.198966466775,0.0,0.0,False,noise_samples\2024-09-30_11-21-34_0000043_noise_0a2095e2.png,Not USV
2024-09-30_11-20-26_0000023_noise_a39c7f6a,2024-09-30_11-20-26_0000023.wav,2268.3898962488615,2333.3298020171133,64.93990576825172,2218.3898962488615,2383.3298020171133,0.0,0.0,False,noise_samples\2024-09-30_11-20-26_0000023_noise_a39c7f6a.png,Not USV
2024-09-30_11-21-07_0000035_noise_adf831da,2024-09-30_11-21-07_0000035.wav,5450.084633904628,5533.320176892474,83.23554298784529,5400.084633904628,5583.320176892474,0.0,0.0,False,noise_samples\2024-09-30_11-21-07_0000035_noise_adf831da.png,Not USV
2024-09-30_11-19-58_0000018_noise_d949c4d7,2024-09-30_11-19-58_0000018.wav,673.9587537972261,732.0832580787426,58.124504281516465,623.9587537972261,782.0832580787426,0.0,0.0,False,noise_samples\2024-09-30_11-19-58_0000018_noise_d949c4d7.png,Not USV
2024-09-30_11-19-58_0000018_noise_b97c8c6b,2024-09-30_11-19-58_0000018.wav,698.2905056528658,736.9923500344753,38.701844381609476,648.2905056528658,786.9923500344753,0.0,0.0,False,noise_samples\2024-09-30_11-19-58_0000018_noise_b97c8c6b.png,Not USV
2024-09-30_11-19-19_0000012_noise_ce5de4e8,2024-09-30_11-19-19_0000012.wav,4371.623714875358,4398.378218220608,26.75450334524976,4321.623714875358,4448.378218220608,0.0,0.0,False,noise_samples\2024-09-30_11-19-19_0000012_noise_ce5de4e8.png,Not USV
2024-09-30_11-21-01_0000034_noise_28655b46,2024-09-30_11-21-01_0000034.wav,6122.983014742315,6205.688131129887,82.70511638757125,6072.983014742315,6255.688131129887,0.0,0.0,False,noise_samples\2024-09-30_11-21-01_0000034_noise_28655b46.png,Not USV
2024-09-30_11-20-14_0000022_noise_9e174dca,2024-09-30_11-20-14_0000022.wav,11488.608690379313,11582.75727136356,94.14858098424702,11438.608690379313,11632.75727136356,0.0,0.0,False,noise_samples\2024-09-30_11-20-14_0000022_noise_9e174dca.png,Not USV
2024-09-30_11-20-07_0000020_noise_5a449623,2024-09-30_11-20-07_0000020.wav,644.6819757699205,700.3738026288701,55.691826858949526,594.6819757699205,750.3738026288701,0.0,0.0,False,noise_samples\2024-09-30_11-20-07_0000020_noise_5a449623.png,Not USV
2024-09-30_11-20-29_0000024_noise_6dc542e0,2024-09-30_11-20-29_0000024.wav,2451.7611077465517,2520.938065869608,69.17695812305647,2401.7611077465517,2570.938065869608,0.0,0.0,False,noise_samples\2024-09-30_11-20-29_0000024_noise_6dc542e0.png,Not USV
2024-09-30_11-20-53_0000032_noise_962b57bc,2024-09-30_11-20-53_0000032.wav,1033.6801443114148,1099.8628626847405,66.18271837332577,983.6801443114148,1149.8628626847405,0.0,0.0,False,noise_samples\2024-09-30_11-20-53_0000032_noise_962b57bc.png,Not USV
2024-09-30_11-21-58_0000049_noise_01b534f7,2024-09-30_11-21-58_0000049.wav,778.4892713209903,851.6384242304338,73.1491529094435,728.4892713209903,901.6384242304338,0.0,0.0,False,noise_samples\2024-09-30_11-21-58_0000049_noise_01b534f7.png,Not USV
2024-09-30_11-21-50_0000047_noise_774ab394,2024-09-30_11-21-50_0000047.wav,5045.832906601716,5135.660740733916,89.82783413220022,4995.832906601716,5185.660740733916,0.0,0.0,False,noise_samples\2024-09-30_11-21-50_0000047_noise_774ab394.png,Not USV
2024-09-30_11-20-45_0000030_noise_51ec3bb1,2024-09-30_11-20-45_0000030.wav,2737.0346219438047,2794.7402703328025,57.705648388997815,2687.0346219438047,2844.7402703328025,0.0,0.0,False,noise_samples\2024-09-30_11-20-45_0000030_noise_51ec3bb1.png,Not USV
2024-09-30_11-21-57_0000048_noise_23cf569d,2024-09-30_11-21-57_0000048.wav,1222.6453011000756,1302.841793286214,80.19649218613836,1172.6453011000756,1352.841793286214,0.0,0.0,False,noise_samples\2024-09-30_11-21-57_0000048_noise_23cf569d.png,Not USV
2024-09-30_11-21-30_0000042_noise_5c4710c6,2024-09-30_11-21-30_0000042.wav,1784.6714196831226,1827.2955412489523,42.62412156582968,1734.6714196831226,1877.2955412489523,0.0,0.0,False,noise_samples\2024-09-30_11-21-30_0000042_noise_5c4710c6.png,Not USV
2024-09-30_11-20-38_0000028_noise_ac5b9601,2024-09-30_11-20-38_0000028.wav,327.6708926243298,353.3278464088019,25.656953784472137,277.6708926243298,403.3278464088019,0.0,0.0,False,noise_samples\2024-09-30_11-20-38_0000028_noise_ac5b9601.png,Not USV
2024-09-30_11-21-22_0000038_noise_4bc64e4c,2024-09-30_11-21-22_0000038.wav,584.797884229845,627.0416482435525,42.243764013707505,534.797884229845,677.0416482435525,0.0,0.0,False,noise_samples\2024-09-30_11-21-22_0000038_noise_4bc64e4c.png,Not USV
2024-09-30_11-20-14_0000022_noise_eef9d9fc,2024-09-30_11-20-14_0000022.wav,3622.4996535548726,3711.6149470040255,89.11529344915289,3572.4996535548726,3761.6149470040255,0.0,0.0,False,noise_samples\2024-09-30_11-20-14_0000022_noise_eef9d9fc.png,Not USV
2024-09-30_11-21-58_0000049_noise_05d43130,2024-09-30_11-21-58_0000049.wav,1360.5831050614197,1440.3144378546037,79.73133279318404,1310.5831050614197,1490.3144378546037,0.0,0.0,False,noise_samples\2024-09-30_11-21-58_0000049_noise_05d43130.png,Not USV
2024-09-30_11-19-54_0000016_noise_895b0a33,2024-09-30_11-19-54_0000016.wav,1619.9091217840141,1667.2596682692206,47.35054648520645,1569.9091217840141,1717.2596682692206,0.0,0.0,False,noise_samples\2024-09-30_11-19-54_0000016_noise_895b0a33.png,Not USV
2024-09-30_11-21-48_0000046_noise_b1b50add,2024-09-30_11-21-48_0000046.wav,1462.3338448025518,1556.7902292980787,94.45638449552689,1412.3338448025518,1606.7902292980787,0.0,0.0,False,noise_samples\2024-09-30_11-21-48_0000046_noise_b1b50add.png,Not USV
2024-09-30_11-20-53_0000032_noise_a0b7e1b1,2024-09-30_11-20-53_0000032.wav,85.02897411046567,129.7058498061479,44.67687569568224,35.02897411046567,179.7058498061479,0.0,0.0,False,noise_samples\2024-09-30_11-20-53_0000032_noise_a0b7e1b1.png,Not USV
2024-09-30_11-20-53_0000032_noise_b457f7bc,2024-09-30_11-20-53_0000032.wav,3947.3693932675,4008.5572728103302,61.18787954283016,3897.3693932675,4058.5572728103302,0.0,0.0,False,noise_samples\2024-09-30_11-20-53_0000032_noise_b457f7bc.png,Not USV
2024-09-30_11-19-00_0000007_noise_da3b1956,2024-09-30_11-19-00_0000007.wav,6583.752506391784,6632.789859558321,49.03735316653729,6533.752506391784,6682.789859558321,0.0,0.0,False,noise_samples\2024-09-30_11-19-00_0000007_noise_da3b1956.png,Not USV
2024-09-30_11-20-03_0000019_noise_84f237ac,2024-09-30_11-20-03_0000019.wav,1696.8617568019483,1792.4878549217678,95.62609811981952,1646.8617568019483,1842.4878549217678,0.0,0.0,False,noise_samples\2024-09-30_11-20-03_0000019_noise_84f237ac.png,Not USV
2024-09-30_11-19-55_0000017_noise_5a919fe3,2024-09-30_11-19-55_0000017.wav,1497.228916054944,1544.5797117776642,47.35079572272025,1447.228916054944,1594.5797117776642,0.0,0.0,False,noise_samples\2024-09-30_11-19-55_0000017_noise_5a919fe3.png,Not USV
2024-09-30_11-19-19_0000012_noise_7095e40e,2024-09-30_11-19-19_0000012.wav,8139.919802943688,8217.206556281424,77.28675333773572,8089.919802943688,8267.206556281424,0.0,0.0,False,noise_samples\2024-09-30_11-19-19_0000012_noise_7095e40e.png,Not USV
2024-09-30_11-19-00_0000007_noise_5c4ebc84,2024-09-30_11-19-00_0000007.wav,8794.084638983291,8819.603749679312,25.519110696021016,8744.084638983291,8869.603749679312,0.0,0.0,False,noise_samples\2024-09-30_11-19-00_0000007_noise_5c4ebc84.png,Not USV
2024-09-30_11-20-14_0000022_noise_5dff4e3f,2024-09-30_11-20-14_0000022.wav,9955.56936372141,10036.259699995697,80.69033627428689,9905.56936372141,10086.259699995697,0.0,0.0,False,noise_samples\2024-09-30_11-20-14_0000022_noise_5dff4e3f.png,Not USV
2024-09-30_11-20-53_0000032_noise_487239eb,2024-09-30_11-20-53_0000032.wav,1377.4094124911676,1423.7581619879984,46.348749496830806,1327.4094124911676,1473.7581619879984,0.0,0.0,False,noise_samples\2024-09-30_11-20-53_0000032_noise_487239eb.png,Not USV
2024-09-30_11-21-34_0000043_noise_88aa26dd,2024-09-30_11-21-34_0000043.wav,2226.466000145694,2306.0474605854606,79.58146043976649,2176.466000145694,2356.0474605854606,0.0,0.0,False,noise_samples\2024-09-30_11-21-34_0000043_noise_88aa26dd.png,Not USV
2024-09-30_11-19-12_0000009_noise_1971d2a4,2024-09-30_11-19-12_0000009.wav,2663.1031331050867,2729.9880329032276,66.88489979814085,2613.1031331050867,2779.9880329032276,0.0,0.0,False,noise_samples\2024-09-30_11-19-12_0000009_noise_1971d2a4.png,Not USV
2024-09-30_11-19-38_0000015_noise_62dc377a,2024-09-30_11-19-38_0000015.wav,6011.377935574548,6075.811587305231,64.43365173068287,5961.377935574548,6125.811587305231,0.0,0.0,False,noise_samples\2024-09-30_11-19-38_0000015_noise_62dc377a.png,Not USV
2024-09-30_11-21-07_0000035_noise_b663f4ab,2024-09-30_11-21-07_0000035.wav,7122.420350595737,7192.438973519913,70.01862292417627,7072.420350595737,7242.438973519913,0.0,0.0,False,noise_samples\2024-09-30_11-21-07_0000035_noise_b663f4ab.png,Not USV
2024-09-30_11-20-07_0000020_noise_757991a4,2024-09-30_11-20-07_0000020.wav,1160.9830920845966,1225.8669276579478,64.88383557335123,1110.9830920845966,1275.8669276579478,0.0,0.0,False,noise_samples\2024-09-30_11-20-07_0000020_noise_757991a4.png,Not USV
2024-09-30_11-19-19_0000012_noise_55f08ace,2024-09-30_11-19-19_0000012.wav,307.1789860383344,352.46685060264645,45.28786456431203,257.1789860383344,402.46685060264645,0.0,0.0,False,noise_samples\2024-09-30_11-19-19_0000012_noise_55f08ace.png,Not USV
2024-09-30_11-18-57_0000006_noise_5d7b1295,2024-09-30_11-18-57_0000006.wav,2657.243526494554,2718.7458109335403,61.50228443898641,2607.243526494554,2768.7458109335403,0.0,0.0,False,noise_samples\2024-09-30_11-18-57_0000006_noise_5d7b1295.png,Not USV
2024-09-30_11-20-41_0000029_noise_c1aead10,2024-09-30_11-20-41_0000029.wav,496.8976989660041,570.9199313342267,74.0222323682226,446.8976989660041,620.9199313342267,0.0,0.0,False,noise_samples\2024-09-30_11-20-41_0000029_noise_c1aead10.png,Not USV
2024-09-30_11-19-34_0000014_noise_7192332b,2024-09-30_11-19-34_0000014.wav,92.33807125056956,140.10084898741056,47.762777736841,42.338071250569556,190.10084898741056,0.0,0.0,False,noise_samples\2024-09-30_11-19-34_0000014_noise_7192332b.png,Not USV
2024-09-30_11-20-35_0000027_noise_e24a8737,2024-09-30_11-20-35_0000027.wav,243.05300018761173,307.5162226733274,64.46322248571565,193.05300018761173,357.5162226733274,0.0,0.0,False,noise_samples\2024-09-30_11-20-35_0000027_noise_e24a8737.png,Not USV
2024-09-30_11-19-38_0000015_noise_1d7d7ffd,2024-09-30_11-19-38_0000015.wav,1726.41998959615,1753.5553546301176,27.135365033967673,1676.41998959615,1803.5553546301176,0.0,0.0,False,noise_samples\2024-09-30_11-19-38_0000015_noise_1d7d7ffd.png,Not USV
2024-09-30_11-21-07_0000035_noise_98c49b06,2024-09-30_11-21-07_0000035.wav,6276.240273813683,6307.102780595535,30.862506781851152,6226.240273813683,6357.102780595535,0.0,0.0,False,noise_samples\2024-09-30_11-21-07_0000035_noise_98c49b06.png,Not USV
2024-09-30_11-19-00_0000007_noise_59072935,2024-09-30_11-19-00_0000007.wav,8719.657335674361,8753.225837987467,33.568502313106364,8669.657335674361,8803.225837987467,0.0,0.0,False,noise_samples\2024-09-30_11-19-00_0000007_noise_59072935.png,Not USV
2024-09-30_11-19-38_0000015_noise_cf14c35a,2024-09-30_11-19-38_0000015.wav,8444.689622914431,8482.823665053884,38.134042139452504,8394.689622914431,8532.823665053884,0.0,0.0,False,noise_samples\2024-09-30_11-19-38_0000015_noise_cf14c35a.png,Not USV
2024-09-30_11-20-07_0000020_noise_90c14c94,2024-09-30_11-20-07_0000020.wav,800.2655859012408,838.209992683293,37.94440678205217,750.2655859012408,888.209992683293,0.0,0.0,False,noise_samples\2024-09-30_11-20-07_0000020_noise_90c14c94.png,Not USV
2024-09-30_11-21-01_0000034_noise_6caa2e4b,2024-09-30_11-21-01_0000034.wav,3351.2112086619795,3447.2094002903846,95.99819162840504,3301.2112086619795,3497.2094002903846,0.0,0.0,False,noise_samples\2024-09-30_11-21-01_0000034_noise_6caa2e4b.png,Not USV
2024-09-30_11-20-45_0000030_noise_488472b6,2024-09-30_11-20-45_0000030.wav,145.12461572036716,209.7637061708091,64.63909045044193,95.12461572036716,259.7637061708091,0.0,0.0,False,noise_samples\2024-09-30_11-20-45_0000030_noise_488472b6.png,Not USV
2024-09-30_11-19-09_0000008_noise_5dc1db89,2024-09-30_11-19-09_0000008.wav,1106.3231948541597,1132.470182050546,26.146987196386362,1056.3231948541597,1182.470182050546,0.0,0.0,False,noise_samples\2024-09-30_11-19-09_0000008_noise_5dc1db89.png,Not USV
2024-09-30_11-20-29_0000024_noise_688349b3,2024-09-30_11-20-29_0000024.wav,570.0233777067582,608.5812414183844,38.55786371162617,520.0233777067582,658.5812414183844,0.0,0.0,False,noise_samples\2024-09-30_11-20-29_0000024_noise_688349b3.png,Not USV
2024-09-30_11-21-48_0000046_noise_e44215e3,2024-09-30_11-21-48_0000046.wav,288.3078037293296,310.2242766606047,21.91647293127511,238.30780372932958,360.2242766606047,0.0,0.0,False,noise_samples\2024-09-30_11-21-48_0000046_noise_e44215e3.png,Not USV
2024-09-30_11-21-01_0000034_noise_004f82dd,2024-09-30_11-21-01_0000034.wav,5422.475300481918,5461.35888167745,38.883581195532315,5372.475300481918,5511.35888167745,0.0,0.0,False,noise_samples\2024-09-30_11-21-01_0000034_noise_004f82dd.png,Not USV
2024-09-30_11-21-14_0000036_noise_b0259fc8,2024-09-30_11-21-14_0000036.wav,1257.2436607580767,1355.608658625698,98.36499786762124,1207.2436607580767,1405.608658625698,0.0,0.0,False,noise_samples\2024-09-30_11-21-14_0000036_noise_b0259fc8.png,Not USV
2024-09-30_11-20-34_0000026_noise_b4b75e0f,2024-09-30_11-20-34_0000026.wav,718.2393997363554,803.9489930527858,85.70959331643041,668.2393997363554,853.9489930527858,0.0,0.0,False,noise_samples\2024-09-30_11-20-34_0000026_noise_b4b75e0f.png,Not USV
2024-09-30_11-21-57_0000048_noise_991e9e86,2024-09-30_11-21-57_0000048.wav,1212.4522229999354,1240.1292608994909,27.677037899555444,1162.4522229999354,1290.1292608994909,0.0,0.0,False,noise_samples\2024-09-30_11-21-57_0000048_noise_991e9e86.png,Not USV
2024-09-30_11-18-27_0000003_noise_e1567e4e,2024-09-30_11-18-27_0000003.wav,5764.236959050541,5788.073675961685,23.836716911143412,5714.236959050541,5838.073675961685,0.0,0.0,False,noise_samples\2024-09-30_11-18-27_0000003_noise_e1567e4e.png,Not USV
2024-09-30_11-19-00_0000007_noise_2a380230,2024-09-30_11-19-00_0000007.wav,662.7977294895495,686.2521984327536,23.45446894320412,612.7977294895495,736.2521984327536,0.0,0.0,False,noise_samples\2024-09-30_11-19-00_0000007_noise_2a380230.png,Not USV
2024-09-30_11-18-34_0000004_noise_b29d5880,2024-09-30_11-18-34_0000004.wav,3536.1345496583845,3563.4347482166304,27.30019855824594,3486.1345496583845,3613.4347482166304,0.0,0.0,False,noise_samples\2024-09-30_11-18-34_0000004_noise_b29d5880.png,Not USV
2024-09-30_11-21-01_0000034_noise_ddc4c6b1,2024-09-30_11-21-01_0000034.wav,124.06531704326306,154.16009194183732,30.094774898574258,74.06531704326306,204.16009194183732,0.0,0.0,False,noise_samples\2024-09-30_11-21-01_0000034_noise_ddc4c6b1.png,Not USV
2024-09-30_11-18-27_0000003_noise_f34e4eeb,2024-09-30_11-18-27_0000003.wav,1254.4509096132665,1275.1295976967588,20.67868808349226,1204.4509096132665,1325.1295976967588,0.0,0.0,False,noise_samples\2024-09-30_11-18-27_0000003_noise_f34e4eeb.png,Not USV
2024-09-30_11-21-28_0000041_noise_6374d8f0,2024-09-30_11-21-28_0000041.wav,480.53672128836087,541.7897843499204,61.253063061559544,430.53672128836087,591.7897843499204,0.0,0.0,False,noise_samples\2024-09-30_11-21-28_0000041_noise_6374d8f0.png,Not USV
2024-09-30_11-19-38_0000015_noise_28d94449,2024-09-30_11-19-38_0000015.wav,3051.5235246173525,3096.555259225726,45.03173460837343,3001.5235246173525,3146.555259225726,0.0,0.0,False,noise_samples\2024-09-30_11-19-38_0000015_noise_28d94449.png,Not USV
2024-09-30_11-19-16_0000011_noise_3c91eb30,2024-09-30_11-19-16_0000011.wav,1345.1568766200005,1432.9137901162296,87.75691349622912,1295.1568766200005,1482.9137901162296,0.0,0.0,False,noise_samples\2024-09-30_11-19-16_0000011_noise_3c91eb30.png,Not USV
2024-09-30_11-19-38_0000015_noise_a7124819,2024-09-30_11-19-38_0000015.wav,12576.080151747032,12670.455690386685,94.37553863965331,12526.080151747032,12720.455690386685,0.0,0.0,False,noise_samples\2024-09-30_11-19-38_0000015_noise_a7124819.png,Not USV
2024-09-30_11-20-03_0000019_noise_f05a0739,2024-09-30_11-20-03_0000019.wav,3216.914569001403,3272.7100594223725,55.7954904209696,3166.914569001403,3322.7100594223725,0.0,0.0,False,noise_samples\2024-09-30_11-20-03_0000019_noise_f05a0739.png,Not USV
2024-09-30_11-20-14_0000022_noise_8f0ef6d3,2024-09-30_11-20-14_0000022.wav,357.2561586740542,404.45503644113995,47.198877767085776,307.2561586740542,454.45503644113995,0.0,0.0,False,noise_samples\2024-09-30_11-20-14_0000022_noise_8f0ef6d3.png,Not USV
2024-09-30_11-20-14_0000022_noise_2ff07bd1,2024-09-30_11-20-14_0000022.wav,6456.97559788736,6510.202016876497,53.22641898913662,6406.97559788736,6560.202016876497,0.0,0.0,False,noise_samples\2024-09-30_11-20-14_0000022_noise_2ff07bd1.png,Not USV
2024-09-30_11-19-54_0000016_noise_a38e8134,2024-09-30_11-19-54_0000016.wav,2012.703085475449,2034.7731505280199,22.070065052570953,1962.703085475449,2084.77315052802,0.0,0.0,False,noise_samples\2024-09-30_11-19-54_0000016_noise_a38e8134.png,Not USV
2024-09-30_11-20-56_0000033_noise_26fbe79e,2024-09-30_11-20-56_0000033.wav,1775.2064873155778,1856.7510095016992,81.54452218612141,1725.2064873155778,1906.7510095016992,0.0,0.0,False,noise_samples\2024-09-30_11-20-56_0000033_noise_26fbe79e.png,Not USV
2024-09-30_11-20-48_0000031_noise_dce98fae,2024-09-30_11-20-48_0000031.wav,106.93647435465647,190.39747096528933,83.46099661063286,56.93647435465647,240.39747096528933,0.0,0.0,False,noise_samples\2024-09-30_11-20-48_0000031_noise_dce98fae.png,Not USV
2024-09-30_11-21-34_0000043_noise_c60ccdb0,2024-09-30_11-21-34_0000043.wav,4121.221714488732,4168.807096441498,47.58538195276651,4071.221714488732,4218.807096441498,0.0,0.0,False,noise_samples\2024-09-30_11-21-34_0000043_noise_c60ccdb0.png,Not USV
2024-09-30_11-20-14_0000022_noise_6d1d15b8,2024-09-30_11-20-14_0000022.wav,11374.93968656121,11418.111670101307,43.171983540096335,11324.93968656121,11468.111670101307,0.0,0.0,False,noise_samples\2024-09-30_11-20-14_0000022_noise_6d1d15b8.png,Not USV
2024-09-30_11-21-30_0000042_noise_73570aea,2024-09-30_11-21-30_0000042.wav,2997.407373884809,3071.9997674181786,74.59239353336943,2947.407373884809,3121.9997674181786,0.0,0.0,False,noise_samples\2024-09-30_11-21-30_0000042_noise_73570aea.png,Not USV
2024-09-30_11-19-38_0000015_noise_bbd66716,2024-09-30_11-19-38_0000015.wav,7536.772583114454,7582.548735308789,45.77615219433483,7486.772583114454,7632.548735308789,0.0,0.0,False,noise_samples\2024-09-30_11-19-38_0000015_noise_bbd66716.png,Not USV
2024-09-30_11-19-12_0000009_noise_0f11f964,2024-09-30_11-19-12_0000009.wav,568.4803623071468,634.4073730791811,65.92701077203424,518.4803623071468,684.4073730791811,0.0,0.0,False,noise_samples\2024-09-30_11-19-12_0000009_noise_0f11f964.png,Not USV
2024-09-30_11-20-48_0000031_noise_7a349f92,2024-09-30_11-20-48_0000031.wav,1833.8446848162616,1856.4026267706083,22.55794195434669,1783.8446848162616,1906.4026267706083,0.0,0.0,False,noise_samples\2024-09-30_11-20-48_0000031_noise_7a349f92.png,Not USV
2024-09-30_11-21-44_0000045_noise_770e62fd,2024-09-30_11-21-44_0000045.wav,3596.2034327708766,3618.3462273457153,22.142794574838717,3546.2034327708766,3668.3462273457153,0.0,0.0,False,noise_samples\2024-09-30_11-21-44_0000045_noise_770e62fd.png,Not USV
2024-09-30_11-20-07_0000020_noise_4b466f7c,2024-09-30_11-20-07_0000020.wav,694.4592066288841,794.1864794566546,99.72727282777055,644.4592066288841,844.1864794566546,0.0,0.0,False,noise_samples\2024-09-30_11-20-07_0000020_noise_4b466f7c.png,Not USV
2024-09-30_11-21-01_0000034_noise_5e5ee1e9,2024-09-30_11-21-01_0000034.wav,2388.771900567822,2462.340454217322,73.56855364950025,2338.771900567822,2512.340454217322,0.0,0.0,False,noise_samples\2024-09-30_11-21-01_0000034_noise_5e5ee1e9.png,Not USV
2024-09-30_11-18-25_0000002_noise_8cfc4138,2024-09-30_11-18-25_0000002.wav,306.6959624298948,390.36828506001575,83.67232263012096,256.6959624298948,440.36828506001575,0.0,0.0,False,noise_samples\2024-09-30_11-18-25_0000002_noise_8cfc4138.png,Not USV
2024-09-30_11-18-27_0000003_noise_c960e61f,2024-09-30_11-18-27_0000003.wav,91.25529676649465,189.79223762347178,98.53694085697713,41.25529676649465,239.79223762347178,0.0,0.0,False,noise_samples\2024-09-30_11-18-27_0000003_noise_c960e61f.png,Not USV
2024-09-30_11-21-01_0000034_noise_818c0f0d,2024-09-30_11-21-01_0000034.wav,6084.702450578118,6165.95205142809,81.24960084997201,6034.702450578118,6215.95205142809,0.0,0.0,False,noise_samples\2024-09-30_11-21-01_0000034_noise_818c0f0d.png,Not USV
2024-09-30_11-20-14_0000022_noise_f0b8f2ef,2024-09-30_11-20-14_0000022.wav,3734.855645686438,3754.9912458697704,20.13560018333237,3684.855645686438,3804.9912458697704,0.0,0.0,False,noise_samples\2024-09-30_11-20-14_0000022_noise_f0b8f2ef.png,Not USV
2024-09-30_11-19-38_0000015_noise_d5cf35d6,2024-09-30_11-19-38_0000015.wav,14841.248039915903,14873.993919153922,32.74587923801846,14791.248039915903,14923.993919153922,0.0,0.0,False,noise_samples\2024-09-30_11-19-38_0000015_noise_d5cf35d6.png,Not USV
2024-09-30_11-21-18_0000037_noise_b4e86e51,2024-09-30_11-21-18_0000037.wav,1373.6503712138117,1444.4733369280823,70.8229657142706,1323.6503712138117,1494.4733369280823,0.0,0.0,False,noise_samples\2024-09-30_11-21-18_0000037_noise_b4e86e51.png,Not USV
2024-09-30_11-21-48_0000046_noise_ee126570,2024-09-30_11-21-48_0000046.wav,1231.204760386285,1284.9373624508091,53.732602064524144,1181.204760386285,1334.9373624508091,0.0,0.0,False,noise_samples\2024-09-30_11-21-48_0000046_noise_ee126570.png,Not USV
2024-09-30_11-19-55_0000017_noise_d598a547,2024-09-30_11-19-55_0000017.wav,63.98089911881158,134.49789452363547,70.51699540482389,13.980899118811578,184.49789452363547,0.0,0.0,False,noise_samples\2024-09-30_11-19-55_0000017_noise_d598a547.png,Not USV
2024-09-30_11-21-50_0000047_noise_1167e7e4,2024-09-30_11-21-50_0000047.wav,3569.311604636375,3613.532182703627,44.22057806725206,3519.311604636375,3663.532182703627,0.0,0.0,False,noise_samples\2024-09-30_11-21-50_0000047_noise_1167e7e4.png,Not USV
2024-09-30_11-21-50_0000047_noise_548f548d,2024-09-30_11-21-50_0000047.wav,1963.346363946227,2061.48291035233,98.13654640610275,1913.346363946227,2111.48291035233,0.0,0.0,False,noise_samples\2024-09-30_11-21-50_0000047_noise_548f548d.png,Not USV
2024-09-30_11-21-26_0000040_noise_f926fbe3,2024-09-30_11-21-26_0000040.wav,606.5503290454815,662.8193674182904,56.26903837280895,556.5503290454815,712.8193674182904,0.0,0.0,False,noise_samples\2024-09-30_11-21-26_0000040_noise_f926fbe3.png,Not USV
2024-09-30_11-21-50_0000047_noise_02f51165,2024-09-30_11-21-50_0000047.wav,2725.058226220792,2806.2310999734696,81.17287375267733,2675.058226220792,2856.2310999734696,0.0,0.0,False,noise_samples\2024-09-30_11-21-50_0000047_noise_02f51165.png,Not USV
2024-09-30_11-21-50_0000047_noise_7ec5af42,2024-09-30_11-21-50_0000047.wav,3017.3106997008254,3061.814673810023,44.50397410919777,2967.3106997008254,3111.814673810023,0.0,0.0,False,noise_samples\2024-09-30_11-21-50_0000047_noise_7ec5af42.png,Not USV
2024-09-30_11-19-55_0000017_noise_83b3c6dd,2024-09-30_11-19-55_0000017.wav,3071.251318435061,3103.234493469403,31.98317503434191,3021.251318435061,3153.234493469403,0.0,0.0,False,noise_samples\2024-09-30_11-19-55_0000017_noise_83b3c6dd.png,Not USV
2024-09-30_11-21-50_0000047_noise_828a84b1,2024-09-30_11-21-50_0000047.wav,3643.912778113135,3715.904195983361,71.99141787022609,3593.912778113135,3765.904195983361,0.0,0.0,False,noise_samples\2024-09-30_11-21-50_0000047_noise_828a84b1.png,Not USV
2024-09-30_11-20-09_0000021_noise_ea054ad6,2024-09-30_11-20-09_0000021.wav,958.7228657192488,1007.4497171480971,48.72685142884825,908.7228657192488,1057.449717148097,0.0,0.0,False,noise_samples\2024-09-30_11-20-09_0000021_noise_ea054ad6.png,Not USV
2024-09-30_11-20-14_0000022_noise_0c6694e1,2024-09-30_11-20-14_0000022.wav,12176.4989668819,12228.702057671406,52.20309078950595,12126.4989668819,12278.702057671406,0.0,0.0,False,noise_samples\2024-09-30_11-20-14_0000022_noise_0c6694e1.png,Not USV
2024-09-30_11-18-52_0000005_noise_b4ff7646,2024-09-30_11-18-52_0000005.wav,4945.457942858,5043.611527157164,98.15358429916432,4895.457942858,5093.611527157164,0.0,0.0,False,noise_samples\2024-09-30_11-18-52_0000005_noise_b4ff7646.png,Not USV
2024-09-30_11-19-34_0000014_noise_b824c25d,2024-09-30_11-19-34_0000014.wav,641.7621874429116,673.353363817383,31.591176374471388,591.7621874429116,723.353363817383,0.0,0.0,False,noise_samples\2024-09-30_11-19-34_0000014_noise_b824c25d.png,Not USV
2024-09-30_11-18-52_0000005_noise_693b9fa4,2024-09-30_11-18-52_0000005.wav,80.59857052165358,118.43209199437207,37.83352147271849,30.598570521653585,168.43209199437206,0.0,0.0,False,noise_samples\2024-09-30_11-18-52_0000005_noise_693b9fa4.png,Not USV
2024-09-30_11-20-14_0000022_noise_d0ada703,2024-09-30_11-20-14_0000022.wav,4872.463151188194,4902.9193514082035,30.456200220009123,4822.463151188194,4952.9193514082035,0.0,0.0,False,noise_samples\2024-09-30_11-20-14_0000022_noise_d0ada703.png,Not USV
2024-09-30_11-18-57_0000006_noise_f16b2fbb,2024-09-30_11-18-57_0000006.wav,1920.4852121107674,1950.1698227165214,29.68461060575396,1870.4852121107674,2000.1698227165214,0.0,0.0,False,noise_samples\2024-09-30_11-18-57_0000006_noise_f16b2fbb.png,Not USV
2024-09-30_11-19-16_0000011_noise_8f3dd792,2024-09-30_11-19-16_0000011.wav,1371.6793690290522,1396.6729846212652,24.99361559221302,1321.6793690290522,1446.6729846212652,0.0,0.0,False,noise_samples\2024-09-30_11-19-16_0000011_noise_8f3dd792.png,Not USV
2024-09-30_11-21-44_0000045_noise_5c5cbd75,2024-09-30_11-21-44_0000045.wav,601.3474679053738,701.3363189024473,99.98885099707343,551.3474679053738,751.3363189024473,0.0,0.0,False,noise_samples\2024-09-30_11-21-44_0000045_noise_5c5cbd75.png,Not USV
2024-09-30_11-21-58_0000049_noise_dd9498e0,2024-09-30_11-21-58_0000049.wav,1422.5633166331886,1462.137685937774,39.57436930458539,1372.5633166331886,1512.137685937774,0.0,0.0,False,noise_samples\2024-09-30_11-21-58_0000049_noise_dd9498e0.png,Not USV
2024-09-30_11-19-00_0000007_noise_b344d001,2024-09-30_11-19-00_0000007.wav,392.167673272439,484.8825061208276,92.7148328483886,342.167673272439,534.8825061208277,0.0,0.0,False,noise_samples\2024-09-30_11-19-00_0000007_noise_b344d001.png,Not USV
2024-09-30_11-19-38_0000015_noise_adb95f56,2024-09-30_11-19-38_0000015.wav,14866.682488712175,14961.341810193691,94.6593214815166,14816.682488712175,15011.341810193691,0.0,0.0,False,noise_samples\2024-09-30_11-19-38_0000015_noise_adb95f56.png,Not USV
2024-09-30_11-20-53_0000032_noise_de494231,2024-09-30_11-20-53_0000032.wav,1266.761796835533,1300.4804786791806,33.71868184364757,1216.761796835533,1350.4804786791806,0.0,0.0,False,noise_samples\2024-09-30_11-20-53_0000032_noise_de494231.png,Not USV
2024-09-30_11-21-30_0000042_noise_6e8ca4d0,2024-09-30_11-21-30_0000042.wav,2765.086270786835,2862.8243169919533,97.73804620511828,2715.086270786835,2912.8243169919533,0.0,0.0,False,noise_samples\2024-09-30_11-21-30_0000042_noise_6e8ca4d0.png,Not USV
2024-09-30_11-19-31_0000013_noise_dd0d7cc6,2024-09-30_11-19-31_0000013.wav,2385.272581836618,2430.5261163082796,45.253534471661624,2335.272581836618,2480.5261163082796,0.0,0.0,False,noise_samples\2024-09-30_11-19-31_0000013_noise_dd0d7cc6.png,Not USV
2024-09-30_11-19-09_0000008_noise_ed39f09e,2024-09-30_11-19-09_0000008.wav,1340.3010950475825,1384.7382192442155,44.43712419663302,1290.3010950475825,1434.7382192442155,0.0,0.0,False,noise_samples\2024-09-30_11-19-09_0000008_noise_ed39f09e.png,Not USV
2024-09-30_11-20-26_0000023_noise_46fece6b,2024-09-30_11-20-26_0000023.wav,1864.1372880652204,1890.015736671156,25.878448605935546,1814.1372880652204,1940.015736671156,0.0,0.0,False,noise_samples\2024-09-30_11-20-26_0000023_noise_46fece6b.png,Not USV
2024-09-30_11-20-14_0000022_noise_23044f46,2024-09-30_11-20-14_0000022.wav,7058.767263452946,7080.477633648362,21.710370195415635,7008.767263452946,7130.477633648362,0.0,0.0,False,noise_samples\2024-09-30_11-20-14_0000022_noise_23044f46.png,Not USV
2024-09-30_11-19-00_0000007_noise_b169a437,2024-09-30_11-19-00_0000007.wav,6576.331484399763,6653.61610765721,77.28462325744658,6526.331484399763,6703.61610765721,0.0,0.0,False,noise_samples\2024-09-30_11-19-00_0000007_noise_b169a437.png,Not USV
2024-09-30_11-21-30_0000042_noise_875407ad,2024-09-30_11-21-30_0000042.wav,127.16085901656788,185.0568977042326,57.89603868766471,77.16085901656788,235.0568977042326,0.0,0.0,False,noise_samples\2024-09-30_11-21-30_0000042_noise_875407ad.png,Not USV
2024-09-30_11-21-07_0000035_noise_f5e3708b,2024-09-30_11-21-07_0000035.wav,2452.490758332951,2516.914069871716,64.42331153876512,2402.490758332951,2566.914069871716,0.0,0.0,False,noise_samples\2024-09-30_11-21-07_0000035_noise_f5e3708b.png,Not USV
2024-09-30_11-19-00_0000007_noise_bd9d8061,2024-09-30_11-19-00_0000007.wav,8167.256228255144,8237.822633385691,70.56640513054663,8117.256228255144,8287.822633385691,0.0,0.0,False,noise_samples\2024-09-30_11-19-00_0000007_noise_bd9d8061.png,Not USV
2024-09-30_11-21-50_0000047_noise_b1d756f7,2024-09-30_11-21-50_0000047.wav,1254.7484490951038,1300.2903674952686,45.54191840016483,1204.7484490951038,1350.2903674952686,0.0,0.0,False,noise_samples\2024-09-30_11-21-50_0000047_noise_b1d756f7.png,Not USV
2024-09-30_11-19-00_0000007_noise_3e5ae455,2024-09-30_11-19-00_0000007.wav,7753.312364745663,7817.499441559621,64.1870768139579,7703.312364745663,7867.499441559621,0.0,0.0,False,noise_samples\2024-09-30_11-19-00_0000007_noise_3e5ae455.png,Not USV
2024-09-30_11-19-00_0000007_noise_b1330e5a,2024-09-30_11-19-00_0000007.wav,6358.722664369166,6424.143495938052,65.42083156888657,6308.722664369166,6474.143495938052,0.0,0.0,False,noise_samples\2024-09-30_11-19-00_0000007_noise_b1330e5a.png,Not USV
2024-09-30_11-21-50_0000047_noise_0521ffff,2024-09-30_11-21-50_0000047.wav,2604.691910440806,2677.325198083249,72.63328764244261,2554.691910440806,2727.325198083249,0.0,0.0,False,noise_samples\2024-09-30_11-21-50_0000047_noise_0521ffff.png,Not USV
2024-09-30_11-19-55_0000017_noise_bc45442b,2024-09-30_11-19-55_0000017.wav,1882.3065859442672,1916.195120896122,33.88853495185481,1832.3065859442672,1966.195120896122,0.0,0.0,False,noise_samples\2024-09-30_11-19-55_0000017_noise_bc45442b.png,Not USV
2024-09-30_11-20-07_0000020_noise_553bbb8a,2024-09-30_11-20-07_0000020.wav,458.1446250437133,502.5755627342079,44.4309376904946,408.1446250437133,552.5755627342079,0.0,0.0,False,noise_samples\2024-09-30_11-20-07_0000020_noise_553bbb8a.png,Not USV
2024-09-30_11-21-07_0000035_noise_7da267e1,2024-09-30_11-21-07_0000035.wav,2694.085866309175,2716.594645948586,22.508779639410932,2644.085866309175,2766.594645948586,0.0,0.0,False,noise_samples\2024-09-30_11-21-07_0000035_noise_7da267e1.png,Not USV
2024-09-30_11-18-57_0000006_noise_2f355263,2024-09-30_11-18-57_0000006.wav,2324.7078102629566,2422.538641498042,97.8308312350855,2274.7078102629566,2472.538641498042,0.0,0.0,False,noise_samples\2024-09-30_11-18-57_0000006_noise_2f355263.png,Not USV
2024-09-30_11-20-53_0000032_noise_0df0b92d,2024-09-30_11-20-53_0000032.wav,1273.9206082312776,1353.04124601333,79.12063778205243,1223.9206082312776,1403.04124601333,0.0,0.0,False,noise_samples\2024-09-30_11-20-53_0000032_noise_0df0b92d.png,Not USV
2024-09-30_11-19-19_0000012_noise_7869e875,2024-09-30_11-19-19_0000012.wav,3035.312579775957,3089.050948098281,53.73836832232382,2985.312579775957,3139.050948098281,0.0,0.0,False,noise_samples\2024-09-30_11-19-19_0000012_noise_7869e875.png,Not USV
2024-09-30_11-21-48_0000046_noise_8ab882d4,2024-09-30_11-21-48_0000046.wav,1259.0982073611012,1324.8870612601872,65.788853899086,1209.0982073611012,1374.8870612601872,0.0,0.0,False,noise_samples\2024-09-30_11-21-48_0000046_noise_8ab882d4.png,Not USV
2024-09-30_11-19-19_0000012_noise_51605560,2024-09-30_11-19-19_0000012.wav,8151.99510955707,8242.417206818207,90.42209726113742,8101.99510955707,8292.417206818207,0.0,0.0,False,noise_samples\2024-09-30_11-19-19_0000012_noise_51605560.png,Not USV
2024-09-30_11-21-01_0000034_noise_2a415bd0,2024-09-30_11-21-01_0000034.wav,311.207419403805,405.86287790031884,94.65545849651386,261.207419403805,455.86287790031884,0.0,0.0,False,noise_samples\2024-09-30_11-21-01_0000034_noise_2a415bd0.png,Not USV
2024-09-30_11-18-27_0000003_noise_87d7561b,2024-09-30_11-18-27_0000003.wav,928.1827465471772,952.0128899981148,23.830143450937612,878.1827465471772,1002.0128899981148,0.0,0.0,False,noise_samples\2024-09-30_11-18-27_0000003_noise_87d7561b.png,Not USV
2024-09-30_11-19-12_0000009_noise_59499839,2024-09-30_11-19-12_0000009.wav,2007.85260716928,2046.9234767633284,39.07086959404842,1957.85260716928,2096.9234767633284,0.0,0.0,False,noise_samples\2024-09-30_11-19-12_0000009_noise_59499839.png,Not USV
2024-09-30_11-20-45_0000030_noise_afbeec64,2024-09-30_11-20-45_0000030.wav,2259.0053220790014,2328.9173589829643,69.91203690396287,2209.0053220790014,2378.9173589829643,0.0,0.0,False,noise_samples\2024-09-30_11-20-45_0000030_noise_afbeec64.png,Not USV
2024-09-30_11-21-58_0000049_noise_4330aa93,2024-09-30_11-21-58_0000049.wav,630.9022923558481,671.895071503819,40.992779147970964,580.9022923558481,721.895071503819,0.0,0.0,False,noise_samples\2024-09-30_11-21-58_0000049_noise_4330aa93.png,Not USV
2024-09-30_11-21-40_0000044_noise_7c06db98,2024-09-30_11-21-40_0000044.wav,2318.7498735830363,2375.5592130029663,56.809339419929984,2268.7498735830363,2425.5592130029663,0.0,0.0,False,noise_samples\2024-09-30_11-21-40_0000044_noise_7c06db98.png,Not USV
2024-09-30_11-20-41_0000029_noise_62c63bb9,2024-09-30_11-20-41_0000029.wav,733.0530862383013,820.3870223278329,87.33393608953168,683.0530862383013,870.3870223278329,0.0,0.0,False,noise_samples\2024-09-30_11-20-41_0000029_noise_62c63bb9.png,Not USV
2024-09-30_11-18-17_0000001_noise_57c82955,2024-09-30_11-18-17_0000001.wav,7426.675967334362,7477.682434243854,51.00646690949179,7376.675967334362,7527.682434243854,0.0,0.0,False,noise_samples\2024-09-30_11-18-17_0000001_noise_57c82955.png,Not USV
2024-09-30_11-21-44_0000045_noise_7eb5363b,2024-09-30_11-21-44_0000045.wav,3869.6111961225415,3925.6230593231226,56.01186320058105,3819.6111961225415,3975.6230593231226,0.0,0.0,False,noise_samples\2024-09-30_11-21-44_0000045_noise_7eb5363b.png,Not USV
2024-09-30_11-21-30_0000042_noise_d1c3532a,2024-09-30_11-21-30_0000042.wav,727.3451303022633,756.7630865735791,29.417956271315802,677.3451303022633,806.7630865735791,0.0,0.0,False,noise_samples\2024-09-30_11-21-30_0000042_noise_d1c3532a.png,Not USV
2024-09-30_11-19-12_0000009_noise_f5e8aa2c,2024-09-30_11-19-12_0000009.wav,1976.2499734432995,2043.1460637586526,66.89609031535315,1926.2499734432995,2093.1460637586524,0.0,0.0,False,noise_samples\2024-09-30_11-19-12_0000009_noise_f5e8aa2c.png,Not USV
2024-09-30_11-21-57_0000048_noise_8c5b3c92,2024-09-30_11-21-57_0000048.wav,381.38478744977334,444.5034008886432,63.118613438869886,331.38478744977334,494.5034008886432,0.0,0.0,False,noise_samples\2024-09-30_11-21-57_0000048_noise_8c5b3c92.png,Not USV
2024-09-30_11-18-34_0000004_noise_e80d349c,2024-09-30_11-18-34_0000004.wav,370.12397543359396,455.33210955722814,85.20813412363418,320.12397543359396,505.33210955722814,0.0,0.0,False,noise_samples\2024-09-30_11-18-34_0000004_noise_e80d349c.png,Not USV
2024-09-30_11-21-01_0000034_noise_127e0656,2024-09-30_11-21-01_0000034.wav,3345.359492491598,3435.6948059765414,90.33531348494353,3295.359492491598,3485.6948059765414,0.0,0.0,False,noise_samples\2024-09-30_11-21-01_0000034_noise_127e0656.png,Not USV
2024-09-30_11-21-22_0000038_noise_8930c2e7,2024-09-30_11-21-22_0000038.wav,1230.7981551728972,1321.9287304272143,91.13057525431714,1180.7981551728972,1371.9287304272143,0.0,0.0,False,noise_samples\2024-09-30_11-21-22_0000038_noise_8930c2e7.png,Not USV
2024-09-30_11-20-45_0000030_noise_c64dd37f,2024-09-30_11-20-45_0000030.wav,1677.9203629078866,1723.9488533672084,46.0284904593218,1627.9203629078866,1773.9488533672084,0.0,0.0,False,noise_samples\2024-09-30_11-20-45_0000030_noise_c64dd37f.png,Not USV
2024-09-30_11-18-34_0000004_noise_01742422,2024-09-30_11-18-34_0000004.wav,9482.758574323292,9521.618407293989,38.859832970696516,9432.758574323292,9571.618407293989,0.0,0.0,False,noise_samples\2024-09-30_11-18-34_0000004_noise_01742422.png,Not USV
2024-09-30_11-21-18_0000037_noise_ffe03ff6,2024-09-30_11-21-18_0000037.wav,338.5847202887916,371.27560962642946,32.690889337637884,288.5847202887916,421.27560962642946,0.0,0.0,False,noise_samples\2024-09-30_11-21-18_0000037_noise_ffe03ff6.png,Not USV
2024-09-30_11-19-38_0000015_noise_02cc6784,2024-09-30_11-19-38_0000015.wav,12339.170684635228,12404.590805540158,65.42012090492972,12289.170684635228,12454.590805540158,0.0,0.0,False,noise_samples\2024-09-30_11-19-38_0000015_noise_02cc6784.png,Not USV
2024-09-30_11-20-03_0000019_noise_3cd42874,2024-09-30_11-20-03_0000019.wav,3201.2974198598845,3277.557772817322,76.26035295743759,3151.2974198598845,3327.557772817322,0.0,0.0,False,noise_samples\2024-09-30_11-20-03_0000019_noise_3cd42874.png,Not USV
2024-09-30_11-20-07_0000020_noise_fa92037c,2024-09-30_11-20-07_0000020.wav,1295.1922979513404,1323.0456888616234,27.853390910282997,1245.1922979513404,1373.0456888616234,0.0,0.0,False,noise_samples\2024-09-30_11-20-07_0000020_noise_fa92037c.png,Not USV
2024-09-30_11-20-03_0000019_noise_7759fcd5,2024-09-30_11-20-03_0000019.wav,2913.398484542511,2966.5090850599527,53.110600517441526,2863.398484542511,3016.5090850599527,0.0,0.0,False,noise_samples\2024-09-30_11-20-03_0000019_noise_7759fcd5.png,Not USV
2024-09-30_11-20-29_0000024_noise_b2b83723,2024-09-30_11-20-29_0000024.wav,523.2027782902064,611.0761981495846,87.87341985937815,473.2027782902064,661.0761981495846,0.0,0.0,False,noise_samples\2024-09-30_11-20-29_0000024_noise_b2b83723.png,Not USV
2024-09-30_11-21-07_0000035_noise_d5e6e097,2024-09-30_11-21-07_0000035.wav,376.90578412088803,448.71045588791213,71.8046717670241,326.90578412088803,498.71045588791213,0.0,0.0,False,noise_samples\2024-09-30_11-21-07_0000035_noise_d5e6e097.png,Not USV
2024-09-30_11-19-58_0000018_noise_06ad020e,2024-09-30_11-19-58_0000018.wav,1469.6952852483842,1543.8351435112854,74.13985826290127,1419.6952852483842,1593.8351435112854,0.0,0.0,False,noise_samples\2024-09-30_11-19-58_0000018_noise_06ad020e.png,Not USV
2024-09-30_11-18-25_0000002_noise_3027324b,2024-09-30_11-18-25_0000002.wav,2029.5755139955268,2103.4464282714234,73.87091427589667,1979.5755139955268,2153.4464282714234,0.0,0.0,False,noise_samples\2024-09-30_11-18-25_0000002_noise_3027324b.png,Not USV
2024-09-30_11-21-40_0000044_noise_8c0aab73,2024-09-30_11-21-40_0000044.wav,1303.5965384053063,1358.0599190790629,54.46338067375655,1253.5965384053063,1408.0599190790629,0.0,0.0,False,noise_samples\2024-09-30_11-21-40_0000044_noise_8c0aab73.png,Not USV
2024-09-30_11-19-19_0000012_noise_5ff12103,2024-09-30_11-19-19_0000012.wav,3270.514693826607,3368.4395036701985,97.92480984359145,3220.514693826607,3418.4395036701985,0.0,0.0,False,noise_samples\2024-09-30_11-19-19_0000012_noise_5ff12103.png,Not USV
2024-09-30_11-19-31_0000013_noise_54b8e091,2024-09-30_11-19-31_0000013.wav,2185.0064047018045,2208.4629546634787,23.456549961674227,2135.0064047018045,2258.4629546634787,0.0,0.0,False,noise_samples\2024-09-30_11-19-31_0000013_noise_54b8e091.png,Not USV
2024-09-30_11-21-34_0000043_noise_37150bb1,2024-09-30_11-21-34_0000043.wav,3695.621435854394,3731.9483633009563,36.32692744656242,3645.621435854394,3781.9483633009563,0.0,0.0,False,noise_samples\2024-09-30_11-21-34_0000043_noise_37150bb1.png,Not USV
2024-09-30_11-18-17_0000001_noise_66261061,2024-09-30_11-18-17_0000001.wav,7440.239993503958,7510.096784228057,69.85679072409857,7390.239993503958,7560.096784228057,0.0,0.0,False,noise_samples\2024-09-30_11-18-17_0000001_noise_66261061.png,Not USV
2024-09-30_11-19-19_0000012_noise_1632eb89,2024-09-30_11-19-19_0000012.wav,6412.109392266624,6464.949348993242,52.83995672661786,6362.109392266624,6514.949348993242,0.0,0.0,False,noise_samples\2024-09-30_11-19-19_0000012_noise_1632eb89.png,Not USV
2024-09-30_11-19-00_0000007_noise_a4962c1f,2024-09-30_11-19-00_0000007.wav,482.8331653648059,513.7335754660916,30.900410101285672,432.8331653648059,563.7335754660916,0.0,0.0,False,noise_samples\2024-09-30_11-19-00_0000007_noise_a4962c1f.png,Not USV
2024-09-30_11-19-38_0000015_noise_245e3dbe,2024-09-30_11-19-38_0000015.wav,5394.4655633792945,5478.426722179664,83.96115880036905,5344.4655633792945,5528.426722179664,0.0,0.0,False,noise_samples\2024-09-30_11-19-38_0000015_noise_245e3dbe.png,Not USV
2024-09-30_11-21-50_0000047_noise_385d3ac8,2024-09-30_11-21-50_0000047.wav,3794.4224085841815,3859.211124512983,64.7887159288016,3744.4224085841815,3909.211124512983,0.0,0.0,False,noise_samples\2024-09-30_11-21-50_0000047_noise_385d3ac8.png,Not USV
2024-09-30_11-20-45_0000030_noise_9c3a4d38,2024-09-30_11-20-45_0000030.wav,647.3126360952009,679.5372384812292,32.22460238602832,597.3126360952009,729.5372384812292,0.0,0.0,False,noise_samples\2024-09-30_11-20-45_0000030_noise_9c3a4d38.png,Not USV
2024-09-30_11-19-54_0000016_noise_a36a420e,2024-09-30_11-19-54_0000016.wav,318.5659293550777,376.4750411131164,57.909111758038705,268.5659293550777,426.4750411131164,0.0,0.0,False,noise_samples\2024-09-30_11-19-54_0000016_noise_a36a420e.png,Not USV
2024-09-30_11-20-45_0000030_noise_adbbe344,2024-09-30_11-20-45_0000030.wav,2822.657610781399,2902.593974358083,79.93636357668402,2772.657610781399,2952.593974358083,0.0,0.0,False,noise_samples\2024-09-30_11-20-45_0000030_noise_adbbe344.png,Not USV
2024-09-30_11-19-38_0000015_noise_842e629a,2024-09-30_11-19-38_0000015.wav,14852.004294559307,14904.074813048243,52.070518488935704,14802.004294559307,14954.074813048243,0.0,0.0,False,noise_samples\2024-09-30_11-19-38_0000015_noise_842e629a.png,Not USV
2024-09-30_11-21-34_0000043_noise_779f433d,2024-09-30_11-21-34_0000043.wav,5134.158524763342,5188.771940479494,54.6134157161523,5084.158524763342,5238.771940479494,0.0,0.0,False,noise_samples\2024-09-30_11-21-34_0000043_noise_779f433d.png,Not USV
2024-09-30_11-20-48_0000031_noise_9125809a,2024-09-30_11-20-48_0000031.wav,470.8577604994629,553.5226626739084,82.66490217444544,420.8577604994629,603.5226626739084,0.0,0.0,False,noise_samples\2024-09-30_11-20-48_0000031_noise_9125809a.png,Not USV
2024-09-30_11-20-45_0000030_noise_1d2f2b99,2024-09-30_11-20-45_0000030.wav,1693.7265219787398,1763.5740726811482,69.8475507024084,1643.7265219787398,1813.5740726811482,0.0,0.0,False,noise_samples\2024-09-30_11-20-45_0000030_noise_1d2f2b99.png,Not USV
2024-09-30_11-20-26_0000023_noise_ee6f438f,2024-09-30_11-20-26_0000023.wav,576.5505104333564,675.1551333662196,98.60462293286321,526.5505104333564,725.1551333662196,0.0,0.0,False,noise_samples\2024-09-30_11-20-26_0000023_noise_ee6f438f.png,Not USV
2024-09-30_11-19-12_0000009_noise_e48173fe,2024-09-30_11-19-12_0000009.wav,2665.6594039678607,2734.941145521587,69.28174155372608,2615.6594039678607,2784.941145521587,0.0,0.0,False,noise_samples\2024-09-30_11-19-12_0000009_noise_e48173fe.png,Not USV
2024-09-30_11-19-38_0000015_noise_9e46febd,2024-09-30_11-19-38_0000015.wav,1774.7107787414957,1809.9559999486926,35.24522120719689,1724.7107787414957,1859.9559999486926,0.0,0.0,False,noise_samples\2024-09-30_11-19-38_0000015_noise_9e46febd.png,Not USV
2024-09-30_11-20-03_0000019_noise_bcf7eae4,2024-09-30_11-20-03_0000019.wav,713.1714558700977,812.1982548984706,99.02679902837292,663.1714558700977,862.1982548984706,0.0,0.0,False,noise_samples\2024-09-30_11-20-03_0000019_noise_bcf7eae4.png,Not USV
2024-09-30_11-18-52_0000005_noise_996187ca,2024-09-30_11-18-52_0000005.wav,2677.935514556979,2703.4734616921073,25.537947135128434,2627.935514556979,2753.4734616921073,0.0,0.0,False,noise_samples\2024-09-30_11-18-52_0000005_noise_996187ca.png,Not USV
2024-09-30_11-21-24_0000039_noise_a2cf4893,2024-09-30_11-21-24_0000039.wav,834.2396240932119,881.6844946772,47.44487058398806,784.2396240932119,931.6844946772,0.0,0.0,False,noise_samples\2024-09-30_11-21-24_0000039_noise_a2cf4893.png,Not USV
2024-09-30_11-21-01_0000034_noise_a0738290,2024-09-30_11-21-01_0000034.wav,3975.739610255777,4066.1161860119664,90.3765757561896,3925.739610255777,4116.116186011966,0.0,0.0,False,noise_samples\2024-09-30_11-21-01_0000034_noise_a0738290.png,Not USV
2024-09-30_11-18-27_0000003_noise_58624ae7,2024-09-30_11-18-27_0000003.wav,3218.623677320906,3244.3102434212974,25.686566100391246,3168.623677320906,3294.3102434212974,0.0,0.0,False,noise_samples\2024-09-30_11-18-27_0000003_noise_58624ae7.png,Not USV
2024-09-30_11-21-34_0000043_noise_1fec7a1e,2024-09-30_11-21-34_0000043.wav,493.61795804300704,560.156025285149,66.53806724214195,443.61795804300704,610.156025285149,0.0,0.0,False,noise_samples\2024-09-30_11-21-34_0000043_noise_1fec7a1e.png,Not USV
2024-09-30_11-20-29_0000024_noise_a506cd7b,2024-09-30_11-20-29_0000024.wav,1956.6599598571054,1986.101449074768,29.441489217662593,1906.6599598571054,2036.101449074768,0.0,0.0,False,noise_samples\2024-09-30_11-20-29_0000024_noise_a506cd7b.png,Not USV
2024-09-30_11-21-14_0000036_noise_59c94578,2024-09-30_11-21-14_0000036.wav,123.30253825716474,160.35349561086093,37.05095735369619,73.30253825716474,210.35349561086093,0.0,0.0,False,noise_samples\2024-09-30_11-21-14_0000036_noise_59c94578.png,Not USV
