candidate_id,source_file,start_ms,end_ms,duration_ms,context_start_ms,context_end_ms,peak_freq_hz,peak_energy_db,interference_flag,spectrogram_path
2024-09-30_11-18-17_0000001_00000900,2024-09-30_11-18-17_0000001.wav,899.8399999999999,915.6266666666666,15.786666666666633,849.8399999999999,965.6266666666666,66210.9375,2.3822008493589735,False,
2024-09-30_11-18-17_0000001_00000922,2024-09-30_11-18-17_0000001.wav,922.4533333333333,933.1199999999999,10.666666666666629,872.4533333333333,983.1199999999999,86718.75,5.432412081268526,False,
2024-09-30_11-18-17_0000001_00000939,2024-09-30_11-18-17_0000001.wav,939.0933333333332,973.6533333333333,34.56000000000006,889.0933333333332,1023.6533333333333,77929.6875,4.974578662858342,False,
2024-09-30_11-18-17_0000001_00001007,2024-09-30_11-18-17_0000001.wav,1007.3599999999999,1051.3066666666666,43.946666666666715,957.3599999999999,1101.3066666666666,94335.9375,10.875385978975967,False,
2024-09-30_11-18-17_0000001_00002106,2024-09-30_11-18-17_0000001.wav,2105.6,2146.133333333333,40.5333333333333,2055.6,2196.133333333333,26953.125,4.379915461933197,False,
2024-09-30_11-18-17_0000001_00002480,2024-09-30_11-18-17_0000001.wav,2479.7866666666664,2490.4533333333334,10.66666666666697,2429.7866666666664,2540.4533333333334,36328.125,5.295882669125743,False,
2024-09-30_11-18-17_0000001_00002776,2024-09-30_11-18-17_0000001.wav,2775.893333333333,2795.52,19.626666666667006,2725.893333333333,2845.52,65625.0,4.26884361476768,False,
2024-09-30_11-18-17_0000001_00002814,2024-09-30_11-18-17_0000001.wav,2814.293333333333,2863.7866666666664,49.49333333333334,2764.293333333333,2913.7866666666664,55664.0625,9.336816971985796,False,
2024-09-30_11-18-17_0000001_00002869,2024-09-30_11-18-17_0000001.wav,2868.9066666666663,2895.3599999999997,26.453333333333376,2818.9066666666663,2945.3599999999997,25781.25,14.350664913651553,False,
2024-09-30_11-18-17_0000001_00002937,2024-09-30_11-18-17_0000001.wav,2937.173333333333,3016.5333333333333,79.36000000000013,2887.173333333333,3066.5333333333333,65039.0625,13.398394139558787,False,
2024-09-30_11-18-17_0000001_00003051,2024-09-30_11-18-17_0000001.wav,3050.6666666666665,3143.68,93.01333333333332,3000.6666666666665,3193.68,70898.4375,9.628591302775035,False,
2024-09-30_11-18-17_0000001_00003190,2024-09-30_11-18-17_0000001.wav,3189.7599999999998,3248.213333333333,58.453333333333376,3139.7599999999998,3298.213333333333,27539.0625,5.65609035304281,False,
2024-09-30_11-18-17_0000001_00003259,2024-09-30_11-18-17_0000001.wav,3259.3066666666664,3275.0933333333332,15.78666666666686,3209.3066666666664,3325.0933333333332,25781.25,2.8523612135147207,False,
2024-09-30_11-18-17_0000001_00003287,2024-09-30_11-18-17_0000001.wav,3286.6133333333332,3360.4266666666663,73.81333333333305,3236.6133333333332,3410.4266666666663,69726.5625,7.046714368464419,False,
2024-09-30_11-18-17_0000001_00003434,2024-09-30_11-18-17_0000001.wav,3434.24,3471.7866666666664,37.546666666666624,3384.24,3521.7866666666664,69726.5625,13.189640768206692,False,
2024-09-30_11-18-17_0000001_00003477,2024-09-30_11-18-17_0000001.wav,3477.333333333333,3506.3466666666664,29.01333333333332,3427.333333333333,3556.3466666666664,36914.0625,4.153106001770358,False,
2024-09-30_11-18-17_0000001_00003685,2024-09-30_11-18-17_0000001.wav,3685.12,3747.8399999999997,62.7199999999998,3635.12,3797.8399999999997,25781.25,3.8153680915467585,False,
2024-09-30_11-18-17_0000001_00003814,2024-09-30_11-18-17_0000001.wav,3813.5466666666666,3856.213333333333,42.666666666666515,3763.5466666666666,3906.213333333333,73242.1875,7.578974111496361,False,
2024-09-30_11-18-17_0000001_00003928,2024-09-30_11-18-17_0000001.wav,3928.3199999999997,3941.973333333333,13.653333333333194,3878.3199999999997,3991.973333333333,70898.4375,3.2009181270901332,False,
2024-09-30_11-18-17_0000001_00003962,2024-09-30_11-18-17_0000001.wav,3962.453333333333,3982.933333333333,20.480000000000018,3912.453333333333,4032.933333333333,25195.3125,0.384760911242592,False,
2024-09-30_11-18-17_0000001_00004052,2024-09-30_11-18-17_0000001.wav,4051.6266666666666,4071.68,20.053333333333285,4001.6266666666666,4121.68,26367.1875,7.799170196137819,False,
2024-09-30_11-18-17_0000001_00004158,2024-09-30_11-18-17_0000001.wav,4157.866666666667,4218.88,61.01333333333332,4107.866666666667,4268.88,63281.25,6.557310387801969,False,
2024-09-30_11-18-17_0000001_00004298,2024-09-30_11-18-17_0000001.wav,4298.24,4337.92,39.68000000000029,4248.24,4387.92,68554.6875,11.165613467781387,False,
2024-09-30_11-18-17_0000001_00004448,2024-09-30_11-18-17_0000001.wav,4447.573333333333,4485.546666666666,37.97333333333336,4397.573333333333,4535.546666666666,25195.3125,1.1078910275851952,False,
2024-09-30_11-18-17_0000001_00004532,2024-09-30_11-18-17_0000001.wav,4532.48,4555.946666666667,23.46666666666715,4482.48,4605.946666666667,86718.75,9.340848207280322,False,
2024-09-30_11-18-17_0000001_00004561,2024-09-30_11-18-17_0000001.wav,4561.493333333333,4573.44,11.946666666666715,4511.493333333333,4623.44,80273.4375,6.136756839347129,False,
2024-09-30_11-18-17_0000001_00004619,2024-09-30_11-18-17_0000001.wav,4618.666666666666,4629.759999999999,11.093333333333248,4568.666666666666,4679.759999999999,27539.0625,-0.6985284389165315,False,
2024-09-30_11-18-17_0000001_00004643,2024-09-30_11-18-17_0000001.wav,4642.5599999999995,4672.0,29.44000000000051,4592.5599999999995,4722.0,69140.625,14.894663470716807,False,
2024-09-30_11-18-17_0000001_00004746,2024-09-30_11-18-17_0000001.wav,4745.813333333333,4757.333333333333,11.520000000000437,4695.813333333333,4807.333333333333,29882.8125,1.6622907673781142,False,
2024-09-30_11-18-17_0000001_00005026,2024-09-30_11-18-17_0000001.wav,5026.133333333333,5039.36,13.22666666666646,4976.133333333333,5089.36,26367.1875,3.08038320331284,False,
2024-09-30_11-18-17_0000001_00005420,2024-09-30_11-18-17_0000001.wav,5420.373333333333,5431.8933333333325,11.519999999999527,5370.373333333333,5481.8933333333325,25781.25,1.7196725087729448,False,
2024-09-30_11-18-17_0000001_00005533,2024-09-30_11-18-17_0000001.wav,5533.013333333333,5581.2266666666665,48.21333333333314,5483.013333333333,5631.2266666666665,83789.0625,7.934186992409575,False,
2024-09-30_11-18-17_0000001_00005709,2024-09-30_11-18-17_0000001.wav,5708.799999999999,5739.093333333333,30.293333333333976,5658.799999999999,5789.093333333333,28125.0,-0.8085277072277408,False,
2024-09-30_11-18-17_0000001_00005769,2024-09-30_11-18-17_0000001.wav,5768.96,5824.0,55.039999999999964,5718.96,5874.0,69140.625,10.530202294147674,False,
2024-09-30_11-18-17_0000001_00006358,2024-09-30_11-18-17_0000001.wav,6357.759999999999,6368.853333333333,11.093333333333248,6307.759999999999,6418.853333333333,30468.75,7.941424454481242,False,
2024-09-30_11-18-17_0000001_00007110,2024-09-30_11-18-17_0000001.wav,7109.973333333332,7129.599999999999,19.626666666667006,7059.973333333332,7179.599999999999,66210.9375,4.478528138413036,False,
2024-09-30_11-18-25_0000002_00000000,2024-09-30_11-18-25_0000002.wav,0.0,2254.5066666666667,2254.5066666666667,0.0,2304.5066666666667,28125.0,11.192285497562285,False,
2024-09-30_11-18-27_0000003_00004490,2024-09-30_11-18-27_0000003.wav,4490.24,4507.306666666666,17.066666666666606,4440.24,4557.306666666666,26953.125,9.955157532724904,False,
2024-09-30_11-18-27_0000003_00004515,2024-09-30_11-18-27_0000003.wav,4514.5599999999995,4552.106666666667,37.54666666666708,4464.5599999999995,4602.106666666667,27539.0625,8.828075042413621,False,
2024-09-30_11-18-52_0000005_00004006,2024-09-30_11-18-52_0000005.wav,4006.3999999999996,4018.773333333333,12.373333333333449,3956.3999999999996,4068.773333333333,33398.4375,10.55501800710301,False,
2024-09-30_11-18-57_0000006_00001530,2024-09-30_11-18-57_0000006.wav,1530.4533333333331,1540.6933333333332,10.240000000000009,1480.4533333333331,1590.6933333333332,31054.6875,15.641225802012855,False,
2024-09-30_11-19-15_0000010_00001001,2024-09-30_11-19-15_0000010.wav,1001.3866666666667,1027.4133333333332,26.02666666666653,951.3866666666667,1077.4133333333332,72070.3125,4.617410660841589,False,
2024-09-30_11-19-15_0000010_00001044,2024-09-30_11-19-15_0000010.wav,1044.48,1091.4133333333332,46.93333333333317,994.48,1141.4133333333332,70312.5,13.046221582192212,False,
2024-09-30_11-19-15_0000010_00001099,2024-09-30_11-19-15_0000010.wav,1098.6666666666665,1109.76,11.093333333333476,1048.6666666666665,1159.76,57421.875,12.188705784282314,False,
2024-09-30_11-19-15_0000010_00001190,2024-09-30_11-19-15_0000010.wav,1190.3999999999999,1219.4133333333332,29.01333333333332,1140.3999999999999,1269.4133333333332,70312.5,13.045500415207112,False,
2024-09-30_11-19-15_0000010_00001227,2024-09-30_11-19-15_0000010.wav,1226.6666666666665,1237.76,11.093333333333476,1176.6666666666665,1287.76,57421.875,12.188752695004466,False,
2024-09-30_11-19-15_0000010_00001318,2024-09-30_11-19-15_0000010.wav,1318.3999999999999,1347.4133333333332,29.01333333333332,1268.3999999999999,1397.4133333333332,70312.5,13.045500415207112,False,
2024-09-30_11-19-15_0000010_00001355,2024-09-30_11-19-15_0000010.wav,1354.6666666666665,1365.76,11.093333333333476,1304.6666666666665,1415.76,57421.875,12.188803674675563,False,
2024-09-30_11-19-15_0000010_00001429,2024-09-30_11-19-15_0000010.wav,1428.9066666666665,1442.9866666666667,14.080000000000155,1378.9066666666665,1492.9866666666667,62109.375,1.6997936351797978,False,
2024-09-30_11-19-15_0000010_00001584,2024-09-30_11-19-15_0000010.wav,1583.7866666666666,1597.8666666666666,14.079999999999927,1533.7866666666666,1647.8666666666666,28710.9375,-0.14904102900262087,False,
2024-09-30_11-19-15_0000010_00001608,2024-09-30_11-19-15_0000010.wav,1608.1066666666666,1632.4266666666665,24.319999999999936,1558.1066666666666,1682.4266666666665,31054.6875,3.327492235998522,False,
2024-09-30_11-19-15_0000010_00001901,2024-09-30_11-19-15_0000010.wav,1900.8,1931.52,30.720000000000027,1850.8,1981.52,25195.3125,4.194189751728433,False,
2024-09-30_11-19-15_0000010_00002043,2024-09-30_11-19-15_0000010.wav,2042.8799999999999,2069.333333333333,26.45333333333315,1992.8799999999999,2119.333333333333,63867.1875,6.175492333362673,False,
2024-09-30_11-19-15_0000010_00002165,2024-09-30_11-19-15_0000010.wav,2165.333333333333,2190.9333333333334,25.600000000000364,2115.333333333333,2240.9333333333334,60351.5625,0.31734509711583037,True,
2024-09-30_11-19-15_0000010_00002196,2024-09-30_11-19-15_0000010.wav,2196.0533333333333,2208.0,11.946666666666715,2146.0533333333333,2258.0,69140.625,2.4329505186567912,False,
2024-09-30_11-19-15_0000010_00002295,2024-09-30_11-19-15_0000010.wav,2295.4666666666667,2323.2,27.73333333333312,2245.4666666666667,2373.2,28125.0,4.289264346123524,False,
2024-09-30_11-19-16_0000011_00000001,2024-09-30_11-19-16_0000011.wav,0.8533333333333333,31.146666666666665,30.293333333333333,0.0,81.14666666666666,27539.0625,-3.561614403073148,False,
2024-09-30_11-19-16_0000011_00000037,2024-09-30_11-19-16_0000011.wav,36.69333333333333,78.50666666666666,41.81333333333333,0.0,128.50666666666666,26367.1875,-0.3582543586299469,False,
2024-09-30_11-19-16_0000011_00000090,2024-09-30_11-19-16_0000011.wav,90.45333333333333,398.50666666666666,308.05333333333334,40.45333333333333,448.50666666666666,83203.125,6.615038348848746,False,
2024-09-30_11-19-16_0000011_00000427,2024-09-30_11-19-16_0000011.wav,426.66666666666663,540.16,113.49333333333334,376.66666666666663,590.16,27539.0625,4.1230045625498555,False,
2024-09-30_11-19-16_0000011_00000549,2024-09-30_11-19-16_0000011.wav,549.12,560.2133333333333,11.093333333333248,499.12,610.2133333333333,67968.75,2.589241288932685,False,
2024-09-30_11-19-16_0000011_00000566,2024-09-30_11-19-16_0000011.wav,566.1866666666666,581.5466666666666,15.360000000000014,516.1866666666666,631.5466666666666,25195.3125,-4.111146693775685,False,
2024-09-30_11-19-16_0000011_00000595,2024-09-30_11-19-16_0000011.wav,594.7733333333333,676.6933333333333,81.91999999999996,544.7733333333333,726.6933333333333,28125.0,4.289264346123524,False,
2024-09-30_11-19-16_0000011_00000683,2024-09-30_11-19-16_0000011.wav,683.0933333333332,694.6133333333333,11.520000000000095,633.0933333333332,744.6133333333333,25781.25,0.705704356914518,False,
2024-09-30_11-19-16_0000011_00000715,2024-09-30_11-19-16_0000011.wav,715.0933333333332,725.76,10.666666666666742,665.0933333333332,775.76,26953.125,-4.732731910438406,False,
2024-09-30_11-19-16_0000011_00000774,2024-09-30_11-19-16_0000011.wav,773.9733333333332,820.4799999999999,46.50666666666666,723.9733333333332,870.4799999999999,25195.3125,-1.6610369343454645,False,
2024-09-30_11-19-16_0000011_00000826,2024-09-30_11-19-16_0000011.wav,826.4533333333333,843.9466666666666,17.49333333333334,776.4533333333333,893.9466666666666,35742.1875,-0.1353333181366908,False,
2024-09-30_11-19-16_0000011_00000869,2024-09-30_11-19-16_0000011.wav,868.6933333333333,881.0666666666666,12.373333333333335,818.6933333333333,931.0666666666666,52734.375,-4.530667960559127,False,
2024-09-30_11-19-16_0000011_00000888,2024-09-30_11-19-16_0000011.wav,887.8933333333333,938.2399999999999,50.34666666666658,837.8933333333333,988.2399999999999,32226.5625,0.38997448494742637,False,
2024-09-30_11-19-16_0000011_00000949,2024-09-30_11-19-16_0000011.wav,949.3333333333333,1082.8799999999999,133.54666666666662,899.3333333333333,1132.8799999999999,83203.125,12.654736832124293,False,
2024-09-30_11-19-16_0000011_00001149,2024-09-30_11-19-16_0000011.wav,1149.4399999999998,1175.04,25.600000000000136,1099.4399999999998,1225.04,60351.5625,6.990603665687161,True,
2024-09-30_11-19-16_0000011_00001292,2024-09-30_11-19-16_0000011.wav,1292.3733333333332,1313.28,20.90666666666675,1242.3733333333332,1363.28,62695.3125,-0.13319274122550956,False,
2024-09-30_11-19-16_0000011_00001344,2024-09-30_11-19-16_0000011.wav,1344.0,1359.36,15.3599999999999,1294.0,1409.36,26953.125,1.0115013459990772,False,
2024-09-30_11-19-16_0000011_00001459,2024-09-30_11-19-16_0000011.wav,1458.7733333333333,1473.28,14.50666666666666,1408.7733333333333,1523.28,26367.1875,-5.1681582445381675,False,
2024-09-30_11-19-16_0000011_00001499,2024-09-30_11-19-16_0000011.wav,1498.8799999999999,1534.7199999999998,35.83999999999992,1448.8799999999999,1584.7199999999998,25195.3125,-1.6206221831783851,False,
2024-09-30_11-19-16_0000011_00001571,2024-09-30_11-19-16_0000011.wav,1570.56,1585.4933333333333,14.933333333333394,1520.56,1635.4933333333333,97265.625,-4.9006795781960895,False,
2024-09-30_11-19-16_0000011_00001641,2024-09-30_11-19-16_0000011.wav,1641.3866666666665,1653.76,12.373333333333449,1591.3866666666665,1703.76,63281.25,5.057088594309077,False,
2024-09-30_11-19-16_0000011_00001659,2024-09-30_11-19-16_0000011.wav,1658.8799999999999,1688.7466666666664,29.86666666666656,1608.8799999999999,1738.7466666666664,65039.0625,9.060608100624354,False,
2024-09-30_11-19-16_0000011_00001723,2024-09-30_11-19-16_0000011.wav,1722.8799999999999,1742.08,19.200000000000045,1672.8799999999999,1792.08,100781.25,-4.7699093426413235,False,
2024-09-30_11-19-16_0000011_00001757,2024-09-30_11-19-16_0000011.wav,1756.5866666666666,1827.84,71.25333333333333,1706.5866666666666,1877.84,25195.3125,0.5623662390526261,False,
2024-09-30_11-19-16_0000011_00001854,2024-09-30_11-19-16_0000011.wav,1854.2933333333333,1888.4266666666665,34.13333333333321,1804.2933333333333,1938.4266666666665,25195.3125,4.258518060040135,False,
2024-09-30_11-19-16_0000011_00001895,2024-09-30_11-19-16_0000011.wav,1894.8266666666666,1951.9999999999998,57.173333333333176,1844.8266666666666,2001.9999999999998,25781.25,-0.9027720979341718,False,
2024-09-30_11-19-16_0000011_00001959,2024-09-30_11-19-16_0000011.wav,1959.253333333333,2039.04,79.78666666666686,1909.253333333333,2089.04,29882.8125,9.300252146717586,False,
2024-09-30_11-19-16_0000011_00002053,2024-09-30_11-19-16_0000011.wav,2053.12,2091.52,38.40000000000009,2003.12,2141.52,59765.625,6.52298819564844,True,
2024-09-30_11-19-16_0000011_00002100,2024-09-30_11-19-16_0000011.wav,2100.48,2171.733333333333,71.2533333333331,2050.48,2221.733333333333,55664.0625,5.788134001744254,False,
2024-09-30_11-19-16_0000011_00002231,2024-09-30_11-19-16_0000011.wav,2231.04,2242.56,11.519999999999982,2181.04,2292.56,78515.625,-5.137252216370265,False,
2024-09-30_11-19-16_0000011_00002255,2024-09-30_11-19-16_0000011.wav,2254.9333333333334,2500.2666666666664,245.33333333333303,2204.9333333333334,2550.2666666666664,25781.25,4.524480399262457,False,
2024-09-30_11-19-16_0000011_00002506,2024-09-30_11-19-16_0000011.wav,2506.24,2532.2666666666664,26.026666666666642,2456.24,2582.2666666666664,40429.6875,1.7558695586669382,False,
2024-09-30_11-19-16_0000011_00002546,2024-09-30_11-19-16_0000011.wav,2545.9199999999996,2596.693333333333,50.77333333333354,2495.9199999999996,2646.693333333333,26953.125,0.5518467464840983,False,
2024-09-30_11-19-16_0000011_00002604,2024-09-30_11-19-16_0000011.wav,2603.52,2631.68,28.159999999999854,2553.52,2681.68,25195.3125,-0.16180598928447265,False,
2024-09-30_11-19-16_0000011_00002700,2024-09-30_11-19-16_0000011.wav,2699.52,2718.72,19.199999999999818,2649.52,2768.72,27539.0625,-3.377259278185581,False,
2024-09-30_11-19-19_0000012_00007055,2024-09-30_11-19-19_0000012.wav,7054.506666666666,7069.013333333333,14.506666666667115,7004.506666666666,7119.013333333333,59765.625,16.441179945260146,True,
2024-09-30_11-19-54_0000016_00000993,2024-09-30_11-19-54_0000016.wav,992.8533333333332,1003.52,10.666666666666742,942.8533333333332,1053.52,49804.6875,5.502950241589159,True,
2024-09-30_11-19-54_0000016_00001096,2024-09-30_11-19-54_0000016.wav,1095.6799999999998,1108.9066666666665,13.226666666666688,1045.6799999999998,1158.9066666666665,39843.75,4.1187768363711506,False,
2024-09-30_11-19-58_0000018_00000026,2024-09-30_11-19-58_0000018.wav,25.599999999999998,186.02666666666664,160.42666666666665,0.0,236.02666666666664,29296.875,11.272790445302599,False,
2024-09-30_11-19-58_0000018_00000257,2024-09-30_11-19-58_0000018.wav,256.8533333333333,417.70666666666665,160.85333333333335,206.8533333333333,467.70666666666665,26367.1875,8.688799363695194,False,
2024-09-30_11-19-58_0000018_00000433,2024-09-30_11-19-58_0000018.wav,433.4933333333333,448.8533333333333,15.360000000000014,383.4933333333333,498.8533333333333,58007.8125,0.9828109210699287,False,
2024-09-30_11-19-58_0000018_00000583,2024-09-30_11-19-58_0000018.wav,582.8266666666666,628.4799999999999,45.65333333333331,532.8266666666666,678.4799999999999,58007.8125,4.888888223315903,False,
2024-09-30_11-19-58_0000018_00000923,2024-09-30_11-19-58_0000018.wav,923.3066666666666,936.9599999999999,13.653333333333308,873.3066666666666,986.9599999999999,25195.3125,-2.8051049038423597,False,
2024-09-30_11-19-58_0000018_00001020,2024-09-30_11-19-58_0000018.wav,1020.16,1032.96,12.800000000000068,970.16,1082.96,31054.6875,0.3826186680481459,False,
2024-09-30_11-19-58_0000018_00001039,2024-09-30_11-19-58_0000018.wav,1038.5066666666667,1063.6799999999998,25.173333333333176,988.5066666666667,1113.6799999999998,26953.125,8.843059960768931,False,
2024-09-30_11-19-58_0000018_00001923,2024-09-30_11-19-58_0000018.wav,1923.4133333333332,1940.9066666666665,17.49333333333334,1873.4133333333332,1990.9066666666665,66210.9375,8.099831908609369,False,
2024-09-30_11-19-58_0000018_00001968,2024-09-30_11-19-58_0000018.wav,1967.7866666666666,1978.0266666666666,10.240000000000009,1917.7866666666666,2028.0266666666666,63281.25,-2.2572964585310773,False,
2024-09-30_11-19-58_0000018_00002106,2024-09-30_11-19-58_0000018.wav,2106.0266666666666,2137.173333333333,31.146666666666533,2056.0266666666666,2187.173333333333,26367.1875,-0.915369790632704,False,
2024-09-30_11-19-58_0000018_00002314,2024-09-30_11-19-58_0000018.wav,2313.813333333333,2327.893333333333,14.079999999999927,2263.813333333333,2377.893333333333,26367.1875,-1.2271499352459911,False,
2024-09-30_11-19-58_0000018_00002353,2024-09-30_11-19-58_0000018.wav,2352.64,2365.44,12.800000000000182,2302.64,2415.44,29296.875,0.8744485599566777,False,
2024-09-30_11-19-58_0000018_00002423,2024-09-30_11-19-58_0000018.wav,2423.4666666666667,2455.04,31.573333333333267,2373.4666666666667,2505.04,31054.6875,-2.0248603268110394,False,
2024-09-30_11-19-58_0000018_00002481,2024-09-30_11-19-58_0000018.wav,2480.64,2507.0933333333332,26.453333333333376,2430.64,2557.0933333333332,65039.0625,7.622266680473841,False,
2024-09-30_11-19-58_0000018_00002522,2024-09-30_11-19-58_0000018.wav,2522.0266666666666,2532.2666666666664,10.239999999999782,2472.0266666666666,2582.2666666666664,82031.25,6.1430701617667,False,
2024-09-30_11-19-58_0000018_00002545,2024-09-30_11-19-58_0000018.wav,2545.4933333333333,2612.48,66.98666666666668,2495.4933333333333,2662.48,72070.3125,9.271763263513751,False,
2024-09-30_11-19-58_0000018_00002660,2024-09-30_11-19-58_0000018.wav,2659.8399999999997,2842.8799999999997,183.03999999999996,2609.8399999999997,2892.8799999999997,66796.875,12.54404984614245,False,
2024-09-30_11-19-58_0000018_00002888,2024-09-30_11-19-58_0000018.wav,2887.68,2919.68,32.0,2837.68,2969.68,25195.3125,0.05453571964300433,False,
2024-09-30_11-19-58_0000018_00002941,2024-09-30_11-19-58_0000018.wav,2941.0133333333333,2962.773333333333,21.759999999999764,2891.0133333333333,3012.773333333333,76757.8125,0.04869049043814387,False,
2024-09-30_11-19-58_0000018_00003003,2024-09-30_11-19-58_0000018.wav,3003.3066666666664,3031.04,27.733333333333576,2953.3066666666664,3081.04,25781.25,4.644198395830975,False,
2024-09-30_11-19-58_0000018_00003041,2024-09-30_11-19-58_0000018.wav,3040.853333333333,3097.6,56.7466666666669,2990.853333333333,3147.6,25195.3125,1.1914399435597884,False,
2024-09-30_11-19-58_0000018_00003408,2024-09-30_11-19-58_0000018.wav,3408.213333333333,3442.773333333333,34.559999999999945,3358.213333333333,3492.773333333333,28125.0,2.4087328484181563,False,
2024-09-30_11-20-03_0000019_00000033,2024-09-30_11-20-03_0000019.wav,32.85333333333333,144.2133333333333,111.35999999999999,0.0,194.2133333333333,26367.1875,7.2829381568519835,False,
2024-09-30_11-20-03_0000019_00000372,2024-09-30_11-20-03_0000019.wav,371.62666666666667,422.4,50.77333333333331,321.62666666666667,472.4,64453.125,4.885503312440508,False,
2024-09-30_11-20-03_0000019_00000726,2024-09-30_11-20-03_0000019.wav,725.76,737.28,11.519999999999982,675.76,787.28,34570.3125,0.5972189300470386,False,
2024-09-30_11-20-03_0000019_00000768,2024-09-30_11-20-03_0000019.wav,768.0,808.1066666666666,40.10666666666657,718.0,858.1066666666666,25781.25,0.19291435553639597,False,
2024-09-30_11-20-03_0000019_00000831,2024-09-30_11-20-03_0000019.wav,831.1466666666666,841.8133333333333,10.666666666666629,781.1466666666666,891.8133333333333,29296.875,-4.238036470077166,False,
2024-09-30_11-20-03_0000019_00000866,2024-09-30_11-20-03_0000019.wav,865.7066666666666,887.4666666666666,21.75999999999999,815.7066666666666,937.4666666666666,27539.0625,-0.1288865484512467,False,
2024-09-30_11-20-03_0000019_00000901,2024-09-30_11-20-03_0000019.wav,900.6933333333333,913.4933333333332,12.799999999999955,850.6933333333333,963.4933333333332,70312.5,4.628937730057804,False,
2024-09-30_11-20-03_0000019_00001017,2024-09-30_11-20-03_0000019.wav,1017.1733333333333,1053.8666666666666,36.69333333333327,967.1733333333333,1103.8666666666666,67968.75,12.106152610589602,False,
2024-09-30_11-20-03_0000019_00001126,2024-09-30_11-20-03_0000019.wav,1126.3999999999999,1178.8799999999999,52.48000000000002,1076.3999999999999,1228.8799999999999,70898.4375,13.235937926454014,False,
2024-09-30_11-20-03_0000019_00001254,2024-09-30_11-20-03_0000019.wav,1254.3999999999999,1306.8799999999999,52.48000000000002,1204.3999999999999,1356.8799999999999,70898.4375,13.235937926454014,False,
2024-09-30_11-20-03_0000019_00001382,2024-09-30_11-20-03_0000019.wav,1382.3999999999999,1396.48,14.080000000000155,1332.3999999999999,1446.48,63867.1875,0.7600640757580296,False,
2024-09-30_11-20-03_0000019_00001474,2024-09-30_11-20-03_0000019.wav,1473.7066666666665,1495.8933333333332,22.186666666666724,1423.7066666666665,1545.8933333333332,25195.3125,-0.15310703339783657,False,
2024-09-30_11-20-03_0000019_00001501,2024-09-30_11-20-03_0000019.wav,1501.0133333333333,1525.3333333333333,24.319999999999936,1451.0133333333333,1575.3333333333333,63281.25,9.3652164861067,False,
2024-09-30_11-20-03_0000019_00001577,2024-09-30_11-20-03_0000019.wav,1576.9599999999998,1612.8,35.840000000000146,1526.9599999999998,1662.8,33984.375,5.960246510374634,False,
2024-09-30_11-20-03_0000019_00001636,2024-09-30_11-20-03_0000019.wav,1636.2666666666667,1653.3333333333333,17.066666666666606,1586.2666666666667,1703.3333333333333,61523.4375,6.58728804252177,False,
2024-09-30_11-20-03_0000019_00001748,2024-09-30_11-20-03_0000019.wav,1748.4799999999998,1773.6533333333332,25.173333333333403,1698.4799999999998,1823.6533333333332,25195.3125,1.7490838221404423,False,
2024-09-30_11-20-03_0000019_00002061,2024-09-30_11-20-03_0000019.wav,2061.2266666666665,2072.7466666666664,11.519999999999982,2011.2266666666665,2122.7466666666664,25195.3125,-3.0639683394709367,False,
2024-09-30_11-20-03_0000019_00002080,2024-09-30_11-20-03_0000019.wav,2080.0,2101.7599999999998,21.759999999999764,2030.0,2151.7599999999998,64453.125,7.0065809504592025,False,
2024-09-30_11-20-03_0000019_00002114,2024-09-30_11-20-03_0000019.wav,2113.7066666666665,2125.653333333333,11.946666666666715,2063.7066666666665,2175.653333333333,66210.9375,0.2414841124412912,False,
2024-09-30_11-20-03_0000019_00002228,2024-09-30_11-20-03_0000019.wav,2228.48,2256.213333333333,27.73333333333312,2178.48,2306.213333333333,25195.3125,-0.7645146146033867,False,
2024-09-30_11-20-03_0000019_00002268,2024-09-30_11-20-03_0000019.wav,2268.16,2290.3466666666664,22.186666666666497,2218.16,2340.3466666666664,66210.9375,10.717375866697594,False,
2024-09-30_11-20-03_0000019_00002406,2024-09-30_11-20-03_0000019.wav,2405.9733333333334,2419.6266666666666,13.653333333333194,2355.9733333333334,2469.6266666666666,68554.6875,-2.8797721234326175,False,
2024-09-30_11-20-03_0000019_00002425,2024-09-30_11-20-03_0000019.wav,2425.173333333333,2496.0,70.82666666666682,2375.173333333333,2546.0,30468.75,8.512053805927971,False,
2024-09-30_11-20-03_0000019_00002503,2024-09-30_11-20-03_0000019.wav,2503.253333333333,2518.1866666666665,14.933333333333394,2453.253333333333,2568.1866666666665,26367.1875,8.110969534619407,False,
2024-09-30_11-20-07_0000020_00003067,2024-09-30_11-20-07_0000020.wav,3067.3066666666664,3080.1066666666666,12.800000000000182,3017.3066666666664,3130.1066666666666,28710.9375,21.54655903348765,False,
2024-09-30_11-20-26_0000023_00000075,2024-09-30_11-20-26_0000023.wav,75.09333333333333,255.14666666666665,180.0533333333333,25.093333333333334,305.14666666666665,29296.875,9.958666483773827,False,
2024-09-30_11-20-26_0000023_00000269,2024-09-30_11-20-26_0000023.wav,268.79999999999995,285.0133333333333,16.213333333333367,218.79999999999995,335.0133333333333,79101.5625,-3.2704083501872274,False,
2024-09-30_11-20-26_0000023_00000290,2024-09-30_11-20-26_0000023.wav,290.1333333333333,329.38666666666666,39.25333333333333,240.13333333333333,379.38666666666666,26367.1875,-2.076635205715404,False,
2024-09-30_11-20-26_0000023_00000339,2024-09-30_11-20-26_0000023.wav,338.7733333333333,362.23999999999995,23.46666666666664,288.7733333333333,412.23999999999995,25195.3125,-2.4379379995963046,False,
2024-09-30_11-20-26_0000023_00000377,2024-09-30_11-20-26_0000023.wav,377.1733333333333,445.44,68.26666666666671,327.1733333333333,495.44,65039.0625,5.270270737835334,False,
2024-09-30_11-20-26_0000023_00000559,2024-09-30_11-20-26_0000023.wav,559.36,645.9733333333332,86.61333333333323,509.36,695.9733333333332,57421.875,-1.789793589819924,False,
2024-09-30_11-20-26_0000023_00000670,2024-09-30_11-20-26_0000023.wav,669.8666666666667,700.5866666666666,30.719999999999914,619.8666666666667,750.5866666666666,60937.5,7.769769573441753,False,
2024-09-30_11-20-26_0000023_00000706,2024-09-30_11-20-26_0000023.wav,705.7066666666666,847.3599999999999,141.6533333333333,655.7066666666666,897.3599999999999,31054.6875,8.74357888688282,False,
2024-09-30_11-20-26_0000023_00000856,2024-09-30_11-20-26_0000023.wav,855.8933333333333,869.5466666666666,13.653333333333308,805.8933333333333,919.5466666666666,25781.25,0.7547632893690935,False,
2024-09-30_11-20-26_0000023_00000887,2024-09-30_11-20-26_0000023.wav,887.4666666666666,901.5466666666666,14.080000000000041,837.4666666666666,951.5466666666666,73242.1875,-4.6480267287918835,False,
2024-09-30_11-20-26_0000023_00000907,2024-09-30_11-20-26_0000023.wav,907.0933333333332,1037.6533333333332,130.55999999999995,857.0933333333332,1087.6533333333332,25781.25,5.701739668794815,False,
2024-09-30_11-20-26_0000023_00001044,2024-09-30_11-20-26_0000023.wav,1043.6266666666666,1088.8533333333332,45.22666666666669,993.6266666666666,1138.8533333333332,67382.8125,8.955322511965417,False,
2024-09-30_11-20-26_0000023_00001176,2024-09-30_11-20-26_0000023.wav,1176.32,1199.7866666666666,23.466666666666697,1126.32,1249.7866666666666,61523.4375,18.194553867804704,False,
2024-09-30_11-20-26_0000023_00001225,2024-09-30_11-20-26_0000023.wav,1224.9599999999998,1264.6399999999999,39.680000000000064,1174.9599999999998,1314.6399999999999,29882.8125,3.2104198968821827,False,
2024-09-30_11-20-26_0000023_00001320,2024-09-30_11-20-26_0000023.wav,1319.6799999999998,1332.0533333333333,12.373333333333449,1269.6799999999998,1382.0533333333333,75000.0,-5.247526415102807,False,
2024-09-30_11-20-26_0000023_00001359,2024-09-30_11-20-26_0000023.wav,1359.36,1370.0266666666666,10.666666666666742,1309.36,1420.0266666666666,25781.25,-3.3829755521453126,False,
2024-09-30_11-20-26_0000023_00001392,2024-09-30_11-20-26_0000023.wav,1391.7866666666666,1433.1733333333332,41.38666666666654,1341.7866666666666,1483.1733333333332,63867.1875,1.1619334566925004,False,
2024-09-30_11-20-26_0000023_00001499,2024-09-30_11-20-26_0000023.wav,1499.3066666666666,1515.52,16.213333333333367,1449.3066666666666,1565.52,26367.1875,-2.2637058032104025,False,
2024-09-30_11-20-26_0000023_00001523,2024-09-30_11-20-26_0000023.wav,1523.1999999999998,1551.36,28.160000000000082,1473.1999999999998,1601.36,29296.875,-2.442451212984177,False,
2024-09-30_11-20-26_0000023_00001565,2024-09-30_11-20-26_0000023.wav,1565.4399999999998,1575.6799999999998,10.240000000000009,1515.4399999999998,1625.6799999999998,65625.0,0.21211518384915415,False,
2024-09-30_11-20-26_0000023_00001587,2024-09-30_11-20-26_0000023.wav,1586.7733333333333,1600.4266666666665,13.653333333333194,1536.7733333333333,1650.4266666666665,75000.0,5.121469256987249,False,
2024-09-30_11-20-26_0000023_00001606,2024-09-30_11-20-26_0000023.wav,1605.9733333333331,1639.2533333333333,33.2800000000002,1555.9733333333331,1689.2533333333333,63281.25,11.194956664555855,False,
2024-09-30_11-20-26_0000023_00001647,2024-09-30_11-20-26_0000023.wav,1646.5066666666667,1660.5866666666666,14.079999999999927,1596.5066666666667,1710.5866666666666,60351.5625,12.480009525877895,True,
2024-09-30_11-20-26_0000023_00001669,2024-09-30_11-20-26_0000023.wav,1669.12,1710.08,40.960000000000036,1619.12,1760.08,58007.8125,8.580808013498544,False,
2024-09-30_11-20-26_0000023_00001769,2024-09-30_11-20-26_0000023.wav,1769.3866666666665,1798.3999999999999,29.01333333333332,1719.3866666666665,1848.3999999999999,59179.6875,4.948410405620357,False,
2024-09-30_11-20-26_0000023_00001804,2024-09-30_11-20-26_0000023.wav,1803.9466666666665,1854.7199999999998,50.77333333333331,1753.9466666666665,1904.7199999999998,25195.3125,1.4106700804263996,False,
2024-09-30_11-20-26_0000023_00001868,2024-09-30_11-20-26_0000023.wav,1867.52,1888.4266666666665,20.906666666666524,1817.52,1938.4266666666665,28710.9375,-3.915430764258756,False,
2024-09-30_11-20-26_0000023_00001904,2024-09-30_11-20-26_0000023.wav,1903.7866666666666,1921.7066666666665,17.919999999999845,1853.7866666666666,1971.7066666666665,63281.25,-0.7757211877291306,False,
2024-09-30_11-20-26_0000023_00001932,2024-09-30_11-20-26_0000023.wav,1931.52,1948.5866666666666,17.066666666666606,1881.52,1998.5866666666666,76757.8125,-4.569927109695386,False,
2024-09-30_11-20-26_0000023_00001979,2024-09-30_11-20-26_0000023.wav,1978.8799999999999,1989.5466666666666,10.666666666666742,1928.8799999999999,2039.5466666666666,49804.6875,-5.263159570468336,True,
2024-09-30_11-20-29_0000024_00000000,2024-09-30_11-20-29_0000024.wav,0.42666666666666664,2909.8666666666663,2909.4399999999996,0.0,2959.8666666666663,65039.0625,12.035254519859048,False,
2024-09-30_11-20-41_0000029_00003642,2024-09-30_11-20-41_0000029.wav,3642.0266666666666,3673.6,31.573333333333267,3592.0266666666666,3723.6,41015.625,14.520052220370523,False,
2024-09-30_11-20-45_0000030_00000000,2024-09-30_11-20-45_0000030.wav,0.0,38.82666666666666,38.82666666666666,0.0,88.82666666666665,35742.1875,15.700104034225737,False,
2024-09-30_11-20-48_0000031_00000047,2024-09-30_11-20-48_0000031.wav,46.93333333333333,77.22666666666666,30.29333333333333,0.0,127.22666666666666,69140.625,7.418593248545684,False,
2024-09-30_11-20-48_0000031_00000839,2024-09-30_11-20-48_0000031.wav,838.8266666666666,863.9999999999999,25.17333333333329,788.8266666666666,913.9999999999999,37500.0,6.211982848345013,False,
2024-09-30_11-20-48_0000031_00000940,2024-09-30_11-20-48_0000031.wav,940.3733333333332,962.9866666666666,22.613333333333344,890.3733333333332,1012.9866666666666,36328.125,3.559345681207523,False,
2024-09-30_11-20-48_0000031_00000988,2024-09-30_11-20-48_0000031.wav,987.7333333333332,1014.6133333333332,26.879999999999995,937.7333333333332,1064.6133333333332,37500.0,12.732466926084527,False,
2024-09-30_11-20-56_0000033_00000002,2024-09-30_11-20-56_0000033.wav,2.1333333333333333,27.73333333333333,25.599999999999998,0.0,77.73333333333333,27539.0625,-2.7497267339254194,False,
2024-09-30_11-20-56_0000033_00000042,2024-09-30_11-20-56_0000033.wav,41.81333333333333,52.906666666666666,11.093333333333334,0.0,102.90666666666667,96679.6875,-4.061052951136582,False,
2024-09-30_11-20-56_0000033_00000059,2024-09-30_11-20-56_0000033.wav,58.879999999999995,77.65333333333332,18.773333333333326,8.879999999999995,127.65333333333332,72070.3125,5.263489502316649,False,
2024-09-30_11-20-56_0000033_00000100,2024-09-30_11-20-56_0000033.wav,100.26666666666667,111.78666666666666,11.519999999999996,50.266666666666666,161.78666666666666,26367.1875,-4.422369677583184,False,
2024-09-30_11-20-56_0000033_00000143,2024-09-30_11-20-56_0000033.wav,143.35999999999999,154.88,11.52000000000001,93.35999999999999,204.88,90234.375,-4.8798927677002215,False,
2024-09-30_11-20-56_0000033_00000160,2024-09-30_11-20-56_0000033.wav,160.0,170.66666666666666,10.666666666666657,110.0,220.66666666666666,71484.375,-3.757838190051515,False,
2024-09-30_11-20-56_0000033_00000178,2024-09-30_11-20-56_0000033.wav,177.92,213.76,35.84,127.91999999999999,263.76,25781.25,-2.0739942210906253,False,
2024-09-30_11-20-56_0000033_00000222,2024-09-30_11-20-56_0000033.wav,222.29333333333332,239.78666666666666,17.49333333333334,172.29333333333332,289.78666666666663,89648.4375,-4.595969132304767,False,
2024-09-30_11-20-56_0000033_00000247,2024-09-30_11-20-56_0000033.wav,247.04,387.84,140.79999999999998,197.04,437.84,60351.5625,3.440833307930102,True,
2024-09-30_11-20-56_0000033_00000406,2024-09-30_11-20-56_0000033.wav,405.76,421.11999999999995,15.359999999999957,355.76,471.11999999999995,105468.75,-4.044650187879632,False,
2024-09-30_11-20-56_0000033_00000501,2024-09-30_11-20-56_0000033.wav,501.3333333333333,520.9599999999999,19.62666666666661,451.3333333333333,570.9599999999999,72070.3125,-4.703551881256702,False,
2024-09-30_11-20-56_0000033_00000557,2024-09-30_11-20-56_0000033.wav,557.2266666666666,594.7733333333333,37.54666666666674,507.2266666666666,644.7733333333333,67968.75,-3.99003738123016,False,
2024-09-30_11-20-56_0000033_00000637,2024-09-30_11-20-56_0000033.wav,636.5866666666666,649.8133333333333,13.226666666666688,586.5866666666666,699.8133333333333,42187.5,-5.719181517093669,False,
2024-09-30_11-20-56_0000033_00000679,2024-09-30_11-20-56_0000033.wav,679.2533333333333,689.4933333333333,10.240000000000009,629.2533333333333,739.4933333333333,43945.3125,-3.5670459165113195,False,
2024-09-30_11-20-56_0000033_00000696,2024-09-30_11-20-56_0000033.wav,696.3199999999999,706.9866666666666,10.666666666666629,646.3199999999999,756.9866666666666,102539.0625,-4.60371098852418,False,
2024-09-30_11-20-56_0000033_00000716,2024-09-30_11-20-56_0000033.wav,715.52,726.1866666666666,10.666666666666629,665.52,776.1866666666666,93750.0,-5.176998257180553,False,
2024-09-30_11-20-56_0000033_00000774,2024-09-30_11-20-56_0000033.wav,774.4,786.3466666666666,11.946666666666601,724.4,836.3466666666666,92578.125,-5.5319859016315585,False,
2024-09-30_11-20-56_0000033_00000804,2024-09-30_11-20-56_0000033.wav,803.8399999999999,857.1733333333333,53.33333333333337,753.8399999999999,907.1733333333333,27539.0625,1.0779479940882934,False,
2024-09-30_11-20-56_0000033_00000900,2024-09-30_11-20-56_0000033.wav,899.8399999999999,922.4533333333333,22.613333333333344,849.8399999999999,972.4533333333333,82031.25,-4.855706979224278,False,
2024-09-30_11-20-56_0000033_00000928,2024-09-30_11-20-56_0000033.wav,927.9999999999999,977.92,49.92000000000007,877.9999999999999,1027.92,25781.25,-0.23817999386548122,False,
2024-09-30_11-20-56_0000033_00000984,2024-09-30_11-20-56_0000033.wav,984.3199999999999,1466.4533333333331,482.1333333333332,934.3199999999999,1516.4533333333331,66210.9375,17.815154720586616,False,
2024-09-30_11-20-56_0000033_00001594,2024-09-30_11-20-56_0000033.wav,1594.0266666666666,1616.6399999999999,22.61333333333323,1544.0266666666666,1666.6399999999999,75000.0,-4.45080843726979,False,
2024-09-30_11-20-56_0000033_00001626,2024-09-30_11-20-56_0000033.wav,1625.6,1670.8266666666666,45.22666666666669,1575.6,1720.8266666666666,64453.125,1.241673411172204,False,
2024-09-30_11-20-56_0000033_00001686,2024-09-30_11-20-56_0000033.wav,1685.76,1787.7333333333331,101.97333333333313,1635.76,1837.7333333333331,28125.0,2.02614353694679,False,
2024-09-30_11-20-56_0000033_00001795,2024-09-30_11-20-56_0000033.wav,1794.56,1818.0266666666666,23.466666666666697,1744.56,1868.0266666666666,29296.875,-0.7024294706949795,False,
2024-09-30_11-20-56_0000033_00001824,2024-09-30_11-20-56_0000033.wav,1823.9999999999998,1864.1066666666666,40.1066666666668,1773.9999999999998,1914.1066666666666,25195.3125,-0.42082093105164003,False,
2024-09-30_11-20-56_0000033_00001870,2024-09-30_11-20-56_0000033.wav,1869.6533333333332,1883.3066666666666,13.653333333333421,1819.6533333333332,1933.3066666666666,104882.8125,-4.65579464973044,False,
2024-09-30_11-20-56_0000033_00001888,2024-09-30_11-20-56_0000033.wav,1888.4266666666665,1916.1599999999999,27.73333333333335,1838.4266666666665,1966.1599999999999,25781.25,-4.034001387764577,False,
2024-09-30_11-20-56_0000033_00001934,2024-09-30_11-20-56_0000033.wav,1933.6533333333332,1950.2933333333333,16.6400000000001,1883.6533333333332,2000.2933333333333,96093.75,-4.817331295582507,False,
2024-09-30_11-20-56_0000033_00001956,2024-09-30_11-20-56_0000033.wav,1956.2666666666664,1986.9866666666665,30.720000000000027,1906.2666666666664,2036.9866666666665,102539.0625,-3.688964166260879,False,
2024-09-30_11-20-56_0000033_00002015,2024-09-30_11-20-56_0000033.wav,2014.7199999999998,2037.3333333333333,22.613333333333458,1964.7199999999998,2087.333333333333,62109.375,-3.6098215409769674,False,
2024-09-30_11-20-56_0000033_00002100,2024-09-30_11-20-56_0000033.wav,2100.48,2110.72,10.239999999999782,2050.48,2160.72,63281.25,-4.28414995378903,False,
2024-09-30_11-20-56_0000033_00002187,2024-09-30_11-20-56_0000033.wav,2186.6666666666665,2220.7999999999997,34.13333333333321,2136.6666666666665,2270.7999999999997,63867.1875,-4.500527957995727,False,
2024-09-30_11-20-56_0000033_00002227,2024-09-30_11-20-56_0000033.wav,2226.773333333333,2337.7066666666665,110.9333333333334,2176.773333333333,2387.7066666666665,26953.125,1.7620690150850271,False,
2024-09-30_11-20-56_0000033_00002372,2024-09-30_11-20-56_0000033.wav,2372.2666666666664,2407.68,35.41333333333341,2322.2666666666664,2457.68,27539.0625,-1.9601856042292454,False,
2024-09-30_11-20-56_0000033_00002421,2024-09-30_11-20-56_0000033.wav,2420.9066666666663,2433.7066666666665,12.800000000000182,2370.9066666666663,2483.7066666666665,103125.0,-4.145435979755713,False,
2024-09-30_11-21-07_0000035_00001168,2024-09-30_11-21-07_0000035.wav,1168.2133333333334,1178.8799999999999,10.666666666666515,1118.2133333333334,1228.8799999999999,26953.125,22.97221444360143,False,
2024-09-30_11-21-07_0000035_00001296,2024-09-30_11-21-07_0000035.wav,1296.2133333333331,1306.8799999999999,10.666666666666742,1246.2133333333331,1356.8799999999999,26953.125,22.972262005732233,False,
2024-09-30_11-21-18_0000037_00000116,2024-09-30_11-21-18_0000037.wav,116.47999999999999,128.85333333333332,12.373333333333335,66.47999999999999,178.85333333333332,33984.375,5.57523456746848,False,
2024-09-30_11-21-18_0000037_00000139,2024-09-30_11-21-18_0000037.wav,138.66666666666666,165.11999999999998,26.45333333333332,88.66666666666666,215.11999999999998,65625.0,8.348820330276574,False,
2024-09-30_11-21-18_0000037_00000794,2024-09-30_11-21-18_0000037.wav,794.4533333333333,816.64,22.186666666666724,744.4533333333333,866.64,25781.25,3.7397236154483204,False,
2024-09-30_11-21-22_0000038_00001003,2024-09-30_11-21-22_0000038.wav,1002.6666666666666,1073.9199999999998,71.25333333333322,952.6666666666666,1123.9199999999998,61523.4375,9.244735409674059,False,
2024-09-30_11-21-22_0000038_00001400,2024-09-30_11-21-22_0000038.wav,1399.8933333333332,1418.6666666666665,18.773333333333312,1349.8933333333332,1468.6666666666665,29296.875,5.3138424442022,False,
2024-09-30_11-21-22_0000038_00001426,2024-09-30_11-21-22_0000038.wav,1426.3466666666666,1447.2533333333333,20.90666666666675,1376.3466666666666,1497.2533333333333,27539.0625,1.7156361888176708,False,
2024-09-30_11-21-22_0000038_00001452,2024-09-30_11-21-22_0000038.wav,1452.3733333333332,1474.1333333333332,21.75999999999999,1402.3733333333332,1524.1333333333332,58593.75,3.093444651790414,False,
2024-09-30_11-21-22_0000038_00001536,2024-09-30_11-21-22_0000038.wav,1536.0,1577.3866666666665,41.38666666666654,1486.0,1627.3866666666665,26367.1875,5.476234637868982,False,
2024-09-30_11-21-22_0000038_00001638,2024-09-30_11-21-22_0000038.wav,1637.5466666666666,1678.9333333333332,41.38666666666654,1587.5466666666666,1728.9333333333332,31054.6875,8.70046321636433,False,
2024-09-30_11-21-22_0000038_00001745,2024-09-30_11-21-22_0000038.wav,1745.493333333333,1770.2399999999998,24.74666666666667,1695.493333333333,1820.2399999999998,25195.3125,4.665801536632039,False,
2024-09-30_11-21-22_0000038_00001860,2024-09-30_11-21-22_0000038.wav,1859.84,1881.6,21.75999999999999,1809.84,1931.6,29882.8125,-0.9042733361181703,False,
2024-09-30_11-21-22_0000038_00001941,2024-09-30_11-21-22_0000038.wav,1940.9066666666665,1978.4533333333331,37.546666666666624,1890.9066666666665,2028.4533333333331,25195.3125,4.609527414165118,False,
2024-09-30_11-21-22_0000038_00001984,2024-09-30_11-21-22_0000038.wav,1984.4266666666665,2026.2399999999998,41.813333333333276,1934.4266666666665,2076.24,48632.8125,3.2382284999514512,False,
2024-09-30_11-21-22_0000038_00002061,2024-09-30_11-21-22_0000038.wav,2060.7999999999997,2120.1066666666666,59.30666666666684,2010.7999999999997,2170.1066666666666,33398.4375,4.388019025245536,False,
2024-09-30_11-21-24_0000039_00000326,2024-09-30_11-21-24_0000039.wav,326.4,337.06666666666666,10.666666666666686,276.4,387.06666666666666,26367.1875,11.478222377902496,False,
2024-09-30_11-21-26_0000040_00000352,2024-09-30_11-21-26_0000040.wav,351.5733333333333,378.4533333333333,26.879999999999995,301.5733333333333,428.4533333333333,26953.125,8.160667135679866,False,
2024-09-30_11-21-26_0000040_00000396,2024-09-30_11-21-26_0000040.wav,395.52,406.6133333333333,11.093333333333305,345.52,456.6133333333333,25781.25,-0.5429974678428963,False,
2024-09-30_11-21-26_0000040_00000489,2024-09-30_11-21-26_0000040.wav,489.38666666666666,503.8933333333333,14.50666666666666,439.38666666666666,553.8933333333333,81445.3125,1.8359269566089462,False,
2024-09-30_11-21-26_0000040_00000844,2024-09-30_11-21-26_0000040.wav,843.9466666666666,877.2266666666666,33.27999999999997,793.9466666666666,927.2266666666666,29296.875,9.529375367961613,False,
2024-09-30_11-21-26_0000040_00000897,2024-09-30_11-21-26_0000040.wav,897.28,917.76,20.480000000000018,847.28,967.76,27539.0625,3.0887803798617974,False,
2024-09-30_11-21-26_0000040_00000928,2024-09-30_11-21-26_0000040.wav,927.5733333333333,973.6533333333333,46.08000000000004,877.5733333333333,1023.6533333333333,29882.8125,8.537460072234731,False,
2024-09-30_11-21-26_0000040_00000992,2024-09-30_11-21-26_0000040.wav,991.9999999999999,1024.4266666666665,32.42666666666662,941.9999999999999,1074.4266666666665,28710.9375,10.719502584292645,False,
2024-09-30_11-21-26_0000040_00001052,2024-09-30_11-21-26_0000040.wav,1052.1599999999999,1080.32,28.160000000000082,1002.1599999999999,1130.32,72656.25,13.535646118899443,False,
2024-09-30_11-21-26_0000040_00001103,2024-09-30_11-21-26_0000040.wav,1102.9333333333332,1119.5733333333333,16.6400000000001,1052.9333333333332,1169.5733333333333,25781.25,6.125447174284351,False,
2024-09-30_11-21-26_0000040_00001181,2024-09-30_11-21-26_0000040.wav,1180.5866666666666,1208.32,27.73333333333335,1130.5866666666666,1258.32,72656.25,13.173642383148765,False,
2024-09-30_11-21-26_0000040_00001231,2024-09-30_11-21-26_0000040.wav,1230.9333333333332,1247.5733333333333,16.6400000000001,1180.9333333333332,1297.5733333333333,25781.25,6.125447174284351,False,
2024-09-30_11-21-26_0000040_00001309,2024-09-30_11-21-26_0000040.wav,1308.5866666666666,1336.32,27.73333333333335,1258.5866666666666,1386.32,72656.25,13.173642383148765,False,
2024-09-30_11-21-26_0000040_00001359,2024-09-30_11-21-26_0000040.wav,1358.9333333333332,1428.9066666666665,69.97333333333336,1308.9333333333332,1478.9066666666665,27539.0625,7.736643513062177,False,
2024-09-30_11-21-26_0000040_00001434,2024-09-30_11-21-26_0000040.wav,1434.0266666666666,1463.8933333333332,29.86666666666656,1384.0266666666666,1513.8933333333332,27539.0625,5.579142726284142,False,
2024-09-30_11-21-28_0000041_00000659,2024-09-30_11-21-28_0000041.wav,658.7733333333333,687.3599999999999,28.586666666666588,608.7733333333333,737.3599999999999,26953.125,2.2866736253281132,False,
2024-09-30_11-21-28_0000041_00001050,2024-09-30_11-21-28_0000041.wav,1050.0266666666666,1067.9466666666665,17.919999999999845,1000.0266666666666,1117.9466666666665,26367.1875,9.019287484009771,False,
2024-09-30_11-21-28_0000041_00001073,2024-09-30_11-21-28_0000041.wav,1073.4933333333333,1117.4399999999998,43.94666666666649,1023.4933333333333,1167.4399999999998,28125.0,9.613968118529232,False,
2024-09-30_11-21-28_0000041_00001124,2024-09-30_11-21-28_0000041.wav,1124.2666666666667,1138.3466666666666,14.079999999999927,1074.2666666666667,1188.3466666666666,69140.625,-3.349981141523077,False,
2024-09-30_11-21-28_0000041_00001402,2024-09-30_11-21-28_0000041.wav,1402.4533333333331,1412.6933333333332,10.240000000000009,1352.4533333333331,1462.6933333333332,87304.6875,-5.492604061297022,False,
2024-09-30_11-21-28_0000041_00001583,2024-09-30_11-21-28_0000041.wav,1582.5066666666667,1594.8799999999999,12.373333333333221,1532.5066666666667,1644.8799999999999,94335.9375,-4.362323742754598,False,
2024-09-30_11-21-28_0000041_00001644,2024-09-30_11-21-28_0000041.wav,1643.9466666666665,1655.04,11.093333333333476,1593.9466666666665,1705.04,42187.5,-4.280256814592425,False,
2024-09-30_11-21-28_0000041_00001670,2024-09-30_11-21-28_0000041.wav,1669.9733333333331,1718.6133333333332,48.6400000000001,1619.9733333333331,1768.6133333333332,45703.125,-0.4130480429848271,False,
2024-09-30_11-21-34_0000043_00002290,2024-09-30_11-21-34_0000043.wav,2289.92,2303.5733333333333,13.653333333333194,2239.92,2353.5733333333333,31054.6875,28.27406218341906,False,
2024-09-30_11-21-40_0000044_00002077,2024-09-30_11-21-40_0000044.wav,2076.5866666666666,2093.653333333333,17.066666666666606,2026.5866666666666,2143.653333333333,25195.3125,3.679437496277394,False,
2024-09-30_11-21-40_0000044_00002576,2024-09-30_11-21-40_0000044.wav,2576.213333333333,2594.9866666666667,18.77333333333354,2526.213333333333,2644.9866666666667,29882.8125,4.733564994870396,False,
