threshold_s,file_aware,n_bouts,n_multi_call_bouts,n_within_bout_pairs,n_cross_bout_pairs,mi_lag1_bits,mi_ci_low_bits,mi_ci_high_bits,marginal_entropy_bits,conditional_entropy_bits,mean_bout_duration_s,mean_calls_per_bout
0.1,False,3197,1514,4667,3196,0.083933,0.07083,0.110287,2.548095,2.378231,0.3025,2.4598
0.143,False,2276,1471,5588,2275,0.098017,0.084148,0.123715,2.548095,2.425526,0.4717,3.4552
0.2,False,1996,1394,5868,1995,0.093547,0.08066,0.115925,2.548095,2.437511,0.5618,3.9399
0.25,False,1859,1359,6005,1858,0.093735,0.081194,0.116439,2.548095,2.440905,0.6196,4.2302
0.4,False,1677,1324,6187,1676,0.092555,0.081412,0.114984,2.548095,2.44652,0.7209,4.6893
0.6,False,1514,1238,6350,1513,0.092051,0.079279,0.115751,2.548095,2.449875,0.8524,5.1942
0.8,False,1408,1176,6456,1407,0.092894,0.078191,0.115563,2.548095,2.452325,0.9688,5.5852
1.0,False,1342,1134,6522,1341,0.092075,0.079657,0.115018,2.548095,2.453445,1.0607,5.8599
2.0,False,1202,1037,6662,1201,0.089119,0.07651,0.112167,2.548095,2.456779,1.3524,6.5424
