candidate_id,source_file,source_path,start_ms,end_ms,duration_ms,max_prob,spectrogram_path
2024-09-30_11-19-34_0000014_00000000,2024-09-30_11-19-34_0000014.wav,D:\mickey_london_lab\5970 USV\2024-09-30_11-19-34_0000014.wav,0.0,4986.7733333333335,4986.7733333333335,1.0,D:\mickey_london_lab\analysis\5970_USV_detections_merged\spectrograms\2024-09-30_11-19-34_0000014_00000000.png
2024-09-30_11-21-26_0000040_00000000,2024-09-30_11-21-26_0000040.wav,D:\mickey_london_lab\5970 USV\2024-09-30_11-21-26_0000040.wav,0.0,2419.9466666666667,2419.9466666666667,1.0,D:\mickey_london_lab\analysis\5970_USV_detections_merged\spectrograms\2024-09-30_11-21-26_0000040_00000000.png
2024-09-30_11-20-48_0000031_00000000,2024-09-30_11-20-48_0000031.wav,D:\mickey_london_lab\5970 USV\2024-09-30_11-20-48_0000031.wav,0.0,2146.88,2146.88,1.0,D:\mickey_london_lab\analysis\5970_USV_detections_merged\spectrograms\2024-09-30_11-20-48_0000031_00000000.png
2024-09-30_11-21-48_0000046_00000000,2024-09-30_11-21-48_0000046.wav,D:\mickey_london_lab\5970 USV\2024-09-30_11-21-48_0000046.wav,0.0,2146.88,2146.88,1.0,D:\mickey_london_lab\analysis\5970_USV_detections_merged\spectrograms\2024-09-30_11-21-48_0000046_00000000.png
2024-09-30_11-19-58_0000018_00000000,2024-09-30_11-19-58_0000018.wav,D:\mickey_london_lab\5970 USV\2024-09-30_11-19-58_0000018.wav,0.0,3839.8933333333334,3839.8933333333334,1.0,D:\mickey_london_lab\analysis\5970_USV_detections_merged\spectrograms\2024-09-30_11-19-58_0000018_00000000.png
2024-09-30_11-21-58_0000049_00000000,2024-09-30_11-21-58_0000049.wav,D:\mickey_london_lab\5970 USV\2024-09-30_11-21-58_0000049.wav,0.0,2856.8533333333335,2856.8533333333335,1.0,D:\mickey_london_lab\analysis\5970_USV_detections_merged\spectrograms\2024-09-30_11-21-58_0000049_00000000.png
2024-09-30_11-20-35_0000027_00000000,2024-09-30_11-20-35_0000027.wav,D:\mickey_london_lab\5970 USV\2024-09-30_11-20-35_0000027.wav,0.0,2310.72,2310.72,1.0,D:\mickey_london_lab\analysis\5970_USV_detections_merged\spectrograms\2024-09-30_11-20-35_0000027_00000000.png
2024-09-30_11-20-34_0000026_00000000,2024-09-30_11-20-34_0000026.wav,D:\mickey_london_lab\5970 USV\2024-09-30_11-20-34_0000026.wav,0.0,2638.3999999999996,2638.3999999999996,1.0,D:\mickey_london_lab\analysis\5970_USV_detections_merged\spectrograms\2024-09-30_11-20-34_0000026_00000000.png
2024-09-30_11-20-56_0000033_00000000,2024-09-30_11-20-56_0000033.wav,D:\mickey_london_lab\5970 USV\2024-09-30_11-20-56_0000033.wav,0.0,2474.56,2474.56,1.0,D:\mickey_london_lab\analysis\5970_USV_detections_merged\spectrograms\2024-09-30_11-20-56_0000033_00000000.png
2024-09-30_11-20-07_0000020_00000000,2024-09-30_11-20-07_0000020.wav,D:\mickey_london_lab\5970 USV\2024-09-30_11-20-07_0000020.wav,0.0,3040.0,3040.0,1.0,D:\mickey_london_lab\analysis\5970_USV_detections_merged\spectrograms\2024-09-30_11-20-07_0000020_00000000.png
2024-09-30_11-20-07_0000020_00003120,2024-09-30_11-20-07_0000020.wav,D:\mickey_london_lab\5970 USV\2024-09-30_11-20-07_0000020.wav,3120.0,3129.9199999999996,9.919999999999618,1.0,D:\mickey_london_lab\analysis\5970_USV_detections_merged\spectrograms\2024-09-30_11-20-07_0000020_00003120.png
2024-09-30_11-19-31_0000013_00000000,2024-09-30_11-19-31_0000013.wav,D:\mickey_london_lab\5970 USV\2024-09-30_11-19-31_0000013.wav,0.0,2802.24,2802.24,1.0,D:\mickey_london_lab\analysis\5970_USV_detections_merged\spectrograms\2024-09-30_11-19-31_0000013_00000000.png
2024-09-30_11-18-52_0000005_00000000,2024-09-30_11-18-52_0000005.wav,D:\mickey_london_lab\5970 USV\2024-09-30_11-18-52_0000005.wav,0.0,5423.68,5423.68,1.0,D:\mickey_london_lab\analysis\5970_USV_detections_merged\spectrograms\2024-09-30_11-18-52_0000005_00000000.png
2024-09-30_11-21-22_0000038_00000000,2024-09-30_11-21-22_0000038.wav,D:\mickey_london_lab\5970 USV\2024-09-30_11-21-22_0000038.wav,0.0,2146.88,2146.88,1.0,D:\mickey_london_lab\analysis\5970_USV_detections_merged\spectrograms\2024-09-30_11-21-22_0000038_00000000.png
2024-09-30_11-19-12_0000009_00000000,2024-09-30_11-19-12_0000009.wav,D:\mickey_london_lab\5970 USV\2024-09-30_11-19-12_0000009.wav,0.0,2856.8533333333335,2856.8533333333335,1.0,D:\mickey_london_lab\analysis\5970_USV_detections_merged\spectrograms\2024-09-30_11-19-12_0000009_00000000.png
2024-09-30_11-18-34_0000004_00000000,2024-09-30_11-18-34_0000004.wav,D:\mickey_london_lab\5970 USV\2024-09-30_11-18-34_0000004.wav,0.0,10393.493333333334,10393.493333333334,1.0,D:\mickey_london_lab\analysis\5970_USV_detections_merged\spectrograms\2024-09-30_11-18-34_0000004_00000000.png
2024-09-30_11-19-00_0000007_00000000,2024-09-30_11-19-00_0000007.wav,D:\mickey_london_lab\5970 USV\2024-09-30_11-19-00_0000007.wav,0.0,7640.0,7640.0,1.0,D:\mickey_london_lab\analysis\5970_USV_detections_merged\spectrograms\2024-09-30_11-19-00_0000007_00000000.png
2024-09-30_11-19-00_0000007_00007680,2024-09-30_11-19-00_0000007.wav,D:\mickey_london_lab\5970 USV\2024-09-30_11-19-00_0000007.wav,7680.0,7760.0,80.0,0.9963235855102539,D:\mickey_london_lab\analysis\5970_USV_detections_merged\spectrograms\2024-09-30_11-19-00_0000007_00007680.png
2024-09-30_11-19-00_0000007_00007840,2024-09-30_11-19-00_0000007.wav,D:\mickey_london_lab\5970 USV\2024-09-30_11-19-00_0000007.wav,7840.0,9192.0,1352.0,1.0,D:\mickey_london_lab\analysis\5970_USV_detections_merged\spectrograms\2024-09-30_11-19-00_0000007_00007840.png
2024-09-30_11-21-30_0000042_00000000,2024-09-30_11-21-30_0000042.wav,D:\mickey_london_lab\5970 USV\2024-09-30_11-21-30_0000042.wav,0.0,3293.7599999999998,3293.7599999999998,1.0,D:\mickey_london_lab\analysis\5970_USV_detections_merged\spectrograms\2024-09-30_11-21-30_0000042_00000000.png
2024-09-30_11-21-50_0000047_00000000,2024-09-30_11-21-50_0000047.wav,D:\mickey_london_lab\5970 USV\2024-09-30_11-21-50_0000047.wav,0.0,3840.0,3840.0,1.0,D:\mickey_london_lab\analysis\5970_USV_detections_merged\spectrograms\2024-09-30_11-21-50_0000047_00000000.png
2024-09-30_11-21-50_0000047_00003880,2024-09-30_11-21-50_0000047.wav,D:\mickey_london_lab\5970 USV\2024-09-30_11-21-50_0000047.wav,3880.0,3920.0,40.0,0.9451562762260437,D:\mickey_london_lab\analysis\5970_USV_detections_merged\spectrograms\2024-09-30_11-21-50_0000047_00003880.png
2024-09-30_11-21-50_0000047_00003960,2024-09-30_11-21-50_0000047.wav,D:\mickey_london_lab\5970 USV\2024-09-30_11-21-50_0000047.wav,3960.0,4040.0,80.0,0.9645624756813049,D:\mickey_london_lab\analysis\5970_USV_detections_merged\spectrograms\2024-09-30_11-21-50_0000047_00003960.png
2024-09-30_11-21-50_0000047_00004080,2024-09-30_11-21-50_0000047.wav,D:\mickey_london_lab\5970 USV\2024-09-30_11-21-50_0000047.wav,4080.0,5000.0,920.0,1.0,D:\mickey_london_lab\analysis\5970_USV_detections_merged\spectrograms\2024-09-30_11-21-50_0000047_00004080.png
2024-09-30_11-21-50_0000047_00005040,2024-09-30_11-21-50_0000047.wav,D:\mickey_london_lab\5970 USV\2024-09-30_11-21-50_0000047.wav,5040.0,5805.973333333333,765.9733333333334,1.0,D:\mickey_london_lab\analysis\5970_USV_detections_merged\spectrograms\2024-09-30_11-21-50_0000047_00005040.png
2024-09-30_11-21-57_0000048_00000000,2024-09-30_11-21-57_0000048.wav,D:\mickey_london_lab\5970 USV\2024-09-30_11-21-57_0000048.wav,0.0,2146.88,2146.88,1.0,D:\mickey_london_lab\analysis\5970_USV_detections_merged\spectrograms\2024-09-30_11-21-57_0000048_00000000.png
2024-09-30_11-19-54_0000016_00000000,2024-09-30_11-19-54_0000016.wav,D:\mickey_london_lab\5970 USV\2024-09-30_11-19-54_0000016.wav,0.0,2146.88,2146.88,1.0,D:\mickey_london_lab\analysis\5970_USV_detections_merged\spectrograms\2024-09-30_11-19-54_0000016_00000000.png
2024-09-30_11-19-15_0000010_00000000,2024-09-30_11-19-15_0000010.wav,D:\mickey_london_lab\5970 USV\2024-09-30_11-19-15_0000010.wav,0.0,2474.56,2474.56,1.0,D:\mickey_london_lab\analysis\5970_USV_detections_merged\spectrograms\2024-09-30_11-19-15_0000010_00000000.png
2024-09-30_11-19-55_0000017_00000000,2024-09-30_11-19-55_0000017.wav,D:\mickey_london_lab\5970 USV\2024-09-30_11-19-55_0000017.wav,0.0,3566.8266666666664,3566.8266666666664,1.0,D:\mickey_london_lab\analysis\5970_USV_detections_merged\spectrograms\2024-09-30_11-19-55_0000017_00000000.png
2024-09-30_11-20-32_0000025_00000000,2024-09-30_11-20-32_0000025.wav,D:\mickey_london_lab\5970 USV\2024-09-30_11-20-32_0000025.wav,0.0,2856.8533333333335,2856.8533333333335,1.0,D:\mickey_london_lab\analysis\5970_USV_detections_merged\spectrograms\2024-09-30_11-20-32_0000025_00000000.png
2024-09-30_11-21-07_0000035_00000000,2024-09-30_11-21-07_0000035.wav,D:\mickey_london_lab\5970 USV\2024-09-30_11-21-07_0000035.wav,0.0,7280.0,7280.0,1.0,D:\mickey_london_lab\analysis\5970_USV_detections_merged\spectrograms\2024-09-30_11-21-07_0000035_00000000.png
2024-09-30_11-20-53_0000032_00000000,2024-09-30_11-20-53_0000032.wav,D:\mickey_london_lab\5970 USV\2024-09-30_11-20-53_0000032.wav,0.0,4167.573333333334,4167.573333333334,1.0,D:\mickey_london_lab\analysis\5970_USV_detections_merged\spectrograms\2024-09-30_11-20-53_0000032_00000000.png
2024-09-30_11-18-17_0000001_00000000,2024-09-30_11-18-17_0000001.wav,D:\mickey_london_lab\5970 USV\2024-09-30_11-18-17_0000001.wav,0.0,8045.120000000001,8045.120000000001,1.0,D:\mickey_london_lab\analysis\5970_USV_detections_merged\spectrograms\2024-09-30_11-18-17_0000001_00000000.png
2024-09-30_11-21-44_0000045_00000000,2024-09-30_11-21-44_0000045.wav,D:\mickey_london_lab\5970 USV\2024-09-30_11-21-44_0000045.wav,0.0,2840.0,2840.0,1.0,D:\mickey_london_lab\analysis\5970_USV_detections_merged\spectrograms\2024-09-30_11-21-44_0000045_00000000.png
2024-09-30_11-21-44_0000045_00002920,2024-09-30_11-21-44_0000045.wav,D:\mickey_london_lab\5970 USV\2024-09-30_11-21-44_0000045.wav,2920.0,3080.0,160.0,0.999998927116394,D:\mickey_london_lab\analysis\5970_USV_detections_merged\spectrograms\2024-09-30_11-21-44_0000045_00002920.png
2024-09-30_11-21-44_0000045_00003160,2024-09-30_11-21-44_0000045.wav,D:\mickey_london_lab\5970 USV\2024-09-30_11-21-44_0000045.wav,3160.0,4276.799999999999,1116.7999999999993,1.0,D:\mickey_london_lab\analysis\5970_USV_detections_merged\spectrograms\2024-09-30_11-21-44_0000045_00003160.png
2024-09-30_11-20-38_0000028_00000000,2024-09-30_11-20-38_0000028.wav,D:\mickey_london_lab\5970 USV\2024-09-30_11-20-38_0000028.wav,0.0,3785.28,3785.28,1.0,D:\mickey_london_lab\analysis\5970_USV_detections_merged\spectrograms\2024-09-30_11-20-38_0000028_00000000.png
2024-09-30_11-21-01_0000034_00000000,2024-09-30_11-21-01_0000034.wav,D:\mickey_london_lab\5970 USV\2024-09-30_11-21-01_0000034.wav,0.0,3840.0,3840.0,1.0,D:\mickey_london_lab\analysis\5970_USV_detections_merged\spectrograms\2024-09-30_11-21-01_0000034_00000000.png
2024-09-30_11-21-01_0000034_00003880,2024-09-30_11-21-01_0000034.wav,D:\mickey_london_lab\5970 USV\2024-09-30_11-21-01_0000034.wav,3880.0,6952.8533333333335,3072.8533333333335,1.0,D:\mickey_london_lab\analysis\5970_USV_detections_merged\spectrograms\2024-09-30_11-21-01_0000034_00003880.png
2024-09-30_11-18-57_0000006_00000000,2024-09-30_11-18-57_0000006.wav,D:\mickey_london_lab\5970 USV\2024-09-30_11-18-57_0000006.wav,0.0,3075.306666666667,3075.306666666667,1.0,D:\mickey_london_lab\analysis\5970_USV_detections_merged\spectrograms\2024-09-30_11-18-57_0000006_00000000.png
2024-09-30_11-20-45_0000030_00000000,2024-09-30_11-20-45_0000030.wav,D:\mickey_london_lab\5970 USV\2024-09-30_11-20-45_0000030.wav,0.0,4276.799999999999,4276.799999999999,1.0,D:\mickey_london_lab\analysis\5970_USV_detections_merged\spectrograms\2024-09-30_11-20-45_0000030_00000000.png
2024-09-30_11-19-19_0000012_00000000,2024-09-30_11-19-19_0000012.wav,D:\mickey_london_lab\5970 USV\2024-09-30_11-19-19_0000012.wav,0.0,8318.186666666668,8318.186666666668,1.0,D:\mickey_london_lab\analysis\5970_USV_detections_merged\spectrograms\2024-09-30_11-19-19_0000012_00000000.png
2024-09-30_11-21-18_0000037_00000000,2024-09-30_11-21-18_0000037.wav,D:\mickey_london_lab\5970 USV\2024-09-30_11-21-18_0000037.wav,0.0,2802.24,2802.24,1.0,D:\mickey_london_lab\analysis\5970_USV_detections_merged\spectrograms\2024-09-30_11-21-18_0000037_00000000.png
2024-09-30_11-18-25_0000002_00000000,2024-09-30_11-18-25_0000002.wav,D:\mickey_london_lab\5970 USV\2024-09-30_11-18-25_0000002.wav,0.0,2256.1066666666666,2256.1066666666666,1.0,D:\mickey_london_lab\analysis\5970_USV_detections_merged\spectrograms\2024-09-30_11-18-25_0000002_00000000.png
2024-09-30_11-20-14_0000022_00000000,2024-09-30_11-20-14_0000022.wav,D:\mickey_london_lab\5970 USV\2024-09-30_11-20-14_0000022.wav,0.0,13069.546666666667,13069.546666666667,1.0,D:\mickey_london_lab\analysis\5970_USV_detections_merged\spectrograms\2024-09-30_11-20-14_0000022_00000000.png
2024-09-30_11-18-27_0000003_00000000,2024-09-30_11-18-27_0000003.wav,D:\mickey_london_lab\5970 USV\2024-09-30_11-18-27_0000003.wav,0.0,6461.333333333333,6461.333333333333,1.0,D:\mickey_london_lab\analysis\5970_USV_detections_merged\spectrograms\2024-09-30_11-18-27_0000003_00000000.png
2024-09-30_11-21-40_0000044_00000000,2024-09-30_11-21-40_0000044.wav,D:\mickey_london_lab\5970 USV\2024-09-30_11-21-40_0000044.wav,0.0,3129.9199999999996,3129.9199999999996,1.0,D:\mickey_london_lab\analysis\5970_USV_detections_merged\spectrograms\2024-09-30_11-21-40_0000044_00000000.png
2024-09-30_11-21-14_0000036_00000000,2024-09-30_11-21-14_0000036.wav,D:\mickey_london_lab\5970 USV\2024-09-30_11-21-14_0000036.wav,0.0,2280.0,2280.0,1.0,D:\mickey_london_lab\analysis\5970_USV_detections_merged\spectrograms\2024-09-30_11-21-14_0000036_00000000.png
2024-09-30_11-21-14_0000036_00002320,2024-09-30_11-21-14_0000036.wav,D:\mickey_london_lab\5970 USV\2024-09-30_11-21-14_0000036.wav,2320.0,4222.1866666666665,1902.1866666666665,1.0,D:\mickey_london_lab\analysis\5970_USV_detections_merged\spectrograms\2024-09-30_11-21-14_0000036_00002320.png
2024-09-30_11-20-29_0000024_00000000,2024-09-30_11-20-29_0000024.wav,D:\mickey_london_lab\5970 USV\2024-09-30_11-20-29_0000024.wav,0.0,2911.4666666666667,2911.4666666666667,1.0,D:\mickey_london_lab\analysis\5970_USV_detections_merged\spectrograms\2024-09-30_11-20-29_0000024_00000000.png
2024-09-30_11-21-28_0000041_00000000,2024-09-30_11-21-28_0000041.wav,D:\mickey_london_lab\5970 USV\2024-09-30_11-21-28_0000041.wav,0.0,2146.88,2146.88,1.0,D:\mickey_london_lab\analysis\5970_USV_detections_merged\spectrograms\2024-09-30_11-21-28_0000041_00000000.png
2024-09-30_11-19-16_0000011_00000000,2024-09-30_11-19-16_0000011.wav,D:\mickey_london_lab\5970 USV\2024-09-30_11-19-16_0000011.wav,0.0,2802.24,2802.24,1.0,D:\mickey_london_lab\analysis\5970_USV_detections_merged\spectrograms\2024-09-30_11-19-16_0000011_00000000.png
2024-09-30_11-20-26_0000023_00000000,2024-09-30_11-20-26_0000023.wav,D:\mickey_london_lab\5970 USV\2024-09-30_11-20-26_0000023.wav,0.0,2802.24,2802.24,1.0,D:\mickey_london_lab\analysis\5970_USV_detections_merged\spectrograms\2024-09-30_11-20-26_0000023_00000000.png
2024-09-30_11-20-03_0000019_00000000,2024-09-30_11-20-03_0000019.wav,D:\mickey_london_lab\5970 USV\2024-09-30_11-20-03_0000019.wav,0.0,3949.1200000000003,3949.1200000000003,1.0,D:\mickey_london_lab\analysis\5970_USV_detections_merged\spectrograms\2024-09-30_11-20-03_0000019_00000000.png
2024-09-30_11-22-01_0000050_00000000,2024-09-30_11-22-01_0000050.wav,D:\mickey_london_lab\5970 USV\2024-09-30_11-22-01_0000050.wav,0.0,760.0,760.0,1.0,D:\mickey_london_lab\analysis\5970_USV_detections_merged\spectrograms\2024-09-30_11-22-01_0000050_00000000.png
2024-09-30_11-22-01_0000050_00000800,2024-09-30_11-22-01_0000050.wav,D:\mickey_london_lab\5970 USV\2024-09-30_11-22-01_0000050.wav,800.0,880.0,80.0,0.996875524520874,D:\mickey_london_lab\analysis\5970_USV_detections_merged\spectrograms\2024-09-30_11-22-01_0000050_00000800.png
2024-09-30_11-22-01_0000050_00001000,2024-09-30_11-22-01_0000050.wav,D:\mickey_london_lab\5970 USV\2024-09-30_11-22-01_0000050.wav,1000.0,1040.0,40.0,0.98624587059021,D:\mickey_london_lab\analysis\5970_USV_detections_merged\spectrograms\2024-09-30_11-22-01_0000050_00001000.png
2024-09-30_11-22-01_0000050_00001120,2024-09-30_11-22-01_0000050.wav,D:\mickey_london_lab\5970 USV\2024-09-30_11-22-01_0000050.wav,1120.0,1200.0,80.0,0.9973235726356506,D:\mickey_london_lab\analysis\5970_USV_detections_merged\spectrograms\2024-09-30_11-22-01_0000050_00001120.png
2024-09-30_11-22-01_0000050_00001280,2024-09-30_11-22-01_0000050.wav,D:\mickey_london_lab\5970 USV\2024-09-30_11-22-01_0000050.wav,1280.0,1320.0,40.0,0.9743650555610657,D:\mickey_london_lab\analysis\5970_USV_detections_merged\spectrograms\2024-09-30_11-22-01_0000050_00001280.png
2024-09-30_11-22-01_0000050_00001400,2024-09-30_11-22-01_0000050.wav,D:\mickey_london_lab\5970 USV\2024-09-30_11-22-01_0000050.wav,1400.0,1440.0,40.0,0.9583665132522583,D:\mickey_london_lab\analysis\5970_USV_detections_merged\spectrograms\2024-09-30_11-22-01_0000050_00001400.png
2024-09-30_11-22-01_0000050_00001520,2024-09-30_11-22-01_0000050.wav,D:\mickey_london_lab\5970 USV\2024-09-30_11-22-01_0000050.wav,1520.0,2040.0,520.0,1.0,D:\mickey_london_lab\analysis\5970_USV_detections_merged\spectrograms\2024-09-30_11-22-01_0000050_00001520.png
2024-09-30_11-22-01_0000050_00002080,2024-09-30_11-22-01_0000050.wav,D:\mickey_london_lab\5970 USV\2024-09-30_11-22-01_0000050.wav,2080.0,2146.88,66.88000000000011,0.9999891519546509,D:\mickey_london_lab\analysis\5970_USV_detections_merged\spectrograms\2024-09-30_11-22-01_0000050_00002080.png
2024-09-30_11-20-09_0000021_00000000,2024-09-30_11-20-09_0000021.wav,D:\mickey_london_lab\5970 USV\2024-09-30_11-20-09_0000021.wav,0.0,920.0,920.0,1.0,D:\mickey_london_lab\analysis\5970_USV_detections_merged\spectrograms\2024-09-30_11-20-09_0000021_00000000.png
2024-09-30_11-20-09_0000021_00000960,2024-09-30_11-20-09_0000021.wav,D:\mickey_london_lab\5970 USV\2024-09-30_11-20-09_0000021.wav,960.0,3020.6933333333336,2060.6933333333336,1.0,D:\mickey_london_lab\analysis\5970_USV_detections_merged\spectrograms\2024-09-30_11-20-09_0000021_00000960.png
2024-09-30_11-19-09_0000008_00000000,2024-09-30_11-19-09_0000008.wav,D:\mickey_london_lab\5970 USV\2024-09-30_11-19-09_0000008.wav,0.0,4440.0,4440.0,1.0,D:\mickey_london_lab\analysis\5970_USV_detections_merged\spectrograms\2024-09-30_11-19-09_0000008_00000000.png
2024-09-30_11-21-34_0000043_00000000,2024-09-30_11-21-34_0000043.wav,D:\mickey_london_lab\5970 USV\2024-09-30_11-21-34_0000043.wav,0.0,2240.0,2240.0,1.0,D:\mickey_london_lab\analysis\5970_USV_detections_merged\spectrograms\2024-09-30_11-21-34_0000043_00000000.png
2024-09-30_11-21-34_0000043_00002320,2024-09-30_11-21-34_0000043.wav,D:\mickey_london_lab\5970 USV\2024-09-30_11-21-34_0000043.wav,2320.0,6734.4,4414.4,1.0,D:\mickey_london_lab\analysis\5970_USV_detections_merged\spectrograms\2024-09-30_11-21-34_0000043_00002320.png
2024-09-30_11-19-38_0000015_00000000,2024-09-30_11-19-38_0000015.wav,D:\mickey_london_lab\5970 USV\2024-09-30_11-19-38_0000015.wav,0.0,14880.0,14880.0,1.0,D:\mickey_london_lab\analysis\5970_USV_detections_merged\spectrograms\2024-09-30_11-19-38_0000015_00000000.png
2024-09-30_11-19-38_0000015_00014920,2024-09-30_11-19-38_0000015.wav,D:\mickey_london_lab\5970 USV\2024-09-30_11-19-38_0000015.wav,14920.0,16400.0,1480.0,1.0,D:\mickey_london_lab\analysis\5970_USV_detections_merged\spectrograms\2024-09-30_11-19-38_0000015_00014920.png
2024-09-30_11-20-41_0000029_00000000,2024-09-30_11-20-41_0000029.wav,D:\mickey_london_lab\5970 USV\2024-09-30_11-20-41_0000029.wav,0.0,4331.413333333333,4331.413333333333,1.0,D:\mickey_london_lab\analysis\5970_USV_detections_merged\spectrograms\2024-09-30_11-20-41_0000029_00000000.png
2024-09-30_11-21-24_0000039_00000000,2024-09-30_11-21-24_0000039.wav,D:\mickey_london_lab\5970 USV\2024-09-30_11-21-24_0000039.wav,0.0,2146.88,2146.88,1.0,D:\mickey_london_lab\analysis\5970_USV_detections_merged\spectrograms\2024-09-30_11-21-24_0000039_00000000.png
