stem,label,event_idx,start_col,end_col,max_probability,mean_probability,n_total_columns,n_broadband_columns,n_tonal_columns,tonal_fraction,max_consecutive_tonal,mean_flatness,min_flatness,median_flatness,std_flatness
2024-09-30_17-45-49_0001960,1960_problem,0,2410,2460,0.7765337824821472,0.6571578085422516,50,3,17,0.3617021276595745,11,0.5176572998308282,0.24680572435075862,0.5314918355233412,0.09830252387041923
2024-09-30_19-00-57_0002431,1960_problem,0,2610,2700,0.7790546417236328,0.6867277145385742,90,1,29,0.3258426966292135,8,0.5146114961585944,0.21723385661299677,0.5263268042366765,0.07784178095228386
2024-09-30_19-20-03_0002522,1960_problem,0,2320,2410,0.8521555066108704,0.7908259034156799,90,16,18,0.24324324324324326,9,0.5012417879686951,0.05566507067866898,0.5519777311279725,0.1566446021326511
2024-09-30_22-36-23_0003502,1960_problem,0,2380,2530,0.7916553616523743,0.6538773588836193,150,4,19,0.13013698630136986,3,0.5466119419415142,0.34271947424601173,0.5475075192728815,0.05216461638633846
2024-09-30_22-36-23_0003502,1960_problem,1,4500,4690,0.8640776872634888,0.7739125162363052,190,0,30,0.15789473684210525,5,0.5382680551783778,0.13750431012307202,0.5474135937641932,0.07235947035879116
2024-09-30_22-36-23_0003502,1960_problem,2,6450,6540,0.835379421710968,0.7537025213241577,90,0,14,0.15555555555555556,3,0.5522824522761709,0.43101297029898017,0.5546748716029065,0.049219381495523185
2024-09-30_22-36-23_0003502,1960_problem,3,7850,7990,0.8403122425079346,0.6969059367974599,140,0,19,0.1357142857142857,3,0.5534452514391918,0.4239742708304011,0.5546200574780438,0.04650438381737161
2024-09-30_22-36-23_0003502,1960_problem,4,8010,8100,0.8098625540733337,0.7400675594806672,90,0,20,0.2222222222222222,4,0.5342385326422794,0.29345980169958075,0.5420038607454893,0.05609738252448977
2024-09-30_22-36-29_0003503,1960_problem,0,2440,2470,0.7782853841781616,0.7340364158153534,30,0,2,0.06666666666666667,1,0.5529420167126698,0.4980895110629355,0.5436120578161356,0.038380112353106725
2024-09-30_23-37-29_0003781,1960_problem,0,2340,2450,0.8592032194137573,0.7454225271940231,110,0,18,0.16363636363636364,4,0.5498333890133441,0.45447153067256574,0.5489408762900635,0.04797388783095511
2024-09-30_23-39-35_0003794,1960_problem,0,2360,2430,0.7667697072029114,0.5577535517513752,70,0,5,0.07142857142857142,2,0.5498087141930867,0.41457857249256197,0.5507987982156679,0.041868477624271545
2024-10-01_12-20-03_0005107,1960_problem,0,2270,2290,0.6723858714103699,0.5878878633181254,20,0,3,0.15,2,0.5559392618536048,0.471450093415938,0.5520317011390354,0.04260720108633645
2024-10-01_17-18-59_0005656,1960_problem,0,2370,2550,0.8493929505348206,0.7458724505022952,180,1,36,0.2011173184357542,7,0.5412964483642078,0.17700247954108478,0.5529099047295364,0.06744976265645009
2024-10-01_17-18-59_0005656,1960_problem,1,2820,2850,0.8210905194282532,0.6705954670906067,30,0,2,0.06666666666666667,1,0.56314776453987,0.4966636899682265,0.5627037301169544,0.0406449761259057
2024-10-01_17-18-59_0005656,1960_problem,2,3120,3150,0.8205096125602722,0.6693181619048119,30,0,2,0.06666666666666667,1,0.5631612912789341,0.49666637655659934,0.5626782840045368,0.040644787825580675
2024-10-01_17-18-59_0005656,1960_problem,3,3420,3450,0.8209689259529114,0.6709635704755783,30,0,2,0.06666666666666667,1,0.5631721490000089,0.4967160922496338,0.5627001960988514,0.040640627194503495
2024-10-01_17-18-59_0005656,1960_problem,4,3720,3750,0.8210685849189758,0.6709350049495697,30,0,2,0.06666666666666667,1,0.5632798950833444,0.4967274023330431,0.5626546181185468,0.04059443591916753
2024-10-01_17-18-59_0005656,1960_problem,5,4020,4050,0.8208702206611633,0.6704302132129669,30,0,2,0.06666666666666667,1,0.5633389515897219,0.49684335267908225,0.5626546181185468,0.04050985129446487
2024-10-01_17-18-59_0005656,1960_problem,6,4320,4350,0.8205917477607727,0.6702083349227905,30,0,2,0.06666666666666667,1,0.5633302866163117,0.49679106682413704,0.5626546181185468,0.04050117695370045
2024-10-01_17-18-59_0005656,1960_problem,7,4620,4650,0.8205813765525818,0.6704046577215195,30,0,2,0.06666666666666667,1,0.5633156740115494,0.49676981237415185,0.5625937026800704,0.0405280074217786
2024-10-01_17-18-59_0005656,1960_problem,8,4920,4950,0.8207029700279236,0.6615332812070847,30,0,2,0.06666666666666667,1,0.5632737503348274,0.49676981237415185,0.5625163434141465,0.04055811761830302
2024-10-01_18-29-16_0006086,1960_problem,0,4340,4480,0.8631294965744019,0.7132915298144022,140,0,16,0.11428571428571428,3,0.5579007116581008,0.44639438691914135,0.5620974917753032,0.042636879258348276
2024-09-30_11-22-17_0000053,good_reference,0,430,520,0.9346469640731812,0.8831925213336944,90,0,29,0.32222222222222224,12,0.5081946888209221,0.21621273680210018,0.5315650600352271,0.10109646126737125
2024-09-30_11-22-17_0000053,good_reference,1,1550,1640,0.8743100762367249,0.8065248191356659,90,0,15,0.16666666666666666,2,0.5436516460150155,0.4348607727626085,0.5403827669459511,0.04735626485447336
2024-09-30_11-22-17_0000053,good_reference,2,2340,2580,0.9985754489898682,0.9508644080162049,240,0,159,0.6625,113,0.3892876106813224,0.06280110564137593,0.372632226649448,0.15929338073279561
2024-09-30_11-22-17_0000053,good_reference,3,2710,2910,0.9964606165885925,0.8765827687013716,200,0,93,0.465,36,0.4684980355206991,0.112353994499265,0.5132013927895269,0.12878614346940312
2024-09-30_11-22-17_0000053,good_reference,4,3030,3180,0.9912609457969666,0.9147259518504143,150,0,68,0.4533333333333333,14,0.4867047151397768,0.1358027091352668,0.5097527287057999,0.10086044583704681
2024-09-30_11-22-19_0000054,good_reference,0,2340,2460,0.9605956673622131,0.8785592684378991,120,0,52,0.43333333333333335,31,0.4828774534087587,0.13205711718075885,0.5144769236367388,0.12482583923520064
2024-09-30_11-22-19_0000054,good_reference,1,2640,2840,0.9969279170036316,0.9097436212358021,200,6,152,0.7835051546391752,79,0.3666203639444004,0.057287941794929985,0.3821485110607727,0.1411857176588277
2024-09-30_11-22-19_0000054,good_reference,2,2970,3280,0.9992983341217041,0.9509380906820297,310,9,215,0.7142857142857143,101,0.34443883671451736,0.04470244772033094,0.3344963285916431,0.1720171766076157
2024-09-30_18-37-17_0002311,auto_accept,0,2110,2230,0.9822659492492676,0.9079748758902917,120,0,50,0.4166666666666667,34,0.4881715236557922,0.20699319169444225,0.5180180074462666,0.10242952332733958
2024-09-30_18-37-17_0002311,auto_accept,1,2310,2540,0.9999024868011475,0.9655403991540273,230,0,148,0.6434782608695652,84,0.38679941368422555,0.04431781219537889,0.40523018913076025,0.17044190318543367
2024-09-30_18-37-17_0002311,auto_accept,2,2570,3200,0.9999957084655762,0.9823955949395895,630,0,491,0.7793650793650794,190,0.31490842451326845,0.020624540897654777,0.30451866782905845,0.18209177564101534
2024-09-30_18-37-17_0002311,auto_accept,3,3230,3600,0.9999978542327881,0.9712154143734982,370,0,252,0.6810810810810811,174,0.32442560693497785,0.014991568535811068,0.30275260113114855,0.2025200922159615
2024-09-30_18-37-17_0002311,auto_accept,4,3660,4060,0.9999963045120239,0.9708475761297273,400,0,321,0.8025,111,0.2509224680997083,0.007208115765316897,0.2045450730455911,0.1908096351307295
2024-09-30_18-37-17_0002311,auto_accept,5,4120,4530,0.9999983310699463,0.9767851488930839,410,0,326,0.7951219512195122,175,0.303561705502751,0.013886127374815815,0.28576837969161334,0.17594199303786945
2024-09-30_18-37-17_0002311,auto_accept,6,4580,5700,0.9999996423721313,0.9342023353133582,1120,93,940,0.9152872444011685,326,0.2453917817768163,0.024308019683810564,0.2113927471896719,0.1450560571469336
2024-09-30_18-37-17_0002311,auto_accept,7,5720,6400,0.9999829530715942,0.9517710588980413,680,0,532,0.7823529411764706,171,0.30375604781435217,0.030245291413972277,0.28442454411561124,0.18249273139380282
2024-09-30_18-37-17_0002311,auto_accept,8,6510,6830,0.9997181296348572,0.9741749745426755,320,0,225,0.703125,56,0.3906128102893103,0.07712276954924534,0.40849455514600685,0.15082769651411132
2024-09-30_18-37-17_0002311,auto_accept,9,6940,7360,0.9998384714126587,0.9649477462435878,420,0,282,0.6714285714285714,58,0.40750389983385044,0.05993135931292734,0.4490166785402222,0.15477165606014232
2024-09-30_18-37-17_0002311,auto_accept,10,7390,7800,0.9999109506607056,0.9477216601371765,410,59,268,0.7635327635327636,117,0.29626648655484245,0.043095228777671725,0.2552914969377543,0.1857711834615796
2024-09-30_18-37-17_0002311,auto_accept,11,7930,8260,0.9997709393501282,0.9605447509709526,330,0,212,0.6424242424242425,43,0.3994522728387784,0.07629360129443363,0.42667084756235346,0.15684963856449732
2024-09-30_18-37-17_0002311,auto_accept,12,8470,8580,0.9689418077468872,0.8919269517064095,110,0,24,0.21818181818181817,7,0.5383482847287103,0.36617391063808813,0.5486585730248035,0.06122863831148202
2024-09-30_18-37-17_0002311,auto_accept,13,9650,9880,0.9998377561569214,0.9646667540073395,230,0,141,0.6130434782608696,83,0.41073685952011,0.08492743551604115,0.4323543261709807,0.15054646373059927
2024-09-30_18-37-17_0002311,auto_accept,14,9960,10270,0.9999526739120483,0.9799573179334402,310,0,221,0.7129032258064516,180,0.3023934536953385,0.03386406081979715,0.23040086950970406,0.20299811543351046
2024-09-30_18-37-17_0002311,auto_accept,15,10340,10540,0.9986093044281006,0.9530390614554995,200,0,111,0.555,29,0.43152825234948056,0.07185579906645154,0.45838393451298654,0.146913764414456
2024-09-30_18-37-17_0002311,auto_accept,16,10660,11220,0.9999023675918579,0.9780000479597795,560,0,418,0.7464285714285714,80,0.3421263130837294,0.02018125344864781,0.34948154319810615,0.1737518518677407
2024-09-30_18-37-17_0002311,auto_accept,17,11420,11580,0.9912733435630798,0.9065177125089309,160,0,61,0.38125,24,0.5091977473955887,0.244872450613605,0.5188634249685724,0.07868467390941118
2024-09-30_17-06-19_0001647,auto_accept,0,2300,2570,0.9998809099197388,0.9426034007753644,270,0,147,0.5444444444444444,69,0.4217735793572384,0.043617254084864526,0.48768784959177885,0.16839250947548098
2024-09-30_17-06-19_0001647,auto_accept,1,2700,2870,0.9998756647109985,0.9553077419598898,170,0,101,0.5941176470588235,78,0.3875784735904178,0.043617254084864526,0.44771606086107263,0.18858243719761741
2024-09-30_17-06-19_0001647,auto_accept,2,3000,3520,0.9999982118606567,0.9690080791149499,520,0,376,0.7230769230769231,179,0.340354096593297,0.01068324357760054,0.35030043673096756,0.18598052104124088
2024-09-30_17-06-19_0001647,auto_accept,3,3570,3930,0.999976634979248,0.9602653690286584,360,0,276,0.7666666666666667,203,0.3209732368028116,0.017318415965459202,0.2998988506704465,0.18091401427888457
2024-09-30_17-06-19_0001647,auto_accept,4,4000,4250,0.9998056292533875,0.9667823475140792,250,0,163,0.652,91,0.39156361357115893,0.03805273798349181,0.43185447417941414,0.17155232481787747
2024-09-30_17-06-19_0001647,auto_accept,5,4320,4510,0.9999009370803833,0.9455705285072327,190,0,110,0.5789473684210527,84,0.366445931808094,0.04036319807178277,0.41266964787402194,0.19733384754911984
2024-09-30_17-06-19_0001647,auto_accept,6,4590,4780,0.9994381070137024,0.941146519780159,190,0,104,0.5473684210526316,39,0.4429789481005577,0.1165415973315372,0.47949585079686263,0.13574427128456493
2024-09-30_17-06-19_0001647,auto_accept,7,4850,5360,0.9999496936798096,0.9811220214917109,510,0,416,0.8156862745098039,98,0.27644434213641567,0.020412788608979326,0.235109672981446,0.1855987428474216
2024-09-30_17-06-19_0001647,auto_accept,8,5430,6020,0.99992835521698,0.9877403189738592,590,0,469,0.7949152542372881,136,0.31540299446144404,0.017139859960983002,0.30692885922874813,0.17740967756799447
2024-09-30_17-13-53_0001714,auto_accept,0,2360,3410,0.9999011754989624,0.9913884733083114,1050,0,974,0.9276190476190476,792,0.13594989395303161,0.005608076899397317,0.07764272609850248,0.15620738076653054
2024-09-30_17-13-53_0001714,auto_accept,1,3470,4040,0.9998101592063904,0.9767417835778204,570,0,443,0.7771929824561403,344,0.26265136776942066,0.011848012746221647,0.1987674887479549,0.21035167862582255
2024-09-30_17-13-53_0001714,auto_accept,2,4170,4570,0.9999700784683228,0.9723356569685587,400,0,303,0.7575,155,0.30486155921733454,0.021617185273475007,0.2597325805939396,0.19186515133822823
2024-09-30_15-21-20_0001219,auto_accept,0,4510,5000,0.9999604225158691,0.9626629257202148,490,0,412,0.8408163265306122,402,0.1514189295492926,0.0019503510088785055,0.027171393121068938,0.20878632137375858
2024-09-30_15-21-20_0001219,auto_accept,1,5060,5700,0.9999986886978149,0.953817408818465,640,3,533,0.8367346938775511,163,0.20527977962794483,0.0031016141415437124,0.11619544071287091,0.20676712400891403
2024-09-30_15-21-20_0001219,auto_accept,2,5770,6020,0.9999470710754395,0.9657637133048131,250,0,189,0.756,161,0.24416142591731843,0.006784087238448183,0.12721070842737328,0.21881014930325499
2024-09-30_13-03-14_0000702,auto_accept,0,2160,2260,0.9477940797805786,0.883416165005077,100,0,23,0.23,11,0.5420124963311707,0.36684748433332587,0.5457483961070491,0.05725012149850976
2024-09-30_13-33-29_0000826,auto_accept,0,2250,2700,0.9999986886978149,0.9752542752286663,450,0,362,0.8044444444444444,187,0.3023430480290576,0.03455422076191908,0.27873903603447214,0.16977312974744196
2024-09-30_13-33-29_0000826,auto_accept,1,2720,3270,0.9999994039535522,0.9662243074604443,550,2,402,0.7335766423357665,183,0.3094911770544477,0.024530324821522127,0.2642674759055412,0.1904068119512415
2024-09-30_13-33-29_0000826,auto_accept,2,3330,3790,0.9999988079071045,0.9864053003331448,460,0,366,0.7956521739130434,140,0.28855300320141414,0.0344374964405009,0.22940901704366395,0.1734390619778234
2024-09-30_13-33-29_0000826,auto_accept,3,3900,4070,0.9997279047966003,0.9595281581083933,170,0,94,0.5529411764705883,87,0.3528189832393803,0.0352229315502579,0.3802406158315904,0.22096121667917176
2024-09-30_13-33-29_0000826,auto_accept,4,4140,4710,0.9997609257698059,0.972380539980428,570,0,482,0.8456140350877193,169,0.253806060565387,0.023222673475266797,0.20090574821683857,0.17489385955779269
2024-09-30_13-33-29_0000826,auto_accept,5,4810,5130,0.9991539716720581,0.9677863951885339,320,1,252,0.7899686520376176,78,0.29902029254082607,0.038110887328094804,0.2530979415063164,0.174595417236404
2024-09-30_13-33-29_0000826,auto_accept,6,5220,5450,0.999711811542511,0.9461301056047281,230,0,143,0.6217391304347826,96,0.3463614059671988,0.018200129744954236,0.36044115286811323,0.2083972508144285
2024-09-30_13-33-29_0000826,auto_accept,7,7920,8280,0.9999027252197266,0.9705603042164365,360,0,243,0.675,62,0.41018309487725163,0.10421074970469917,0.41947740488356694,0.13884991446327993
2024-09-30_13-33-29_0000826,auto_accept,8,8580,8670,0.893716037273407,0.8412943661212922,90,0,9,0.1,7,0.5548654284429125,0.38189098220152434,0.555351552077197,0.054256549909654554
2024-09-30_13-33-29_0000826,auto_accept,9,9460,9610,0.9965052604675293,0.9240533336997032,150,0,66,0.44,16,0.47744023625238,0.17544565445449942,0.5163422473862622,0.1215729624743177
2024-09-30_13-33-29_0000826,auto_accept,10,9760,9890,0.9808963537216187,0.9061191422598702,130,0,49,0.3769230769230769,21,0.4897060568893765,0.1763305120791251,0.5324639885735838,0.12484000282141103
2024-09-30_13-33-29_0000826,auto_accept,11,9980,10160,0.9996962547302246,0.925761385967857,180,0,87,0.48333333333333334,46,0.434347439923943,0.0591692128789104,0.5077155418079604,0.16476818666943677
2024-09-30_13-33-29_0000826,auto_accept,12,10360,10540,0.996181845664978,0.934674300645527,180,0,86,0.4777777777777778,14,0.4882602408164201,0.16678257096110313,0.5039628408166165,0.09989892771603533
2024-09-30_21-45-52_0003260,auto_accept,0,2110,2300,0.8519907593727112,0.7150495380163193,190,0,38,0.2,13,0.54109280807047,0.24420249279868608,0.5569656657607684,0.0766021160022507
2024-09-30_21-45-52_0003260,auto_accept,1,2340,3220,0.9995762705802917,0.9197522709878643,880,0,582,0.6613636363636364,188,0.26108436476338054,0.009154563720643152,0.09687303025996138,0.24566475263791646
2024-09-30_21-45-52_0003260,auto_accept,2,3240,3700,0.9998835325241089,0.9720750806179452,460,0,323,0.7021739130434783,204,0.20227333046507778,0.0017124693160859203,0.021833760297154496,0.2529306289215449
2024-09-30_21-45-52_0003260,auto_accept,3,3740,3910,0.9944082498550415,0.8653873768117692,170,0,63,0.37058823529411766,20,0.4901551714131525,0.16689143922234,0.5296038588539689,0.12578751252924242
2024-09-30_21-45-52_0003260,auto_accept,4,5150,5320,0.9994207620620728,0.9436003400219811,170,2,87,0.5178571428571429,60,0.36446557528219486,0.0069629244313369545,0.49527876210470057,0.23739375905755483
2024-09-30_21-45-52_0003260,auto_accept,5,5340,5570,0.9995377063751221,0.9337877283493677,230,0,147,0.6391304347826087,129,0.2606851645044749,0.00205951642143554,0.07152934715323443,0.2621083137538645
2024-09-30_21-45-52_0003260,auto_accept,6,5600,6080,0.9999079704284668,0.9669240676626867,480,10,382,0.8127659574468085,167,0.17933459575759314,0.003928931632645622,0.055795167849469224,0.21134628803594396
2024-09-30_21-45-52_0003260,auto_accept,7,6110,6500,0.9998600482940674,0.909528523683548,390,0,261,0.6692307692307692,94,0.30514811530984526,0.007781703337275115,0.3937817233445087,0.23152094125470832
2024-09-30_21-45-52_0003260,auto_accept,8,6550,6960,0.9991869330406189,0.8512858869064421,410,0,146,0.35609756097560974,66,0.4366655557945874,0.014791500878690966,0.5353610563783036,0.21086201536157637
2024-09-30_21-45-52_0003260,auto_accept,9,7020,7750,0.9999996423721313,0.9904580937849509,730,0,641,0.8780821917808219,406,0.1344555765989423,0.0015535266666791593,0.03997192899070067,0.19274686654626003
2024-09-30_21-45-52_0003260,auto_accept,10,7820,8340,0.9999977350234985,0.9259248690785102,520,0,358,0.6884615384615385,201,0.27921232754137115,0.007029333183381297,0.21070298759840964,0.22867275146402818
2024-09-30_21-45-52_0003260,auto_accept,11,8390,8960,0.9994046688079834,0.9270030825302519,570,70,484,0.968,108,0.10462493564896505,0.004734146705754555,0.042993252823340614,0.13831989572908907
2024-09-30_21-45-52_0003260,auto_accept,12,9070,9440,0.9993754029273987,0.9689811232842898,370,5,311,0.852054794520548,126,0.20388427576559165,0.003925982066891215,0.10501661434740639,0.20752600580430705
2024-09-30_21-45-52_0003260,auto_accept,13,9510,9920,0.9999978542327881,0.9517507283460527,410,22,310,0.7989690721649485,145,0.248116180483485,0.007137585058183764,0.1998820229491161,0.202209044700805
2024-09-30_21-45-52_0003260,auto_accept,14,9980,10380,0.9999923706054688,0.9621106633325902,400,3,304,0.7657430730478589,197,0.21683903483524047,0.0028080700118089164,0.09325929391860086,0.22042987993767024
2024-09-30_21-45-52_0003260,auto_accept,15,10540,11030,0.9998656511306763,0.9316581255197525,490,3,377,0.7741273100616016,314,0.20886886287372983,0.005968508695353391,0.08500053144014237,0.22091769322276317
2024-09-30_21-45-52_0003260,auto_accept,16,11190,11320,0.9985339641571045,0.9409462639263698,130,0,108,0.8307692307692308,49,0.35319136456407857,0.10717915093576394,0.40289047886950413,0.14039917940834157
2024-09-30_21-45-52_0003260,auto_accept,17,11550,11770,0.9994231462478638,0.8831211121185966,220,0,105,0.4772727272727273,94,0.39449305801718937,0.05983021397517126,0.5121943703760409,0.20999166105197103
2024-09-30_21-45-52_0003260,auto_accept,18,11850,12140,0.9990496039390564,0.9620463569959005,290,0,166,0.5724137931034483,67,0.33231604954409383,0.0384798803798715,0.30670682256976434,0.2244799267025415
2024-09-30_16-42-52_0001506,auto_accept,0,2930,3280,0.9999959468841553,0.9535227533843782,350,0,240,0.6857142857142857,132,0.3680849090560152,0.0507279771051727,0.36950922396666963,0.16550410863870038
2024-09-30_16-42-52_0001506,auto_accept,1,3370,3920,0.9999990463256836,0.983461931347847,550,0,451,0.82,203,0.29526939905660343,0.009809525148174696,0.2770170505502,0.17497214568025898
2024-09-30_16-42-52_0001506,auto_accept,2,3990,4470,0.9999998807907104,0.981098083817229,480,0,374,0.7791666666666667,270,0.26857760258242563,0.005376758096269449,0.22481930966734223,0.19436508324783544
2024-09-30_16-42-52_0001506,auto_accept,3,4530,5170,0.9999998807907104,0.9827771085959215,640,0,561,0.8765625,548,0.22311656937925592,0.006286218483906805,0.17404555383212944,0.17400816585501633
2024-09-30_16-42-52_0001506,auto_accept,4,5250,5500,0.9997534155845642,0.9523603778619033,250,0,171,0.684,112,0.30121641512350805,0.011777860940956333,0.22636273531807782,0.20853314654400965
2024-09-30_16-42-52_0001506,auto_accept,5,5580,5990,0.9999594688415527,0.9646525269462949,410,0,318,0.775609756097561,112,0.3011267362284038,0.007107920593555181,0.28562634493199174,0.19061404182266406
2024-09-30_16-42-52_0001506,auto_accept,6,6040,6190,0.9879013299942017,0.8689907155930996,150,0,70,0.4666666666666667,29,0.48936496775765476,0.1642463188554768,0.525077911033897,0.11390860660035278
2024-09-30_16-42-52_0001506,auto_accept,7,6240,6540,0.9998112320899963,0.9625660296409361,300,0,195,0.65,87,0.377749927354778,0.017557389137307713,0.3767664002777139,0.1715698361221188
2024-09-30_16-42-52_0001506,auto_accept,8,6610,7170,0.9998669624328613,0.9564634101432666,560,40,446,0.8576923076923076,143,0.27891941414140486,0.023569247248620095,0.25035983349943947,0.16597819509992343
2024-09-30_16-42-52_0001506,auto_accept,9,7280,7480,0.998873770236969,0.8956856387002128,200,16,151,0.8206521739130435,32,0.3837167413477015,0.0600115518797409,0.389763202756914,0.12042297048629963
2024-09-30_19-28-29_0002579,auto_accept,0,2090,2220,0.9835188984870911,0.908987432718277,130,0,43,0.33076923076923076,18,0.5112786559134539,0.2087822404605381,0.5343288983669936,0.09030027294919464
2024-09-30_19-28-29_0002579,auto_accept,1,2270,2890,0.9999954700469971,0.9794349519033281,620,0,528,0.8516129032258064,225,0.22642984876087902,0.006734895776251725,0.15208731064953104,0.19421849929022014
2024-09-30_19-28-29_0002579,auto_accept,2,2970,3370,0.9996814727783203,0.9880415332026597,400,0,336,0.84,324,0.2028838786620218,0.014629532456202273,0.12183399576321097,0.18749804568114253
2024-09-30_19-28-29_0002579,auto_accept,3,3430,3680,0.9999755620956421,0.9659846127033234,250,0,175,0.7,159,0.32181283700051916,0.03483595492986496,0.28864724436191436,0.19266679152588012
2024-09-30_19-28-29_0002579,auto_accept,4,3770,3910,0.9917762279510498,0.8828811367352803,140,0,86,0.6142857142857143,32,0.4416123202700576,0.15584161933376212,0.45717297002454416,0.12325902175662724
2024-09-30_19-28-29_0002579,auto_accept,5,3970,4300,0.999940037727356,0.9721324776901918,330,0,240,0.7272727272727273,153,0.31846759773162303,0.031228952551875196,0.2942396499150248,0.18778077066265947
2024-09-30_19-28-29_0002579,auto_accept,6,4360,4720,0.9999006986618042,0.9791287360964595,360,0,291,0.8083333333333333,187,0.26430649910189535,0.0195655899207985,0.19570791041792857,0.18263675679110897
2024-09-30_19-28-29_0002579,auto_accept,7,4770,4950,0.9998878240585327,0.9489791330538297,180,0,117,0.65,88,0.36116882312094306,0.026509324882572495,0.4320502282917173,0.19030246437114343
2024-09-30_19-28-29_0002579,auto_accept,8,5030,5430,0.9999779462814331,0.9841317679823899,400,0,330,0.825,210,0.26632774542667037,0.019718756258087427,0.21169655265705561,0.17401666032917504
2024-09-30_19-28-29_0002579,auto_accept,9,5530,5630,0.963580846786499,0.8946661244739186,100,0,45,0.45,10,0.48506597729108963,0.16832926800561013,0.514802535571846,0.10376338767532947
2024-09-30_19-28-29_0002579,auto_accept,10,5760,6160,0.999675989151001,0.9683578348741299,400,0,294,0.735,124,0.37450581035995184,0.0842177694193525,0.37550957134085233,0.14670971983025302
2024-09-30_18-01-00_0002068,auto_accept,0,4060,4190,0.9678437113761902,0.8828047130789075,130,0,32,0.24615384615384617,8,0.5313590921733868,0.31654723955073505,0.5414912231698878,0.0727575057505095
2024-09-30_18-01-00_0002068,auto_accept,1,4230,4530,0.9994102716445923,0.9726339597855845,300,0,187,0.6233333333333333,39,0.402619543319665,0.06844505782428428,0.4279136011573775,0.1540850913502292
2024-09-30_18-01-00_0002068,auto_accept,2,4580,4760,0.9996206760406494,0.9514115076316031,180,0,99,0.55,46,0.4444810880639563,0.12818524141095222,0.48718480354611793,0.13195113850716608
2024-09-30_18-01-00_0002068,auto_accept,3,4890,4960,0.8283464908599854,0.7766203433275223,70,0,4,0.05714285714285714,2,0.5610220527713938,0.40860775177452957,0.5621067045365422,0.045098024038030024
2024-09-30_20-58-01_0002971,auto_accept,0,160,260,0.9584702253341675,0.8929728811437433,100,0,16,0.16,6,0.5564912590313442,0.347219097060369,0.5704156921300232,0.055405878060422034
2024-09-30_20-58-01_0002971,auto_accept,1,500,580,0.8230800628662109,0.7526611023479037,80,0,6,0.075,1,0.5554201579788005,0.46004986971072787,0.5535959968242805,0.038873703412364784
2024-09-30_20-58-01_0002971,auto_accept,2,2330,2470,0.9935814142227173,0.9099478960037232,140,0,65,0.4642857142857143,34,0.4539070893185858,0.12747074082731044,0.50654183970452,0.1452716236312756
2024-09-30_20-58-01_0002971,auto_accept,3,2520,3200,0.9999997615814209,0.9106434639813243,680,0,394,0.5794117647058824,140,0.3886117525801019,0.04646397347117818,0.42759791085677396,0.17859076177241734
2024-09-30_20-58-01_0002971,auto_accept,4,3280,3430,0.9826430082321167,0.8677996098995209,150,0,71,0.47333333333333333,31,0.46382283958816506,0.12366584280653978,0.5108395415289734,0.1201464792756042
2024-09-30_22-14-54_0003374,auto_accept,0,2300,2430,0.9652349352836609,0.885981947183609,130,0,56,0.4307692307692308,25,0.4832849600507255,0.1650009336996388,0.5206212400366896,0.11219776286302917
2024-09-30_22-14-54_0003374,auto_accept,1,2550,2650,0.9741953611373901,0.9338238672776655,100,0,30,0.3,20,0.47480124547231184,0.04594870467206086,0.5363403528121549,0.16712076459981506
2024-09-30_22-14-54_0003374,auto_accept,2,2780,3040,0.9992777705192566,0.9620650587258516,260,0,173,0.6653846153846154,69,0.385918937295153,0.06993145892883525,0.386011813512651,0.1595642934611922
2024-09-30_22-14-54_0003374,auto_accept,3,3160,3230,0.8043689727783203,0.7668739631772041,70,0,9,0.12857142857142856,3,0.5475137253922651,0.42996867863501187,0.5482103755772141,0.047343883483768986
2024-09-30_11-34-42_0000199,auto_accept,0,2290,2440,0.9546349048614502,0.8502168953418732,150,0,58,0.38666666666666666,12,0.5026353473675013,0.12445691447684872,0.5258111533077758,0.10146589489274045
2024-09-30_11-34-42_0000199,auto_accept,1,2550,2740,0.9722384810447693,0.8355383723974228,190,0,80,0.42105263157894735,19,0.4930598942498287,0.21066409578076126,0.5179461596069055,0.10113111245042664
2024-09-30_11-34-42_0000199,auto_accept,2,2850,3040,0.9723008275032043,0.8356143355369567,190,0,80,0.42105263157894735,19,0.4930898129309295,0.21066409578076126,0.5179461596069055,0.10113841430309121
2024-09-30_11-34-42_0000199,auto_accept,3,3070,3300,0.9998834133148193,0.8925246968865395,230,0,128,0.5565217391304348,101,0.34883517398762154,0.015569201543074155,0.4128007515186038,0.21982508015685476
2024-09-30_11-34-42_0000199,auto_accept,4,3350,3700,0.9999951124191284,0.9559899187750287,350,3,271,0.7809798270893372,192,0.2531385152838392,0.007813687481412574,0.17527967836864636,0.19103111192926728
2024-09-30_11-34-42_0000199,auto_accept,5,3770,4270,0.9999977350234985,0.9717954256955315,500,0,399,0.798,284,0.2226727197521509,0.0056907597995912084,0.1178154519612106,0.2102087196797806
2024-09-30_11-34-42_0000199,auto_accept,6,4390,4710,0.9996618032455444,0.9239376530502782,320,0,233,0.728125,198,0.2636660144384154,0.008044121762211075,0.18769840889594586,0.2242200938505219
2024-09-30_11-34-42_0000199,auto_accept,7,4800,5050,0.9906582832336426,0.8934216636877793,250,9,225,0.9336099585062241,93,0.26472525273192654,0.012404532864260173,0.23846106946760087,0.14710023568077338
2024-09-30_11-34-42_0000199,auto_accept,8,5150,5310,0.9711719155311584,0.849106557228986,160,0,94,0.5875,26,0.43828289312638774,0.14022744873523663,0.47928132870412105,0.12632830435812833
2024-09-30_13-04-43_0000719,auto_accept,0,2000,2160,0.9974815249443054,0.8972340085927177,160,0,67,0.41875,51,0.4907299436368408,0.2414322570852187,0.5221135812650783,0.09975637178745837
2024-09-30_13-04-43_0000719,auto_accept,1,2270,2550,0.9998382329940796,0.9732801256508663,280,0,207,0.7392857142857143,197,0.25490411670032054,0.036266329624776265,0.15291465682941247,0.2091789947049804
2024-09-30_13-04-43_0000719,auto_accept,2,2610,2900,0.9999716281890869,0.975737730662028,290,0,247,0.8517241379310345,209,0.28200425940764107,0.031519720771055526,0.23042264886717623,0.1562931074129783
2024-09-30_13-04-43_0000719,auto_accept,3,2960,3320,0.9999755620956421,0.9721227787636422,360,0,260,0.7222222222222222,186,0.31276523645750487,0.01063348213108454,0.3142928177380014,0.20219399202356345
2024-09-30_13-04-43_0000719,auto_accept,4,3380,3760,0.9999029636383057,0.9729374486666459,380,0,304,0.8,297,0.20264659051847114,0.010628209275000838,0.0759682370466415,0.21264997743280206
2024-09-30_13-04-43_0000719,auto_accept,5,3810,4220,0.9999794960021973,0.9789049043541863,410,0,309,0.7536585365853659,104,0.2936917790028425,0.01856157736672298,0.2341087458031605,0.1949710013905654
2024-09-30_13-04-43_0000719,auto_accept,6,4260,4460,0.9997616410255432,0.9515992800394694,200,0,120,0.6,62,0.3527729661992786,0.027957130006607576,0.3157312414139109,0.2040058899098162
2024-09-30_13-04-43_0000719,auto_accept,7,4520,4800,0.9998540878295898,0.9490672185503203,280,0,192,0.6857142857142857,160,0.3183525617387172,0.02442825175235335,0.27205522665108656,0.19916397989830498
2024-09-30_13-04-43_0000719,auto_accept,8,4850,5060,0.9997861981391907,0.9612028544599359,210,0,122,0.580952380952381,42,0.42461936482623464,0.1146857922229074,0.43721594773118955,0.14446545648413164
2024-09-30_13-04-43_0000719,auto_accept,9,5110,5450,0.9999994039535522,0.9617845892906189,340,0,247,0.7264705882352941,227,0.28499859654705384,0.018362050250219374,0.23469122171786702,0.20569703815380086
2024-09-30_13-04-43_0000719,auto_accept,10,5510,5930,0.9999773502349854,0.981445359629254,420,0,335,0.7976190476190477,138,0.2708710895240926,0.013634877157632685,0.2484936527048719,0.19388299555165137
2024-09-30_13-04-43_0000719,auto_accept,11,5990,6400,0.9999897480010986,0.9819832202934083,410,0,305,0.7439024390243902,154,0.29936048688457273,0.009591680291698412,0.2553662434953925,0.19709162077527095
2024-09-30_13-04-43_0000719,auto_accept,12,6540,6770,0.9997343420982361,0.9376293321450552,230,0,153,0.6652173913043479,145,0.3504498665541766,0.04198143056571983,0.34744392813368186,0.18853574499506096
2024-09-30_13-04-43_0000719,auto_accept,13,6900,7050,0.9989602565765381,0.9346890784800053,150,0,62,0.41333333333333333,48,0.4591960309266228,0.11984216944972621,0.524640376842691,0.1515944318778638
2024-09-30_13-04-43_0000719,auto_accept,14,7210,7370,0.9987493753433228,0.9398452569456661,160,0,82,0.5125,30,0.4584752823502322,0.14544232584607253,0.49022653722818355,0.13136648439204826
2024-09-30_13-04-43_0000719,auto_accept,15,7490,7610,0.9794654250144958,0.9006774838154132,120,0,42,0.35,16,0.5178578367171516,0.27094785740507976,0.5252773894327389,0.07517088202330023
2024-09-30_13-04-43_0000719,auto_accept,16,7840,7990,0.9909789562225342,0.9099529422819614,150,0,37,0.24666666666666667,5,0.5335568679813959,0.35353244942227174,0.5385965313335863,0.060995672934720926
2024-09-30_13-04-43_0000719,auto_accept,17,8150,8290,0.9713600277900696,0.8683158953984579,140,0,38,0.2714285714285714,19,0.5287112922340388,0.2245555695735302,0.5433148122576156,0.0705140927170105
2024-09-30_13-04-43_0000719,auto_accept,18,9840,9910,0.9922588467597961,0.9506211653351784,70,0,7,0.1,3,0.5544767862205382,0.46305412462488765,0.5539257651736148,0.04214773025192985
2024-09-30_21-51-03_0003266,auto_accept,0,2340,2500,0.9989509582519531,0.9542082513079924,160,0,84,0.525,76,0.40256422613865245,0.06225453224811539,0.47869586090378435,0.1788106916833514
2024-09-30_21-51-03_0003266,auto_accept,1,2660,2800,0.9903578162193298,0.9045873522758484,140,0,55,0.39285714285714285,25,0.486464934058494,0.15985884368298017,0.5281374105324296,0.12211927755710775
2024-09-30_21-51-03_0003266,auto_accept,2,2960,3370,0.9994794726371765,0.9582004532927558,410,0,223,0.5439024390243903,51,0.43091991970370114,0.0452583913674462,0.48055648376115767,0.15631284621516803
2024-09-30_17-21-21_0001772,auto_accept,0,2290,2580,0.999974250793457,0.9571573634942373,290,0,207,0.7137931034482758,106,0.3086144236337414,0.026571308296255595,0.27797505803774514,0.19384174196064552
2024-09-30_17-38-32_0001898,auto_accept,0,2250,2460,0.9993707537651062,0.9517179009589282,210,0,123,0.5857142857142857,74,0.4254722006539283,0.10611223603305302,0.4613180696931735,0.13978681144566668
2024-09-30_17-38-32_0001898,auto_accept,1,2550,2750,0.9997077584266663,0.9404842115583874,200,0,102,0.51,38,0.46536583806488935,0.08813645603522396,0.4981600596957238,0.12415380840434587
2024-09-30_20-33-07_0002863,auto_accept,0,2190,2470,0.9996395111083984,0.9611381251236488,280,0,166,0.5928571428571429,58,0.44192169160997324,0.13263211945784734,0.45559519037664276,0.11881030691329932
2024-09-30_20-33-07_0002863,auto_accept,1,2530,2980,0.9998840093612671,0.9775890371073848,450,0,362,0.8044444444444444,178,0.25526840863308237,0.013905124271990693,0.18840201986548444,0.19159668778836442
2024-09-30_20-33-07_0002863,auto_accept,2,3060,3170,0.9113608002662659,0.7801175862550735,110,1,29,0.26605504587155965,17,0.5146488760967438,0.24808217352690295,0.538306941176592,0.0907333741018188
2024-09-30_17-03-06_0001621,auto_accept,0,2320,2470,0.9994155168533325,0.9373964555561543,150,0,43,0.2866666666666667,9,0.5269571666746314,0.2850613289385483,0.5460641237567814,0.07514102614685074
2024-09-30_18-55-56_0002393,auto_accept,0,2320,2510,0.9997733235359192,0.9513444185256958,190,0,128,0.6736842105263158,104,0.3149089536594127,0.0071895736100057095,0.371872064953655,0.22476771617490646
2024-09-30_18-55-56_0002393,auto_accept,1,2560,2820,0.9997338652610779,0.9513100429817483,260,3,203,0.7898832684824902,104,0.28938055390728606,0.011638010556592882,0.2736049475023796,0.1970680342110371
2024-09-30_18-55-56_0002393,auto_accept,2,2860,3140,0.9999858140945435,0.9755599848155317,280,0,200,0.7142857142857143,191,0.25110718902582446,0.0060890170954425015,0.16208793846050693,0.22638002215784453
2024-09-30_18-55-56_0002393,auto_accept,3,3170,3620,0.9999996423721313,0.9742101093997126,450,0,359,0.7977777777777778,355,0.1834431021035732,0.003667073645645545,0.07486866883332244,0.21166402207902732
2024-09-30_18-55-56_0002393,auto_accept,4,3660,3870,0.9999678134918213,0.9555047913031145,210,0,154,0.7333333333333333,77,0.29236995319491416,0.00629025644003223,0.2800358397953163,0.21145587541622066
2024-09-30_18-55-56_0002393,auto_accept,5,3920,4110,0.999957799911499,0.9634136706590652,190,0,122,0.6421052631578947,107,0.34206425170829197,0.026343450159145337,0.3458014564117162,0.19751098330783298
2024-09-30_18-55-56_0002393,auto_accept,6,4160,4430,0.9992334842681885,0.9449382999113628,270,0,168,0.6222222222222222,43,0.44070785437860466,0.13022295478578788,0.44751051315033724,0.12257390929413203
2024-09-30_18-55-56_0002393,auto_accept,7,4490,4950,0.9993985891342163,0.9271134632699033,460,3,417,0.912472647702407,160,0.17341839347944601,0.00648760544970834,0.07408465198055524,0.18048008269287244
2024-09-30_18-55-56_0002393,auto_accept,8,5040,5370,0.9995822310447693,0.9551422438200783,330,1,243,0.7386018237082067,185,0.31319596932028715,0.017297563048638533,0.321673234623957,0.1987104558257216
2024-09-30_18-55-56_0002393,auto_accept,9,5410,5650,0.9996629953384399,0.9567417693138123,240,0,152,0.6333333333333333,135,0.30345138475647,0.00237046104557374,0.32278720650601456,0.23960081484175036
2024-09-30_18-55-56_0002393,auto_accept,10,5700,5960,0.9999605417251587,0.9710958931181166,260,0,178,0.6846153846153846,171,0.2640193818952217,0.0062974322712035374,0.15602117610043742,0.2314733697124678
2024-09-30_18-55-56_0002393,auto_accept,11,6000,6240,0.9997065663337708,0.9416996836662292,240,0,149,0.6208333333333333,76,0.33598903127496127,0.017864781356089064,0.2934932346842757,0.21341295182293593
2024-09-30_18-55-56_0002393,auto_accept,12,6270,6700,0.9999765157699585,0.9546658261255785,430,0,337,0.7837209302325582,229,0.27583541573891723,0.011209195628791803,0.232573515112445,0.1921638679626188
2024-09-30_18-55-56_0002393,auto_accept,13,6800,7050,0.9998935461044312,0.9720016557436723,250,0,168,0.672,125,0.3061870843259383,0.025901837267149664,0.23755355301943737,0.21128154318470221
2024-09-30_18-55-56_0002393,auto_accept,14,7130,7290,0.9993876218795776,0.9159161728971145,160,0,97,0.60625,53,0.3925154801708528,0.08075682788173004,0.4498155976698837,0.1644269534642001
2024-10-01_18-54-01_0006241,auto_accept,0,0,140,0.9938362240791321,0.9503335158030192,140,0,72,0.5142857142857142,28,0.4614537147380384,0.2160034397813879,0.49371303732237437,0.1185823385582943
2024-10-01_18-54-01_0006241,auto_accept,1,390,590,0.9949609041213989,0.9610371249062675,200,0,74,0.37,32,0.4819673251771394,0.16479767081398078,0.5379700575379113,0.1301583703194218
2024-10-01_18-54-01_0006241,auto_accept,2,4810,4890,0.8526344895362854,0.7627856830755869,80,0,13,0.1625,3,0.5537443230087165,0.4573720179401076,0.5555838468085598,0.0449809775459664
2024-09-30_17-21-16_0001770,auto_accept,0,2320,2620,0.9996490478515625,0.9628318298247552,300,0,207,0.69,170,0.306932672747675,0.03596965989722185,0.242632159578222,0.2094400662498041
2024-09-30_17-21-16_0001770,auto_accept,1,2690,2920,0.999649167060852,0.9781126206119856,230,0,163,0.7086956521739131,156,0.2990334227739075,0.037617017769504366,0.24055291082016128,0.2034201677526276
2024-09-30_17-21-16_0001770,auto_accept,2,2990,3220,0.9996496438980103,0.9781142224868139,230,0,163,0.7086956521739131,156,0.2990405786924718,0.037617017769504366,0.24055291082016128,0.2034149566951382
2024-09-30_17-21-16_0001770,auto_accept,3,3290,3380,0.9445673227310181,0.9139946758747101,90,0,23,0.25555555555555554,16,0.5212417575535817,0.18768005240997027,0.5490448284030769,0.10646299903789491
2024-09-30_17-21-16_0001770,auto_accept,4,3430,3520,0.913827657699585,0.8681545495986939,90,0,11,0.12222222222222222,4,0.5487601795895398,0.36973150807810873,0.5445302161342737,0.04946059278399698
2024-09-30_18-24-17_0002229,auto_accept,0,4500,4980,0.999914288520813,0.9664309985783636,480,38,428,0.9683257918552036,322,0.1060033507106608,0.003915708807674687,0.024572784410184234,0.15573374423709616
2024-09-30_18-24-17_0002229,auto_accept,1,5040,5200,0.998306155204773,0.9108044715488658,160,0,90,0.5625,71,0.3975821709846833,0.0895748382180697,0.4737399493427677,0.18108585735213026
2024-09-30_18-24-17_0002229,auto_accept,2,5290,5410,0.9585402011871338,0.893696482364948,120,1,41,0.3445378151260504,31,0.4620805896887169,0.10429491035804571,0.5467667880363839,0.16613993955931072
2024-09-30_18-24-17_0002229,auto_accept,3,6650,6950,0.9999771118164062,0.9269495567967815,300,11,212,0.7335640138408305,197,0.21536964215630272,0.005882016311284116,0.09176217754129071,0.22899565785530523
2024-09-30_18-24-17_0002229,auto_accept,4,7010,7320,0.9998670816421509,0.9182139150798321,310,7,260,0.858085808580858,189,0.18895772377217798,0.0011817503587429241,0.057578794245151874,0.21366003933599173
2024-09-30_18-24-17_0002229,auto_accept,5,7390,7550,0.9995279312133789,0.947325745049645,160,0,89,0.55625,60,0.37569242165601463,0.030546801815746413,0.45413849709815374,0.20381621603486189
2024-09-30_11-36-17_0000209,auto_accept,0,2220,2850,0.9998617172241211,0.9429447138682008,630,0,474,0.7523809523809524,221,0.2701508235239889,0.008007988618389857,0.22347355122687196,0.21471488855371298
2024-09-30_11-36-17_0000209,auto_accept,1,2880,3350,0.9999802112579346,0.9185596530636152,470,1,364,0.7761194029850746,253,0.2547951860805848,0.006718486441324796,0.16715010049338147,0.21074670353026304
2024-09-30_11-36-17_0000209,auto_accept,2,3390,3780,0.9998704195022583,0.9508844554424286,390,0,324,0.8307692307692308,269,0.22679090660544365,0.013618404955862253,0.14827314803597583,0.19542212154749355
2024-09-30_11-36-17_0000209,auto_accept,3,3960,4120,0.886774480342865,0.7857373426942265,160,0,73,0.45625,37,0.47926990337254544,0.18766178348366327,0.5071316072809955,0.1075704392003234
2024-09-30_11-36-17_0000209,auto_accept,4,4220,4860,0.9992868304252625,0.8928243022698622,640,0,337,0.5265625,87,0.41853888550630813,0.009239278249844126,0.4853402557653422,0.18476422391037192
2024-09-30_11-36-17_0000209,auto_accept,5,4910,5540,0.9998568296432495,0.9437096463516355,630,66,463,0.8209219858156028,137,0.24066201604984033,0.007513816847950703,0.1892410868057422,0.1984233270847924
2024-09-30_11-36-17_0000209,auto_accept,6,5620,6000,0.9980043768882751,0.9180578558872907,380,98,248,0.8794326241134752,108,0.22485938457035826,0.005100829406539008,0.19408873560082412,0.18747790929156857
2024-09-30_11-36-17_0000209,auto_accept,7,6110,6410,0.9920640587806702,0.8775152554435115,300,37,261,0.9923954372623575,111,0.17873082714253707,0.007289703351405507,0.12250469074938143,0.1548335604739256
2024-09-30_11-36-17_0000209,auto_accept,8,6520,6630,0.8947665095329285,0.7958098500967026,110,12,94,0.9591836734693877,20,0.36109358400170044,0.07201480491231511,0.3899568519916776,0.1186257836864603
2024-09-30_11-36-17_0000209,auto_accept,9,6740,6900,0.9977884292602539,0.89437296110041,160,1,83,0.5220125786163522,23,0.4501006835058339,0.1126399674860435,0.49301766086943516,0.12693277481895787
2024-09-30_21-29-07_0003163,auto_accept,0,2260,2400,0.9982313513755798,0.9302761594454447,140,0,59,0.42142857142857143,18,0.4943890863789751,0.16221323958393996,0.5202360251763396,0.10377324234505433
2024-09-30_21-29-07_0003163,auto_accept,1,2530,2690,0.9985672235488892,0.951757715028875,160,0,79,0.49375,26,0.45917475996371737,0.12421191798887049,0.5026908127819079,0.1283055673541771
2024-09-30_21-29-07_0003163,auto_accept,2,2830,2990,0.9985669255256653,0.9518536855192745,160,0,79,0.49375,26,0.4591545983610856,0.12421191798887049,0.5026538680448616,0.12831690035490756
2024-09-30_21-29-07_0003163,auto_accept,3,3130,3230,0.9690929651260376,0.9212837273424322,100,0,34,0.34,12,0.48733016056471534,0.1588475630161821,0.5289283943477772,0.1255047965390603
2024-09-30_17-55-15_0002020,auto_accept,0,2250,3190,0.999991774559021,0.9866676782306872,940,0,804,0.8553191489361702,139,0.2992500879995489,0.019941297157022628,0.2805602080008768,0.16545387160773392
2024-09-30_17-55-15_0002020,auto_accept,1,3460,3590,0.986815869808197,0.8851983589785439,130,0,43,0.33076923076923076,8,0.5185104388640939,0.3013560171587337,0.5309757637700123,0.07640534499669999
2024-09-30_17-55-15_0002020,auto_accept,2,3730,3940,0.9976359605789185,0.9671242833137512,210,0,129,0.6142857142857143,82,0.3662870344386908,0.048558109054427936,0.4063053607615138,0.19347966746130033
2024-09-30_18-27-05_0002249,auto_accept,0,4360,4610,0.999123752117157,0.9612831358726208,250,0,147,0.588,61,0.41401374231479365,0.07544657410897801,0.469513915379674,0.15530139393881048
2024-09-30_18-27-05_0002249,auto_accept,1,4670,4770,0.9722377061843872,0.9342482631856744,100,0,20,0.2,15,0.519051731740369,0.19255765100792413,0.545305208422334,0.1064852094241545
2024-09-30_18-27-05_0002249,auto_accept,2,5050,5420,0.9997456669807434,0.9575685231309188,370,0,266,0.7189189189189189,83,0.40672877344010694,0.16246110324276733,0.4077957342539431,0.1273163080851562
2024-09-30_18-27-05_0002249,auto_accept,3,5520,5970,0.9998542070388794,0.9729821332122969,450,0,325,0.7222222222222222,132,0.3306446301610462,0.015734472827887497,0.3259134674044811,0.1848858644253349
2024-09-30_18-27-05_0002249,auto_accept,4,6070,6440,0.9999181032180786,0.9797044835592571,370,0,283,0.7648648648648648,131,0.3265621357563931,0.055887759542184424,0.2868484753901239,0.16466613348125003
2024-09-30_18-27-05_0002249,auto_accept,5,6530,7130,0.9998985528945923,0.9650176626737,600,0,365,0.6083333333333333,112,0.4043283197259276,0.05077036224562829,0.45972517628899995,0.1672912778920649
2024-09-30_18-27-05_0002249,auto_accept,6,7280,7840,0.999884843826294,0.9554497249293745,560,12,468,0.8540145985401459,116,0.34332259663185444,0.02175392981524282,0.37372223439117225,0.1495421611004232
2024-09-30_18-27-05_0002249,auto_accept,7,8010,8530,0.99992835521698,0.974871778263236,520,0,435,0.8365384615384616,103,0.2761115765170313,0.018036471922879327,0.22789733647766516,0.1727384323529617
2024-09-30_18-27-05_0002249,auto_accept,8,8630,8830,0.9994632601737976,0.9452782017844064,200,0,122,0.61,73,0.37389847331752407,0.02552831834735509,0.4192042286943916,0.1922108698865496
2024-09-30_18-27-05_0002249,auto_accept,9,8950,9080,0.9966950416564941,0.930182444197791,130,0,60,0.46153846153846156,49,0.4154625595306296,0.05608598568797797,0.5049272106334582,0.18904849282598923
2024-09-30_18-27-05_0002249,auto_accept,10,9260,9390,0.9763293266296387,0.8794882850987571,130,0,37,0.2846153846153846,12,0.5194354174106554,0.11549420091779496,0.5577021905320055,0.11110171309983263
2024-10-01_17-16-29_0005631,auto_accept,0,2350,2510,0.985441267490387,0.8516209826749914,160,7,110,0.7189542483660131,37,0.42910109031664545,0.09299052352590238,0.44279378057241814,0.11041245160790661
2024-09-30_23-36-39_0003777,auto_accept,0,1150,1360,0.9992687106132507,0.9524232718077573,210,0,91,0.43333333333333335,23,0.4959744150467531,0.2154497554332057,0.5171880233090879,0.09072626354480892
2024-09-30_23-36-39_0003777,auto_accept,1,2230,2460,0.9986411929130554,0.9203810890515646,230,0,104,0.45217391304347826,22,0.4756110136946271,0.11639215239034952,0.5127383861880703,0.11883389103988676
2024-09-30_17-32-17_0001844,auto_accept,0,4100,4220,0.9695706367492676,0.8935916056999793,120,0,43,0.35833333333333334,8,0.5191092333398794,0.2829416839793947,0.5279244347626577,0.0796352728467312
2024-09-30_17-32-17_0001844,auto_accept,1,4340,4460,0.9672228693962097,0.903732419013977,120,0,44,0.36666666666666664,19,0.5071317232980247,0.23098467764283742,0.521500234366491,0.08465181073427355
2024-09-30_17-32-17_0001844,auto_accept,2,4570,4830,0.9982962012290955,0.9437264181949474,260,0,167,0.6423076923076924,109,0.34694958866807674,0.027252003907020893,0.3584255724992993,0.20009596470566138
2024-09-30_17-32-17_0001844,auto_accept,3,4920,5050,0.9901090860366821,0.9116528374808175,130,0,54,0.4153846153846154,33,0.510686575269786,0.27029237422032787,0.5316024811461706,0.0871329562383907
2024-09-30_17-32-17_0001844,auto_accept,4,5170,5290,0.980511486530304,0.9112569368802584,120,0,39,0.325,21,0.504720663666706,0.2030313385611341,0.5344551691510286,0.11122228247458336
2024-09-30_17-32-17_0001844,auto_accept,5,5700,5780,0.8787958025932312,0.8615125152799818,80,0,5,0.0625,1,0.5676573089747452,0.46035473451068354,0.5637622269753626,0.04269163481143084
2024-09-30_17-32-17_0001844,auto_accept,6,6100,6450,0.999889612197876,0.9733513991038004,350,0,277,0.7914285714285715,225,0.2735647003090202,0.016731440573265925,0.23235268616898186,0.19063416846912706
2024-09-30_17-32-17_0001844,auto_accept,7,6540,6690,0.9987443685531616,0.9429072700440884,150,0,63,0.42,22,0.4850506384094572,0.16153740333050942,0.5245424437411736,0.11744020795818767
2024-09-30_17-32-17_0001844,auto_accept,8,6820,6920,0.9392707943916321,0.8877933025360107,100,0,22,0.22,10,0.5318062833032049,0.2507819638175958,0.5479458235034786,0.08027892971175286
2024-09-30_17-32-17_0001844,auto_accept,9,7050,7190,0.9974096417427063,0.9416939973831177,140,0,64,0.45714285714285713,57,0.43072687182792657,0.07533943828383591,0.523495457595416,0.1652193271455139
2024-09-30_21-05-00_0003018,auto_accept,0,2360,2770,0.9999405145645142,0.9393712750502995,410,11,293,0.7343358395989975,127,0.29201497879373955,0.019494901729511585,0.25565032417205136,0.20327700750959884
2024-09-30_21-05-00_0003018,auto_accept,1,2870,3000,0.995060384273529,0.9007781786578042,130,4,82,0.6507936507936508,51,0.34088345299523637,0.01717121007310898,0.40215847745637534,0.20557532658176086
2024-10-01_19-36-17_0006529,auto_accept,0,1940,2080,0.956939697265625,0.8572291811307271,140,0,31,0.22142857142857142,16,0.5244053196887305,0.24412762333675472,0.545510045439083,0.08124819478504376
2024-10-01_19-36-17_0006529,auto_accept,1,2280,2420,0.9965415596961975,0.9353600780169169,140,0,60,0.42857142857142855,28,0.4530630318201197,0.0759010650429081,0.5111830711758194,0.14960464145907285
2024-10-01_19-36-17_0006529,auto_accept,2,2610,2760,0.9967593550682068,0.9413257502019405,150,0,59,0.3933333333333333,12,0.4826253462631234,0.10814265024277166,0.5318948994648086,0.13231475462385828
2024-10-01_19-36-17_0006529,auto_accept,3,3260,3360,0.9789468050003052,0.9361193451014432,100,0,27,0.27,11,0.5180243340130404,0.17354880548469553,0.5426914477527693,0.10593857707864754
2024-09-30_17-02-20_0001612,auto_accept,0,2330,3210,0.9999908208847046,0.9794866710566403,880,0,727,0.8261363636363637,199,0.3413437009335592,0.06443859509356435,0.348843634041879,0.15042885557066388
2024-09-30_17-02-20_0001612,auto_accept,1,3370,3450,0.8821792602539062,0.8545151154200236,80,0,10,0.125,3,0.5472999265761229,0.4022026315900938,0.5480572790399545,0.04568852551976621
2024-09-30_22-11-32_0003356,auto_accept,0,2280,2450,0.9995797276496887,0.9411213795344034,170,0,77,0.45294117647058824,64,0.43010080322624716,0.048154210474980086,0.5217452965770187,0.1807243821852011
2024-09-30_22-11-32_0003356,auto_accept,1,2540,2780,0.9999988079071045,0.9756551861763001,240,0,172,0.7166666666666667,83,0.3284322114427345,0.02018853721850275,0.3091174699274898,0.18668353594698853
2024-09-30_22-11-32_0003356,auto_accept,2,2840,3180,1.0,0.9805050441196986,340,0,272,0.8,258,0.28133823113553763,0.030723474874096286,0.23532150514680095,0.17755301147555022
2024-09-30_22-11-32_0003356,auto_accept,3,3230,3430,0.9998432397842407,0.955745055561974,200,0,111,0.555,62,0.38107559316890094,0.02698926171506327,0.4618763796276279,0.19644129308379638
2024-09-30_22-11-32_0003356,auto_accept,4,3500,3700,0.9992780089378357,0.9481869311559767,200,0,126,0.63,79,0.3401558977027726,0.030008241820005395,0.3386832889443908,0.202244707362335
2024-09-30_22-11-32_0003356,auto_accept,5,3760,3920,0.9994114637374878,0.947296636946061,160,0,76,0.475,64,0.43017200631256725,0.08254033737911329,0.5095256263726073,0.17202228763790106
2024-09-30_22-11-32_0003356,auto_accept,6,3990,4250,0.999940037727356,0.9520093312969914,260,0,172,0.6615384615384615,147,0.31983728203394024,0.020578958645944005,0.26057297758057296,0.20067369167775773
2024-09-30_22-11-32_0003356,auto_accept,7,4270,4630,0.9999054670333862,0.9408727819855148,360,0,248,0.6888888888888889,156,0.31623634825210706,0.019266156904928017,0.31637858320502743,0.20877515088449353
2024-09-30_22-11-32_0003356,auto_accept,8,4720,4820,0.9378945827484131,0.8484759872609918,100,0,25,0.25,9,0.5325782624485749,0.36223154181629535,0.5408299728227339,0.06483482550755879
2024-09-30_19-34-20_0002611,auto_accept,0,2310,2520,0.9994057416915894,0.9629010937430642,210,0,121,0.5761904761904761,70,0.41887434739933105,0.08759734773827856,0.4511912812161928,0.15131183681465696
2024-09-30_19-34-20_0002611,auto_accept,1,2610,2800,0.9987848401069641,0.9560566186904907,190,0,115,0.6052631578947368,80,0.3972733179202147,0.09241570576750553,0.4253282337022113,0.1650082915101655
2024-09-30_19-34-20_0002611,auto_accept,2,2870,3260,0.9999407529830933,0.9807392105460166,390,0,247,0.6333333333333333,146,0.37039863081925534,0.04152326702677547,0.423346146750083,0.18211240278424184
2024-09-30_19-34-20_0002611,auto_accept,3,3410,3560,0.9967345595359802,0.913673784583807,150,0,53,0.35333333333333333,17,0.5138105133886377,0.22001508668530725,0.5315725985233206,0.07990147517432479
2024-09-30_17-42-21_0001926,auto_accept,0,2250,2530,0.9995189905166626,0.9439732658452001,280,0,133,0.475,37,0.44976924075161795,0.0902232167929787,0.5079083659707596,0.15383939734666302
2024-09-30_17-42-21_0001926,auto_accept,1,2560,2830,0.9989271759986877,0.9485130267483848,270,3,224,0.8389513108614233,103,0.2715345812856305,0.01029224493248904,0.28509685122683137,0.19329256264872646
2024-09-30_17-42-21_0001926,auto_accept,2,2860,3130,0.9989288449287415,0.9485112109354564,270,3,224,0.8389513108614233,103,0.271539164120326,0.01029224493248904,0.2850668008909395,0.19329096037233348
2024-09-30_17-42-21_0001926,auto_accept,3,3160,3430,0.998928964138031,0.9486166600670133,270,3,224,0.8389513108614233,103,0.27152956959693353,0.010283797461477848,0.2850668008909395,0.19328783662283885
2024-09-30_17-42-21_0001926,auto_accept,4,3460,3730,0.9989280104637146,0.9485906277384076,270,3,224,0.8389513108614233,103,0.27152115300977253,0.010283797461477848,0.2851609186566328,0.19328210693572925
2024-09-30_17-42-21_0001926,auto_accept,5,3760,4030,0.9989275336265564,0.9485464010919843,270,3,224,0.8389513108614233,103,0.2715243526143899,0.010283797461477848,0.2851609186566328,0.1932810945601079
2024-09-30_17-42-21_0001926,auto_accept,6,4060,4330,0.998928964138031,0.948522761464119,270,3,224,0.8389513108614233,103,0.27154007614654946,0.010292244932489057,0.2850668008909396,0.1932946302475587
2024-09-30_17-42-21_0001926,auto_accept,7,4360,4470,0.8871554136276245,0.8117747654517492,110,0,96,0.8727272727272727,40,0.352420648473465,0.12875381621343251,0.35633404591311835,0.12205121941620399
2024-09-30_17-29-29_0001810,auto_accept,0,2320,2830,0.9999421834945679,0.9748264958079045,510,0,423,0.8294117647058824,156,0.25871426300684985,0.02941040693982328,0.21202997519537903,0.17917041633073658
2024-09-30_17-29-29_0001810,auto_accept,1,2900,3050,0.9965348243713379,0.9046654552221298,150,0,64,0.4266666666666667,16,0.49321811124156284,0.11034751839133636,0.5161021136517194,0.1095511302677801
2024-09-30_18-04-47_0002106,auto_accept,0,2290,3190,0.999955415725708,0.9887807847379328,900,0,852,0.9466666666666667,789,0.09281433649822235,0.004637668205158502,0.02741032765833762,0.1486770238385092
2024-09-30_18-04-47_0002106,auto_accept,1,3240,3410,0.9694666862487793,0.8963640895154741,170,9,94,0.5838509316770186,43,0.33913356668588346,0.03638079240116854,0.3735549988406595,0.2224394577358596
2024-09-30_18-04-47_0002106,auto_accept,2,3580,3690,0.9749661684036255,0.9077297300100327,110,0,64,0.5818181818181818,25,0.4496167757594123,0.10142916174902329,0.4740294790451054,0.12651358400690588
2024-10-01_18-53-22_0006231,auto_accept,0,1420,1530,0.9694814682006836,0.9012203315893809,110,0,30,0.2727272727272727,8,0.5408999701617466,0.3952833994236821,0.5535161909690294,0.060406526413184614
2024-10-01_18-53-22_0006231,auto_accept,1,2200,2400,0.998246431350708,0.9409825092270261,200,0,101,0.505,18,0.46826369840631754,0.16298160718724633,0.49719132605449035,0.11310295958448312
2024-09-30_11-27-00_0000124,auto_accept,0,5510,5860,0.9567397236824036,0.6306596174836159,350,1,153,0.4383954154727794,31,0.48985313220085336,0.16864794880114686,0.5136179496110657,0.0961629388110414
2024-09-30_11-27-00_0000124,auto_accept,1,6170,6660,0.9653223752975464,0.6502811884880066,490,34,219,0.48026315789473684,31,0.4736588799316627,0.09044231356222135,0.5038827156423734,0.11652584226767379
2024-09-30_11-24-57_0000096,auto_accept,0,1940,2040,0.826604425907135,0.7655793699351224,100,0,17,0.17,6,0.5496832943301552,0.3015080969253053,0.5588943795720576,0.06067848592500377
2024-09-30_11-24-57_0000096,auto_accept,1,2230,2390,0.9703177213668823,0.8541405411327586,160,0,49,0.30625,11,0.5139650379075542,0.14979235474802585,0.5243821332231171,0.08843300420686408
2024-09-30_11-24-57_0000096,auto_accept,2,3230,3420,0.9955167174339294,0.8478051006793976,190,0,75,0.39473684210526316,26,0.48996945446657164,0.11588292310719252,0.5370233391246242,0.1301890634982878
2024-09-30_11-24-57_0000096,auto_accept,3,3780,3920,0.9951583743095398,0.902915374437968,140,0,111,0.7928571428571428,52,0.40825228441198785,0.19118087033453665,0.4150758591181555,0.09477703576501005
2024-09-30_11-24-57_0000096,auto_accept,4,4070,4220,0.9990326166152954,0.9042614251375198,150,0,122,0.8133333333333334,83,0.33636399284779855,0.0512687776819135,0.3322092355824041,0.15705455172340468
2024-09-30_11-24-57_0000096,auto_accept,5,4340,4480,0.9982863068580627,0.9102625449498495,140,0,90,0.6428571428571429,44,0.41779784609926723,0.11232024152204945,0.45328664880597264,0.14506115771514178
2024-09-30_11-24-57_0000096,auto_accept,6,10290,10410,0.9764460325241089,0.8889192709555993,120,0,63,0.525,50,0.3695098350093961,0.05291957038684408,0.49454874025590134,0.2054295239581728
2024-09-30_11-24-57_0000096,auto_accept,7,11890,12020,0.9947503209114075,0.8949633410998753,130,3,91,0.7165354330708661,26,0.4099322399677583,0.06600471513384151,0.45207735400540444,0.14503123966014808
2024-09-30_11-24-57_0000096,auto_accept,8,12140,12310,0.9947503209114075,0.8834208548069,170,0,102,0.6,18,0.45231709585782087,0.14258983015292567,0.4735857849339923,0.10569475949736622
2024-09-30_11-24-57_0000096,auto_accept,9,12420,12570,0.9006502032279968,0.7963500581681728,150,0,47,0.31333333333333335,8,0.5155706121539305,0.20190146391880404,0.5320245682916139,0.08364599365329858
2024-09-30_11-24-57_0000096,auto_accept,10,14590,14920,0.9996747970581055,0.9095940668793285,330,0,288,0.8727272727272727,163,0.3716474604762219,0.08825223575682084,0.3854148020708551,0.11336504296151238
2024-09-30_11-24-57_0000096,auto_accept,11,14990,15640,0.9998034834861755,0.8869118645335688,650,85,502,0.8884955752212389,85,0.3458557385589322,0.05446283520731283,0.34741856981378033,0.12660163433273036
2024-09-30_11-24-57_0000096,auto_accept,12,16730,16870,0.8988634347915649,0.7915907700856527,140,0,40,0.2857142857142857,11,0.529478661759031,0.28313811942097283,0.5373142939711117,0.06956299878030554
2024-09-30_17-36-22_0001885,auto_accept,0,2320,2580,0.9996943473815918,0.9452011916372511,260,0,167,0.6423076923076924,44,0.4065581442838255,0.08015524347817166,0.4314203128813925,0.15067069103050168
2024-09-30_17-36-22_0001885,auto_accept,1,2660,2880,0.9996302127838135,0.9722486423409503,220,0,132,0.6,95,0.40381074256524274,0.06597441555894559,0.41699854474410136,0.1614386891864733
2024-09-30_17-36-22_0001885,auto_accept,2,2960,3180,0.9996298551559448,0.9724350623462511,220,0,132,0.6,95,0.4038023228838079,0.06597374968349784,0.41692350602360706,0.1614509511815088
2024-09-30_15-13-39_0001170,auto_accept,0,4420,4600,0.999679684638977,0.9699724504822179,180,0,106,0.5888888888888889,99,0.3240578168628263,0.013163888131289433,0.3258825889915081,0.23214601446201089
2024-09-30_15-13-39_0001170,auto_accept,1,4680,5070,0.9999958276748657,0.9802261024713517,390,0,318,0.8153846153846154,286,0.23626783540832885,0.00913649820878258,0.1820086075892785,0.20004366130311602
2024-09-30_15-13-39_0001170,auto_accept,2,5150,5450,0.9999169111251831,0.9324365700444868,300,0,214,0.7133333333333334,198,0.2774082396711491,0.005189424266389272,0.20850674608718256,0.21323177631468612
2024-09-30_15-13-39_0001170,auto_accept,3,5530,5970,0.9999463558197021,0.9723743279774983,440,0,360,0.8181818181818182,275,0.2464123508417148,0.006329561536454773,0.2007680886808228,0.19802240848970254
2024-09-30_15-13-39_0001170,auto_accept,4,6090,6340,0.9996898174285889,0.9608902679039881,250,0,163,0.652,65,0.37665019207278255,0.043014880723027164,0.41819567593393875,0.1771364635211155
2024-09-30_15-13-39_0001170,auto_accept,5,6700,6840,0.9939631819725037,0.9063352445761362,140,0,71,0.5071428571428571,41,0.4434073892085954,0.07675683204057333,0.49270541282525016,0.15608961544320218
2024-09-30_15-13-39_0001170,auto_accept,6,6910,7390,0.999985933303833,0.978256174496242,480,0,402,0.8375,301,0.20704582752478712,0.016082964309334074,0.11994647021566059,0.1913791597418578
2024-09-30_15-13-39_0001170,auto_accept,7,7500,7810,0.9997642636299133,0.9687580782920122,310,0,207,0.667741935483871,93,0.34898782636326264,0.031230190001409558,0.3557478781511925,0.18452515776454076
2024-09-30_18-01-59_0002077,auto_accept,0,2260,2420,0.999518632888794,0.9545035432366764,160,0,82,0.5125,24,0.41194934753230344,0.04643174876817607,0.4937229050202587,0.18879418827902716
2024-09-30_18-01-59_0002077,auto_accept,1,2490,2980,0.9999964237213135,0.976914010643959,490,0,367,0.7489795918367347,116,0.27050907205096103,0.016684146437166796,0.19046078421106766,0.21163239134787742
2024-09-30_18-01-59_0002077,auto_accept,2,3070,3390,0.9999979734420776,0.9796277429118301,320,0,231,0.721875,191,0.3172263297619926,0.020274244281016027,0.32931583242576457,0.1998255225155841
2024-09-30_18-01-59_0002077,auto_accept,3,3460,3700,0.9999192953109741,0.9755498552322388,240,0,166,0.6916666666666667,145,0.31958827363353026,0.032643825914082596,0.27898500677093385,0.1962371876306638
2024-09-30_18-01-59_0002077,auto_accept,4,3750,4360,0.9999988079071045,0.9863935632090415,610,0,402,0.659016393442623,254,0.3278384684975575,0.012505698150481475,0.4159994615319621,0.21555191659885292
2024-09-30_18-01-59_0002077,auto_accept,5,4450,4740,0.9999990463256836,0.9867117643356323,290,0,218,0.7517241379310344,181,0.276362636203541,0.01998769292471233,0.19440725497832428,0.2030262971403203
2024-09-30_18-01-59_0002077,auto_accept,6,4790,5420,0.9999496936798096,0.9818599279969931,630,0,552,0.8761904761904762,243,0.22035540860842545,0.009800675506779403,0.1625528517496268,0.1800139196551633
2024-09-30_18-01-59_0002077,auto_accept,7,5500,6010,0.9999794960021973,0.9782655812226809,510,0,385,0.7549019607843137,161,0.29035213404541743,0.019081033146808302,0.2627982746649564,0.19860232572842665
2024-09-30_18-01-59_0002077,auto_accept,8,6100,6210,0.97539222240448,0.9115012288093567,110,0,26,0.23636363636363636,13,0.5415035903674488,0.3339025113028396,0.5507134771957718,0.071413848916136
2024-09-30_14-23-09_0001016,auto_accept,0,650,850,0.9979523420333862,0.9171476903415862,200,0,95,0.475,39,0.4639153147336046,0.16351091614204472,0.5152593665714909,0.12872801622323113
2024-09-30_12-53-29_0000636,auto_accept,0,2130,2240,0.9777714014053345,0.9300487190485001,110,0,30,0.2727272727272727,12,0.5194831895291185,0.2172370309380457,0.5366837932534764,0.08802364990553979
2024-09-30_12-53-29_0000636,auto_accept,1,2340,2810,0.9999856948852539,0.9705889225006104,470,0,313,0.6659574468085107,75,0.39841648495457826,0.047875146833155774,0.444842918855638,0.15998004628984444
2024-09-30_11-27-39_0000129,auto_accept,0,4860,4980,0.9112921357154846,0.7581952764437749,120,0,33,0.275,20,0.5208311620169502,0.1679294305715049,0.5547655647437122,0.09860916965815264
2024-09-30_16-01-11_0001344,auto_accept,0,2110,2240,0.9523337483406067,0.8697952500411442,130,0,26,0.2,14,0.5238117238811876,0.1783169475163691,0.5471332209383557,0.10256581499173355
2024-09-30_16-01-11_0001344,auto_accept,1,2320,2960,0.9999589920043945,0.9826463736020602,640,0,549,0.8578125,272,0.23160809522046674,0.016776162310071868,0.18223993755863918,0.17936606193907098
2024-09-30_16-01-11_0001344,auto_accept,2,3050,3290,0.9998089671134949,0.9476217067241669,240,0,150,0.625,85,0.4150725333533093,0.06531259505209647,0.4375635230636098,0.14980018992844893
2024-09-30_16-01-11_0001344,auto_accept,3,3370,3500,0.9615294337272644,0.8601079455443791,130,0,81,0.6230769230769231,36,0.4035723825684967,0.05658491599747271,0.47779997048299927,0.17501449727033364
2024-09-30_21-12-14_0003060,auto_accept,0,2350,2640,0.9999527931213379,0.9734041333198548,290,0,209,0.7206896551724138,177,0.24711943614795057,0.016346828578695252,0.13015853052459478,0.22344327940892364
2024-09-30_21-12-14_0003060,auto_accept,1,2750,3240,0.9999369382858276,0.9240196549892425,490,0,437,0.8918367346938776,426,0.20124787297294777,0.005890478021648242,0.14986428899285273,0.17665722650523072
2024-09-30_12-54-28_0000644,auto_accept,0,2340,2550,0.9998996257781982,0.9212376515973698,210,0,121,0.5761904761904761,112,0.3025755858385607,0.01385576408254034,0.2340916226939229,0.24640092989056822
2024-09-30_12-54-28_0000644,auto_accept,1,2590,2850,0.9974944591522217,0.8971429113988523,260,4,136,0.53125,54,0.335182240383631,0.005208544547187244,0.47528763556952414,0.24638882078862195
2024-09-30_12-54-28_0000644,auto_accept,2,2890,3150,0.9974923133850098,0.8970578908920288,260,4,136,0.53125,54,0.33518830610389583,0.005205833168833294,0.4752079962459366,0.24639088058819741
2024-09-30_12-54-28_0000644,auto_accept,3,3190,3700,0.9999971389770508,0.9126590662277662,510,32,358,0.7489539748953975,152,0.19530720396507872,0.0016614799973434134,0.040210730028232555,0.23791717958345443
2024-09-30_12-54-28_0000644,auto_accept,4,3790,4310,0.9995601773262024,0.939663290977478,520,44,448,0.9411764705882353,94,0.17142292771162126,0.0006106376457342246,0.09213716264705271,0.1829392085392354
2024-09-30_12-54-28_0000644,auto_accept,5,4380,4850,0.9996631145477295,0.8899250502387682,470,5,301,0.6473118279569893,129,0.28913789790445094,0.0029176612481826886,0.21311493950251012,0.2357717724309438
2024-09-30_12-54-28_0000644,auto_accept,6,4950,5160,0.9991783499717712,0.9098022932356055,210,1,172,0.8229665071770335,124,0.3054977616560382,0.03314650886344822,0.3111419911213989,0.17140436792317712
2024-09-30_12-54-28_0000644,auto_accept,7,5270,5400,0.9841263294219971,0.8901813243116651,130,0,88,0.676923076923077,20,0.4501473063717736,0.1612075739018453,0.4619405951398309,0.09926893675884807
