png,noise_rank,tier,traditional_label,wav_stem,det_start_s,det_end_s,call_length_s,principal_freq_hz,tonality,mean_power_db,det_prob_max,hdbscan_label,hdbscan_probability,umap_x,umap_y,verdict,couple
noise_001_manual_review_Cluster_25_131205_1000_m2fm2_chunk_262_0p022s.png,1,manual_review,Cluster_25,131205_1000_m2fm2_chunk_262,0.0221866666666666,0.0776533333333333,0.0361866666666666,62.81512605042017,0.3743221918443841,-86.35852541813624,0.999595820903778,-1,0.0,1.9125103,-0.08167036,usv,m2fm2
noise_002_manual_review_Cluster_25_131212_1000_m1fm2_chunk_067_1p644s.png,2,manual_review,Cluster_25,131212_1000_m1fm2_chunk_067,1.64352,1.69472,0.0121599999999999,61.52173913043478,0.2277455600020331,-96.821020412623,0.898051381111145,-1,0.0,-1.0711651,0.6772453,usv,m1fm2
noise_003_manual_review_Cluster_25_131205_1400_m2fm2_chunk_014_0p278s.png,3,manual_review,Cluster_25,131205_1400_m2fm2_chunk_014,0.2781866666666667,0.3208533333333333,0.0093599999999999,72.14285714285714,0.2787218273145516,-90.76735646366316,0.9312123656272888,-1,0.0,-0.19137427,2.9822266,usv,m2fm2
noise_004_manual_review_Cluster_25_131204_1400_m4fm4_chunk_046_0p978s.png,4,manual_review,Cluster_25,131204_1400_m4fm4_chunk_046,0.97792,1.0717866666666669,0.0503066666666667,62.74193548387097,0.2698149501783362,-88.74550835207238,0.99984610080719,-1,0.0,-0.1886623,0.28674993,usv,m4fm4
noise_005_manual_review_Cluster_25_131204_1400_m2fm2_chunk_277_1p264s.png,5,manual_review,Cluster_25,131204_1400_m2fm2_chunk_277,1.2637866666666666,1.34912,0.04753,72.63513513513513,0.3791625939567471,-83.91301230994308,0.9986621141433716,-1,0.0,1.8043336,0.31613174,usv,m2fm2
noise_006_manual_review_Cluster_25_131211_1000_m1fm4_chunk_031_1p639s.png,6,manual_review,Cluster_25,131211_1000_m1fm4_chunk_031,1.6392533333333332,1.70752,0.04664,61.93181818181819,0.1891169330037928,-107.70071273018388,0.9404966831207277,-1,0.0,0.995284,2.2098923,usv,m1fm4
noise_007_manual_review_Cluster_25_131205_1000_m1fm1_chunk_026_1p507s.png,7,manual_review,Cluster_25,131205_1000_m1fm1_chunk_026,1.5069866666666667,1.5624533333333332,0.0314666666666665,64.07563025210084,0.3584277226223606,-86.57325243240456,0.988983690738678,-1,0.0,4.6814795,3.0308945,usv,m1fm1
noise_008_manual_review_Cluster_25_131212_1000_m4fm3_chunk_017_0p927s.png,8,manual_review,Cluster_25,131212_1000_m4fm3_chunk_017,0.92672,1.00352,0.0452666666666666,74.82142857142857,0.5018277756190895,-80.84675846828577,0.9993302822113036,-1,0.0,2.738124,-0.78712094,usv,m4fm3
noise_009_manual_review_Cluster_25_131205_1800_m1fm1_chunk_012_1p874s.png,9,manual_review,Cluster_25,131205_1800_m1fm1_chunk_012,1.87392,1.9293866666666664,0.0157333333333333,61.55462184873949,0.2336290834434365,-93.32365970253814,0.9957742094993592,-1,0.0,3.8952043,4.853258,usv,m1fm1
noise_010_manual_review_Cluster_25_131204_1400_m1fm1_chunk_068_1p068s.png,10,manual_review,Cluster_25,131204_1400_m1fm1_chunk_068,1.06752,1.1400533333333334,0.0283499999999998,55.88235294117647,0.2322869298229055,-90.3087302996726,0.9274319410324096,-1,0.0,0.12910546,0.28201947,usv,m1fm1
noise_011_manual_review_Cluster_4_131211_1800_m2fm3_chunk_157_0p543s.png,11,manual_review,Cluster_4,131211_1800_m2fm3_chunk_157,0.54272,0.5853866666666667,0.0124799999999999,85.0,0.334341940115998,-91.0669961091092,0.9511679410934448,-1,0.0,2.1839209,4.834205,usv,m2fm3
noise_012_manual_review_Cluster_4_131205_1400_m3fm3_chunk_022_1p328s.png,12,manual_review,Cluster_4,131205_1400_m3fm3_chunk_022,1.327786666666667,1.37472,0.0243433333333331,83.63636363636363,0.2893658512843939,-90.51882909890082,0.9000959396362305,-1,0.0,4.393814,5.3489184,usv,m3fm3
noise_013_manual_review_Cluster_4_131205_1000_m2fm2_chunk_126_1p114s.png,13,manual_review,Cluster_4,131205_1000_m2fm2_chunk_126,1.1144533333333333,1.1613866666666666,0.0101733333333333,82.27272727272727,0.2570890285044137,-91.2262632318965,0.9343233108520508,-1,0.0,-0.7292233,4.3574214,usv,m2fm2
noise_014_manual_review_Cluster_4_131205_1000_m1fm1_chunk_018_0p543s.png,14,manual_review,Cluster_4,131205_1000_m1fm1_chunk_018,0.54272,0.6280533333333334,0.0538999999999999,76.6891891891892,0.249925999843853,-92.00261416900528,0.878325343132019,-1,0.0,4.695677,3.2920516,usv,m1fm1
noise_015_manual_review_Cluster_4_131210_1000_m6fm6_chunk_014_0p022s.png,15,manual_review,Cluster_4,131210_1000_m6fm6_chunk_014,0.0221866666666666,0.05632,0.01829,82.4468085106383,0.2952683870921546,-90.7775281408543,0.9988191723823548,-1,0.0,1.7382555,3.9697297,usv,m6fm6
noise_016_manual_review_Cluster_4_131204_1800_m1fm1_chunk_021_0p261s.png,16,manual_review,Cluster_4,131204_1800_m1fm1_chunk_021,0.26112,0.4104533333333333,0.0481,75.00000000000001,0.2515184709988716,-91.86886474458552,0.9735034108161926,-1,0.0,8.704693,6.0527115,usv,m1fm1
noise_017_manual_review_Cluster_4_131204_1400_m5fm5_chunk_115_0p035s.png,17,manual_review,Cluster_4,131204_1400_m5fm5_chunk_115,0.0349866666666666,0.06912,0.0186,69.68085106382978,0.26221711232815,-92.40570258741086,0.8959338665008545,-1,0.0,4.4353952,3.3546517,usv,m5fm5
noise_018_manual_review_Cluster_4_131204_1400_m6fm6_chunk_243_1p618s.png,18,manual_review,Cluster_4,131204_1400_m6fm6_chunk_243,1.61792,1.6776533333333334,0.0274700000000001,86.69354838709677,0.320836573295324,-87.19987183023323,0.9973642230033876,-1,0.0,1.2870114,4.974226,usv,m6fm6
noise_019_manual_review_Cluster_4_131208_1400_m6fm6_chunk_264_1p277s.png,19,manual_review,Cluster_4,131208_1400_m6fm6_chunk_264,1.2765866666666668,1.3192533333333334,0.0013866666666666,82.14285714285714,0.2211480468067007,-91.80409862150182,0.8839350342750549,-1,0.0,7.8240905,10.867522,noise,m6fm6
noise_020_manual_review_Cluster_4_131211_1800_m5fm5_chunk_029_1p938s.png,20,manual_review,Cluster_4,131211_1800_m5fm5_chunk_029,1.93792,1.97632,0.0212333333333334,79.54545454545455,0.3607495676789993,-90.18363564000364,0.999794065952301,-1,0.0,-0.1270739,2.876872,usv,m5fm5
noise_021_manual_review_Cluster_2_131204_1400_m2fm2_chunk_113_0p022s.png,21,manual_review,Cluster_2,131204_1400_m2fm2_chunk_113,0.0221866666666666,0.1373866666666666,0.09633,73.83720930232559,0.2543368903139156,-90.62472255059008,0.9956658482551576,-1,0.0,4.533588,0.35083392,usv,m2fm2
noise_022_manual_review_Cluster_2_131212_1000_m1fm2_chunk_010_0p607s.png,22,manual_review,Cluster_2,131212_1000_m1fm2_chunk_010,0.60672,0.70912,0.0606433333333333,68.51851851851852,0.320426861575232,-89.56534964257283,0.998138427734375,-1,0.0,1.8108892,2.0576503,usv,m1fm2
noise_023_manual_review_Cluster_2_131208_1400_m2fm2_chunk_009_1p396s.png,23,manual_review,Cluster_2,131208_1400_m2fm2_chunk_009,1.3960533333333334,1.54112,0.1139633333333334,77.91327325969493,0.348744962138446,-85.56263228792784,0.9998806715011596,-1,0.0,5.6184516,0.50878084,usv,m2fm2
noise_024_manual_review_Cluster_2_131211_1000_m5fm5_chunk_028_0p312s.png,24,manual_review,Cluster_2,131211_1000_m5fm5_chunk_028,0.31232,0.47872,0.1298333333333333,55.12879421001431,0.4170549864648599,-83.41675822065079,0.999997615814209,-1,0.0,6.9631553,-1.2394183,usv,m5fm5
noise_025_manual_review_Cluster_2_131208_1400_m6fm6_chunk_013_1p503s.png,25,manual_review,Cluster_2,131208_1400_m6fm6_chunk_013,1.50272,1.64352,0.0938699999999999,62.10526315789474,0.2563298548906388,-90.76209740285655,0.9998291730880736,-1,0.0,6.778397,2.815171,usv,m6fm6
noise_026_manual_review_Cluster_2_131204_1400_m2fm2_chunk_028_0p905s.png,26,manual_review,Cluster_2,131204_1400_m2fm2_chunk_028,0.9053866666666668,1.00352,0.06437,72.46835443037975,0.3582660582521026,-85.66013326422592,0.9981250166893004,-1,0.0,3.6371257,2.5081022,usv,m2fm2
noise_027_manual_review_Cluster_2_131208_1000_m2fm2_chunk_014_0p466s.png,27,manual_review,Cluster_2,131208_1000_m2fm2_chunk_014,0.46592,0.6024533333333333,0.1041599999999999,69.68431934649044,0.3885723457394742,-84.315910510003,0.9999585151672364,-1,0.0,5.6103363,-0.7631133,usv,m2fm2
noise_028_manual_review_Cluster_2_131205_1000_m1fm1_chunk_014_0p854s.png,28,manual_review,Cluster_2,131205_1000_m1fm1_chunk_014,0.8541866666666666,0.9352533333333334,0.0547199999999999,75.0,0.2782438753565683,-91.0408965348058,0.864203929901123,-1,0.0,5.679127,3.479825,usv,m1fm1
noise_029_manual_review_Cluster_2_131205_1000_m2fm2_chunk_008_1p733s.png,29,manual_review,Cluster_2,131205_1000_m2fm2_chunk_008,1.73312,1.9208533333333333,0.1264400000000001,71.0758937301209,0.4756197662563916,-79.05208880277013,0.99956077337265,-1,0.0,8.352261,1.1835192,usv,m2fm2
noise_030_manual_review_Cluster_2_131211_1000_m1fm4_chunk_031_0p073s.png,30,manual_review,Cluster_2,131211_1000_m1fm4_chunk_031,0.0733866666666666,0.2824533333333333,0.1786333333333333,76.2987012987013,0.2379742541924718,-103.97017174332169,0.9835573434829712,-1,0.0,6.177847,0.6354901,noise,m1fm4
noise_031_manual_review_Cluster_1_131210_1000_m3fm2_chunk_061_1p370s.png,31,manual_review,Cluster_1,131210_1000_m3fm2_chunk_061,1.3704533333333333,1.46432,0.0574933333333331,65.64516129032259,0.3790317196283213,-83.62428286174149,0.999919295310974,-1,0.0,4.681701,0.0023467413,usv,m3fm2
noise_032_manual_review_Cluster_1_131204_1800_m5fm5_chunk_197_1p507s.png,32,manual_review,Cluster_1,131204_1800_m5fm5_chunk_197,1.5069866666666667,1.60512,0.0612300000000001,71.04430379746836,0.5017481617283218,-78.64493870156198,0.9972692131996156,-1,0.0,6.580976,0.77133477,usv,m5fm5
noise_033_manual_review_Cluster_1_131205_1400_m2fm2_chunk_295_0p837s.png,33,manual_review,Cluster_1,131205_1400_m2fm2_chunk_295,0.83712,0.8797866666666667,0.0024266666666665,69.28571428571428,0.2246774156365663,-94.53847944637,0.8981317281723022,-1,0.0,5.844459,9.566596,usv,m2fm2
noise_034_manual_review_Cluster_1_131204_1800_m2fm2_chunk_013_0p193s.png,34,manual_review,Cluster_1,131204_1800_m2fm2_chunk_013,0.1928533333333333,0.2952533333333333,0.0241499999999999,72.22222222222223,0.4440196410111415,-80.88143176483688,0.9857283234596252,-1,0.0,4.6835113,1.80754,usv,m2fm2
noise_035_manual_review_Cluster_1_131208_1400_m1fm1_chunk_011_1p708s.png,35,manual_review,Cluster_1,131208_1400_m1fm1_chunk_011,1.70752,1.74592,0.0075133333333334,64.39393939393939,0.219557241732956,-97.777339469464,0.8438442349433899,-1,0.0,3.944885,3.9625092,usv,m1fm1
noise_036_manual_review_Cluster_1_131211_1800_m3fm1_chunk_026_0p150s.png,36,manual_review,Cluster_1,131211_1800_m3fm1_chunk_026,0.1501866666666666,0.27392,0.09322,68.98684430332679,0.4866887334061692,-81.72453872279037,0.9994996786117554,-1,0.0,8.293679,1.006759,usv,m3fm1
noise_037_manual_review_Cluster_1_131204_1400_m6fm6_chunk_213_0p022s.png,37,manual_review,Cluster_1,131204_1400_m6fm6_chunk_213,0.0221866666666666,0.2013866666666666,0.13774,73.16142384057557,0.4191257555405976,-81.01250347013568,0.9982019662857056,-1,0.0,8.390677,0.76003736,usv,m6fm6
noise_038_manual_review_Cluster_1_131212_1000_m1fm2_chunk_045_0p278s.png,38,manual_review,Cluster_1,131212_1000_m1fm2_chunk_045,0.2781866666666667,0.35072,0.05576,74.63235294117646,0.3477909840739474,-88.99457050095049,0.8761739134788513,-1,0.0,3.5198658,2.707062,usv,m1fm2
noise_039_manual_review_Cluster_1_131204_1400_m5fm5_chunk_020_0p492s.png,39,manual_review,Cluster_1,131204_1400_m5fm5_chunk_020,0.49152,0.5341866666666667,0.0128266666666666,75.0,0.3937040971351421,-85.27687280302445,0.9427123665809632,-1,0.0,1.6953168,1.2352078,usv,m5fm5
noise_040_manual_review_Cluster_1_131205_1000_m6fm6_chunk_070_0p214s.png,40,manual_review,Cluster_1,131205_1000_m6fm6_chunk_070,0.2141866666666666,0.29952,0.0617399999999999,72.63513513513514,0.533883352283698,-78.44312095914634,0.9997532963752748,-1,0.0,7.1243277,1.7131373,usv,m6fm6
noise_041_manual_review_Cluster_3_131204_1400_m6fm6_chunk_039_1p545s.png,41,manual_review,Cluster_3,131204_1400_m6fm6_chunk_039,1.545386666666667,1.6648533333333333,0.0852599999999998,72.84122213451968,0.3828917667312972,-83.8021740831211,0.9996939897537231,-1,0.0,7.3440576,0.57151514,usv,m6fm6
noise_042_manual_review_Cluster_3_131205_1000_m1fm1_chunk_037_0p602s.png,42,manual_review,Cluster_3,131205_1000_m1fm1_chunk_037,0.6024533333333333,0.6493866666666667,0.0330633333333333,71.36363636363636,0.269920791715006,-92.92544879892304,0.8758429884910583,-1,0.0,4.9096885,4.812175,usv,m1fm1
noise_043_manual_review_Cluster_3_131210_1000_m3fm2_chunk_021_1p507s.png,43,manual_review,Cluster_3,131210_1000_m3fm2_chunk_021,1.5069866666666667,1.588053333333333,0.04848,69.79166666666667,0.3044767703177423,-87.95740885677695,0.9984390139579772,-1,0.0,2.5491507,2.4705875,usv,m3fm2
noise_044_manual_review_Cluster_3_131212_1000_m3fm4_chunk_016_1p554s.png,44,manual_review,Cluster_3,131212_1000_m3fm4_chunk_016,1.55392,1.59232,0.0280933333333333,81.06060606060606,0.1942764304279388,-101.47888507902354,0.884243905544281,-1,0.0,9.277629,10.128735,usv,m3fm4
noise_045_manual_review_Cluster_3_131204_1400_m6fm6_chunk_026_0p227s.png,45,manual_review,Cluster_3,131204_1400_m6fm6_chunk_026,0.2269866666666666,0.3208533333333333,0.0513333333333333,66.61290322580646,0.4112132422902124,-82.40331893347734,0.9997283816337584,-1,0.0,5.746353,0.42276275,usv,m6fm6
noise_046_manual_review_Cluster_3_131204_1400_m6fm6_chunk_217_1p592s.png,46,manual_review,Cluster_3,131204_1400_m6fm6_chunk_217,1.59232,1.7885866666666668,0.1687366666666667,68.09750100119865,0.4414605083703307,-79.35131557640419,0.9998879432678224,-1,0.0,8.752605,-0.29759005,usv,m6fm6
noise_047_manual_review_Cluster_3_131204_1800_m5fm5_chunk_239_1p968s.png,47,manual_review,Cluster_3,131204_1800_m5fm5_chunk_239,1.9677866666666664,1.97632,0.0050133333333333,93.61702127659576,0.2010045184489,-103.01357775469316,0.8979376554489136,-1,0.0,7.461821,9.559493,usv,m5fm5
noise_048_manual_review_Cluster_3_131204_1400_m5fm5_chunk_198_0p543s.png,48,manual_review,Cluster_3,131204_1400_m5fm5_chunk_198,0.54272,0.6408533333333334,0.0706499999999999,75.31645569620255,0.489042652158608,-78.79733209802734,0.992201805114746,-1,0.0,7.347776,0.43185842,usv,m5fm5
noise_049_manual_review_Cluster_3_131211_1800_m5fm5_chunk_115_0p509s.png,49,manual_review,Cluster_3,131211_1800_m5fm5_chunk_115,0.5085866666666666,0.6621866666666667,0.12214,56.81818181818181,0.4001001261388268,-84.57005695124624,0.9999752044677734,-1,0.0,11.466561,-0.18112221,usv,m5fm5
noise_050_manual_review_Cluster_3_131204_1400_m2fm2_chunk_170_1p396s.png,50,manual_review,Cluster_3,131204_1400_m2fm2_chunk_170,1.3960533333333334,1.50272,0.0720499999999999,73.18181818181819,0.3499197824966795,-86.02015605312945,0.9920873045921326,-1,0.0,5.6221375,2.122414,usv,m2fm2
noise_051_manual_review_Cluster_15_131205_1400_m2fm2_chunk_011_0p368s.png,51,manual_review,Cluster_15,131205_1400_m2fm2_chunk_011,0.3677866666666666,0.4829866666666667,0.08664,77.32558139534883,0.3184346417416377,-87.41780740777028,0.9996461868286132,-1,0.0,3.1494133,3.7643812,usv,m2fm2
noise_052_manual_review_Cluster_15_131204_1400_m2fm2_chunk_025_1p349s.png,52,manual_review,Cluster_15,131204_1400_m2fm2_chunk_025,1.34912,1.4045866666666669,0.0031466666666666,85.50420168067227,0.218163764280418,-89.51410592232952,0.9255537390708924,-1,0.0,5.835372,9.553017,usv,m2fm2
noise_053_manual_review_Cluster_15_131204_1800_m1fm1_chunk_033_0p065s.png,53,manual_review,Cluster_15,131204_1800_m1fm1_chunk_033,0.0648533333333333,0.2141866666666666,0.1247999999999999,78.0769230769231,0.3366029867740653,-84.60130603775488,0.9984607696533204,-1,0.0,5.9767647,0.2074207,usv,m1fm1
noise_054_manual_review_Cluster_15_131212_1000_m2fm3_chunk_034_1p708s.png,54,manual_review,Cluster_15,131212_1000_m2fm3_chunk_034,1.70752,1.82272,0.0615599999999998,71.22093023255815,0.3477632203659517,-86.59447817470141,0.9997373223304749,-1,0.0,4.9987936,1.172809,usv,m2fm3
noise_055_manual_review_Cluster_15_131212_1000_m1fm2_chunk_019_0p556s.png,55,manual_review,Cluster_15,131212_1000_m1fm2_chunk_019,0.55552,0.6920533333333333,0.09486,77.34417040449655,0.4480969659475639,-82.58921064907393,0.9112681746482848,-1,0.0,8.043968,0.88562894,usv,m1fm2
noise_056_manual_review_Cluster_15_131217_1400_m2fm4_chunk_122_1p656s.png,56,manual_review,Cluster_15,131217_1400_m2fm4_chunk_122,1.65632,1.7501866666666666,0.0636533333333333,71.45161290322581,0.3463513732008838,-86.48128898432529,0.9886701107025146,-1,0.0,5.1666617,1.7830462,usv,m2fm4
noise_057_manual_review_Cluster_15_131205_1000_m4fm4_chunk_081_0p189s.png,57,manual_review,Cluster_15,131205_1000_m4fm4_chunk_081,0.1885866666666666,0.27392,0.04606,73.64864864864865,0.3269458362449414,-86.92192089986774,0.9998733997344972,-1,0.0,4.5285206,2.5585234,usv,m4fm4
noise_058_manual_review_Cluster_15_131211_1800_m4fm2_chunk_009_1p682s.png,58,manual_review,Cluster_15,131211_1800_m4fm2_chunk_009,1.68192,1.74592,0.0324266666666666,67.1875,0.4629767975435168,-84.75838449108082,0.9994719624519348,-1,0.0,5.500897,2.7521138,usv,m4fm2
noise_059_manual_review_Cluster_15_131205_1000_m2fm2_chunk_113_1p942s.png,59,manual_review,Cluster_15,131205_1000_m2fm2_chunk_113,1.9421866666666667,1.97632,0.01705,69.68085106382978,0.5122845074601121,-81.7696856767099,0.9987508058547974,-1,0.0,5.0739326,1.978512,usv,m2fm2
noise_060_manual_review_Cluster_15_131210_1000_m3fm2_chunk_016_1p712s.png,60,manual_review,Cluster_15,131210_1000_m3fm2_chunk_016,1.7117866666666666,1.87392,0.1279333333333334,72.54285876204041,0.2902572860746092,-87.39656993232026,0.9998887777328492,-1,0.0,7.3798313,1.7623109,usv,m3fm2
noise_061_manual_review_Cluster_14_131218_1000_m3fm3_chunk_044_1p831s.png,61,manual_review,Cluster_14,131218_1000_m3fm3_chunk_044,1.8312533333333327,1.97632,0.1407033333333334,51.56250000000001,0.1876156890006208,-95.31536528117492,0.9957647323608398,-1,0.0,-1.1892418,-3.135598,noise,m3fm3
noise_062_manual_review_Cluster_14_131212_1000_m4fm3_chunk_013_0p022s.png,62,manual_review,Cluster_14,131212_1000_m4fm3_chunk_013,0.0221866666666666,0.1032533333333333,0.0628799999999999,54.16666666666667,0.4382538667474278,-82.85505879471503,0.999970316886902,-1,0.0,0.350249,-1.7605965,usv,m4fm3
noise_063_manual_review_Cluster_14_131208_1000_m4fm4_chunk_235_0p022s.png,63,manual_review,Cluster_14,131208_1000_m4fm4_chunk_235,0.0221866666666666,0.10752,0.06615,60.47297297297298,0.4264560636840614,-78.93987899329454,0.9993022680282592,-1,0.0,1.779641,-1.366664,usv,m4fm4
noise_064_manual_review_Cluster_14_131218_1000_m2fm2_chunk_279_0p526s.png,64,manual_review,Cluster_14,131218_1000_m2fm2_chunk_279,0.5256533333333333,0.6237866666666667,0.05809,57.27848101265823,0.2588293285925851,-91.34853357974836,0.9999191761016846,-1,0.0,5.405038,3.6032388,usv,m2fm2
noise_065_manual_review_Cluster_14_131211_1800_m1fm4_chunk_293_1p690s.png,65,manual_review,Cluster_14,131211_1800_m1fm4_chunk_293,1.6904533333333334,1.7672533333333331,0.0326666666666666,41.07142857142857,0.2458712703462141,-95.28162596721238,0.9971467852592468,-1,0.0,10.599058,5.6944222,usv,m1fm4
noise_066_manual_review_Cluster_14_131204_1800_m6fm6_chunk_084_1p225s.png,66,manual_review,Cluster_14,131204_1800_m6fm6_chunk_084,1.2253866666666666,1.40032,0.1462933333333334,50.59241706161137,0.1855908440363667,-98.5525866595856,0.8822978138923645,-1,0.0,-1.1894375,-3.1443746,noise,m6fm6
noise_067_manual_review_Cluster_14_131205_1400_m1fm1_chunk_095_0p125s.png,67,manual_review,Cluster_14,131205_1400_m1fm1_chunk_095,0.1245866666666666,0.2013866666666666,0.0508666666666666,53.92857142857143,0.2649443129078857,-90.77318320283057,0.9503867030143738,-1,0.0,0.83963895,1.0382485,usv,m1fm1
noise_068_manual_review_Cluster_14_131211_1800_m6fm6_chunk_173_0p265s.png,68,manual_review,Cluster_14,131211_1800_m6fm6_chunk_173,0.2653866666666666,0.3592533333333333,0.0924,51.12903225806452,0.1890355184809232,-100.87154612141626,0.8985497355461121,-1,0.0,-1.2917676,-3.031406,noise,m6fm6
noise_069_manual_review_Cluster_14_131212_1000_m6fm6_chunk_189_0p957s.png,69,manual_review,Cluster_14,131212_1000_m6fm6_chunk_189,0.9565866666666668,0.9949866666666668,0.0062066666666666,53.03030303030303,0.2571844590767285,-97.08939105427731,0.8787658214569092,-1,0.0,6.795425,8.796691,noise,m6fm6
noise_070_manual_review_Cluster_14_131204_1400_m4fm4_chunk_050_0p858s.png,70,manual_review,Cluster_14,131204_1400_m4fm4_chunk_050,0.8584533333333333,0.92672,0.0286,56.81818181818182,0.2634550926224032,-90.4542974173841,0.99924635887146,-1,0.0,5.153009,3.701493,usv,m4fm4
noise_071_manual_review_Cluster_20_131211_1000_m3fm1_chunk_254_1p149s.png,71,manual_review,Cluster_20,131211_1000_m3fm1_chunk_254,1.1485866666666666,1.18272,0.0061999999999999,106.38297872340424,0.2914043539115548,-99.52288870356077,0.8959236145019531,-1,0.0,1.5235918,6.263022,usv,m3fm1
noise_072_manual_review_Cluster_20_131210_1000_m4fm1_chunk_064_0p799s.png,72,manual_review,Cluster_20,131210_1000_m4fm1_chunk_064,0.79872,0.8541866666666666,0.0173066666666666,91.80672268907564,0.4917277766132777,-81.78742977031328,0.9904844760894777,-1,0.0,1.0552869,5.266826,usv,m4fm1
noise_073_manual_review_Cluster_20_131208_1000_m6fm6_chunk_305_1p904s.png,73,manual_review,Cluster_20,131208_1000_m6fm6_chunk_305,1.9037866666666667,1.93792,0.0105399999999999,103.19148936170212,0.3244373827664038,-89.12834945865609,0.8700616359710693,-1,0.0,2.0902457,6.568363,usv,m6fm6
noise_074_manual_review_Cluster_20_131204_1400_m2fm2_chunk_065_0p317s.png,74,manual_review,Cluster_20,131204_1400_m2fm2_chunk_065,0.3165866666666667,0.3592533333333333,0.0104,95.0,0.2379480344622446,-93.48571663898672,0.9412844181060792,-1,0.0,3.8979182,5.254774,usv,m2fm2
noise_075_manual_review_Cluster_20_131204_1400_m4fm4_chunk_255_0p722s.png,75,manual_review,Cluster_20,131204_1400_m4fm4_chunk_255,0.72192,0.7816533333333333,0.0213199999999998,91.53225806451611,0.350224664733156,-85.95144301424577,0.9892061948776244,-1,0.0,0.63732564,5.0433307,usv,m4fm4
noise_076_manual_review_Cluster_20_131204_1800_m2fm2_chunk_106_0p914s.png,76,manual_review,Cluster_20,131204_1800_m2fm2_chunk_106,0.91392,0.9992533333333332,0.02548,95.94594594594597,0.2591351024155243,-88.99480608838276,0.9974512457847596,-1,0.0,3.744116,5.2552896,usv,m2fm2
noise_077_manual_review_Cluster_20_131204_1400_m1fm1_chunk_068_0p022s.png,77,manual_review,Cluster_20,131204_1400_m1fm1_chunk_068,0.0221866666666666,0.14592,0.0359899999999999,110.1123595505618,0.2489125585730772,-91.44704594604444,0.8910107612609863,-1,0.0,6.6625276,8.545661,usv,m1fm1
noise_078_manual_review_Cluster_20_131208_1000_m1fm1_chunk_020_0p432s.png,78,manual_review,Cluster_20,131208_1000_m1fm1_chunk_020,0.4317866666666666,0.5384533333333333,0.01155,96.8181818181818,0.2330095718533844,-93.83365090861776,0.992094099521637,-1,0.0,3.7385607,5.2938967,usv,m1fm1
noise_079_manual_review_Cluster_20_131204_1400_m5fm5_chunk_019_0p641s.png,79,manual_review,Cluster_20,131204_1400_m5fm5_chunk_019,0.6408533333333334,0.6877866666666667,0.0145333333333333,112.27272727272728,0.3174168321129228,-87.91068665897177,0.9898771643638612,-1,0.0,3.8127053,7.093692,usv,m5fm5
noise_080_manual_review_Cluster_20_131212_1000_m2fm3_chunk_303_1p853s.png,80,manual_review,Cluster_20,131212_1000_m2fm3_chunk_303,1.8525866666666664,1.9037866666666667,0.0182399999999998,95.43478260869566,0.3140117489776323,-90.1996134508839,0.9869661331176758,-1,0.0,1.2855752,5.7209344,usv,m2fm3
noise_081_manual_review_Cluster_23_131208_1000_m4fm4_chunk_043_0p406s.png,81,manual_review,Cluster_23,131208_1000_m4fm4_chunk_043,0.4061866666666666,0.50432,0.0638466666666666,70.56962025316457,0.6603912178491352,-72.75508459911842,0.9992591738700868,-1,0.0,6.7067246,-2.6638746,usv,m4fm4
noise_082_manual_review_Cluster_23_131211_1000_m3fm1_chunk_253_1p370s.png,82,manual_review,Cluster_23,131211_1000_m3fm1_chunk_253,1.3704533333333333,1.4600533333333334,0.0575000000000001,66.72185430463577,0.4372843709829004,-90.6940654691724,0.999841332435608,-1,0.0,6.0748706,1.4829617,usv,m3fm1
noise_083_manual_review_Cluster_23_131210_1000_m3fm2_chunk_019_1p912s.png,83,manual_review,Cluster_23,131210_1000_m3fm2_chunk_019,1.91232,1.97632,0.0511999999999999,69.53125,0.2822377461534608,-91.4906596743651,0.9995638728141784,-1,0.0,6.0985394,2.9553008,usv,m3fm2
noise_084_manual_review_Cluster_23_131204_1800_m5fm5_chunk_048_1p264s.png,84,manual_review,Cluster_23,131204_1800_m5fm5_chunk_048,1.2637866666666666,1.3533866666666667,0.0589999999999999,66.72185430463577,0.5147195085668074,-79.1137683935408,0.9996953010559082,-1,0.0,8.606754,0.65573007,usv,m5fm5
noise_085_manual_review_Cluster_23_131204_1400_m4fm4_chunk_028_1p370s.png,85,manual_review,Cluster_23,131204_1400_m4fm4_chunk_028,1.3704533333333333,1.4984533333333334,0.0761999999999998,52.93667776230957,0.3602851603840971,-85.29582982453485,0.9999969005584716,-1,0.0,12.22908,0.58844256,usv,m4fm4
noise_086_manual_review_Cluster_23_131218_1000_m1fm1_chunk_247_1p076s.png,86,manual_review,Cluster_23,131218_1000_m1fm1_chunk_247,1.0760533333333333,1.22112,0.1063233333333333,66.87203860905333,0.2538513511155603,-98.08963144738986,0.984914004802704,-1,0.0,6.0517325,0.8988439,noise,m1fm1
noise_087_manual_review_Cluster_23_131211_1000_m4fm2_chunk_103_0p803s.png,87,manual_review,Cluster_23,131211_1000_m4fm2_chunk_103,0.8029866666666666,0.91392,0.0823866666666666,78.82706719879582,0.4089006141831843,-86.84944058731966,0.9998351335525512,-1,0.0,5.081308,0.4644124,usv,m4fm2
noise_088_manual_review_Cluster_23_131204_1400_m6fm6_chunk_026_0p991s.png,88,manual_review,Cluster_23,131204_1400_m6fm6_chunk_026,0.99072,1.0589866666666667,0.0299200000000001,67.04545454545455,0.3229746341590789,-87.49027642545839,0.998199462890625,-1,0.0,2.49444,2.522127,usv,m6fm6
noise_089_manual_review_Cluster_23_131210_1000_m4fm1_chunk_024_1p004s.png,89,manual_review,Cluster_23,131210_1000_m4fm1_chunk_024,1.00352,1.10592,0.0627900000000001,62.96296296296296,0.2781872154234313,-89.01224662775611,0.999956488609314,-1,0.0,5.9733973,2.4289305,usv,m4fm1
noise_090_manual_review_Cluster_23_131217_1400_m2fm4_chunk_104_0p265s.png,90,manual_review,Cluster_23,131217_1400_m2fm4_chunk_104,0.2653866666666666,0.3549866666666667,0.072,75.65764307640062,0.2590259238687322,-93.37165125228836,0.9966668486595154,-1,0.0,10.324453,3.4479158,usv,m2fm4
noise_091_manual_review_Cluster_21_131208_1400_m4fm4_chunk_022_0p492s.png,91,manual_review,Cluster_21,131208_1400_m4fm4_chunk_022,0.49152,0.6237866666666667,0.0969899999999999,81.02318819527918,0.4403848822327637,-80.68786661224712,0.9999721050262452,-1,0.0,9.232449,0.74273294,usv,m4fm4
noise_092_manual_review_Cluster_21_131217_1400_m2fm4_chunk_226_0p577s.png,92,manual_review,Cluster_21,131217_1400_m2fm4_chunk_226,0.5768533333333333,0.6536533333333333,0.0172666666666666,86.07142857142857,0.2401025365217567,-95.39798457556977,0.9469994306564332,-1,0.0,5.7580533,5.897755,usv,m2fm4
noise_093_manual_review_Cluster_21_131204_1800_m3fm3_chunk_023_1p712s.png,93,manual_review,Cluster_21,131204_1800_m3fm3_chunk_023,1.7117866666666666,1.8525866666666664,0.09261,78.28947368421052,0.312100411591273,-87.69548613320907,0.9996339082717896,-1,0.0,9.606285,3.2130601,usv,m3fm3
noise_094_manual_review_Cluster_21_131208_1400_m6fm6_chunk_086_0p871s.png,94,manual_review,Cluster_21,131208_1400_m6fm6_chunk_086,0.8712533333333333,0.9864533333333332,0.07695,68.6046511627907,0.3575223388008222,-85.37018865789713,0.999976396560669,-1,0.0,6.9139967,2.245632,usv,m6fm6
noise_095_manual_review_Cluster_21_131217_1400_m1fm4_chunk_179_1p968s.png,95,manual_review,Cluster_21,131217_1400_m1fm4_chunk_179,1.9677866666666664,1.97632,0.0026633333333334,95.2127659574468,0.1836368436782191,-104.7952230250484,0.7519047856330872,-1,0.0,5.917986,9.605301,noise,m1fm4
noise_096_manual_review_Cluster_21_131211_1800_m4fm2_chunk_023_0p632s.png,96,manual_review,Cluster_21,131211_1800_m4fm2_chunk_023,0.63232,0.7560533333333334,0.08732,60.166290405717575,0.4410917593555149,-83.9030243612772,0.9995263814926147,-1,0.0,7.757245,-0.28023693,usv,m4fm2
noise_097_manual_review_Cluster_21_131208_1000_m1fm1_chunk_027_0p560s.png,97,manual_review,Cluster_21,131208_1000_m1fm1_chunk_027,0.5597866666666667,0.67072,0.07682,80.35714285714286,0.2685572165361133,-88.98203569049318,0.9502509236335754,-1,0.0,5.8925304,5.1086545,usv,m1fm1
noise_098_manual_review_Cluster_21_131204_1800_m1fm1_chunk_013_0p500s.png,98,manual_review,Cluster_21,131204_1800_m1fm1_chunk_013,0.5000533333333333,0.6024533333333333,0.0542033333333333,58.333333333333336,0.2317198831844593,-92.92646856941202,0.993962585926056,-1,0.0,2.8532338,2.7857094,usv,m1fm1
noise_099_manual_review_Cluster_21_131208_1000_m2fm2_chunk_132_1p840s.png,99,manual_review,Cluster_21,131208_1000_m2fm2_chunk_132,1.839786666666667,1.97632,0.1196600000000001,76.00635143143091,0.2739699713113077,-88.87684154432148,0.9998767375946044,-1,0.0,7.37935,2.052999,usv,m2fm2
noise_100_manual_review_Cluster_21_131204_1400_m6fm6_chunk_247_0p931s.png,100,manual_review,Cluster_21,131204_1400_m6fm6_chunk_247,0.9309866666666666,0.9736533333333334,0.00728,74.28571428571428,0.2532877651627649,-92.8730143296884,0.8919098973274231,-1,0.0,3.285823,5.4007707,usv,m6fm6
noise_101_auto_accept_Cluster_2_131204_1800_m4fm4_chunk_076_0p492s.png,101,auto_accept,Cluster_2,131204_1800_m4fm4_chunk_076,0.49152,0.73472,0.2041866666666666,78.45861959711532,0.3769426602306891,-82.30729431800131,0.9999104738235474,-1,0.0,7.6696115,0.061819244,usv,m4fm4
noise_102_auto_accept_Cluster_2_131208_1000_m5fm5_chunk_164_0p474s.png,102,auto_accept,Cluster_2,131208_1000_m5fm5_chunk_164,0.4744533333333333,0.6536533333333333,0.1114699999999999,69.1588785046729,0.2459583847829731,-90.967578987305,0.9997085928916932,-1,0.0,9.845834,3.0585907,usv,m5fm5
noise_103_auto_accept_Cluster_2_131217_1400_m5fm5_chunk_156_1p187s.png,103,auto_accept,Cluster_2,131217_1400_m5fm5_chunk_156,1.1869866666666666,1.332053333333333,0.12606,62.5,0.4406932028566692,-79.42165250350841,0.9998477697372437,-1,0.0,10.319643,-1.3538235,usv,m5fm5
noise_104_auto_accept_Cluster_2_131217_1400_m2fm4_chunk_152_0p581s.png,104,auto_accept,Cluster_2,131217_1400_m2fm4_chunk_152,0.58112,0.8072533333333334,0.1999999999999999,61.958132000468325,0.5023299229052038,-79.49948363564829,0.999935269355774,-1,0.0,8.807344,-0.41964883,usv,m2fm4
noise_105_auto_accept_Cluster_2_131217_1400_m3fm2_chunk_134_1p358s.png,105,auto_accept,Cluster_2,131217_1400_m3fm2_chunk_134,1.3576533333333334,1.5325866666666668,0.0998733333333334,73.6729084122515,0.3880379721560333,-84.34758537864296,1.0,-1,0.0,9.459432,0.44760087,usv,m3fm2
noise_106_auto_accept_Cluster_2_131208_1000_m2fm2_chunk_020_0p278s.png,106,auto_accept,Cluster_2,131208_1000_m2fm2_chunk_020,0.2781866666666667,0.4957866666666666,0.18642,79.00100437777999,0.2887567712956626,-87.86854208247003,0.9998507499694824,-1,0.0,7.559759,0.795795,usv,m2fm2
noise_107_auto_accept_Cluster_2_131208_1000_m2fm2_chunk_217_1p533s.png,107,auto_accept,Cluster_2,131208_1000_m2fm2_chunk_217,1.5325866666666668,1.6648533333333333,0.0975999999999999,74.72826086956522,0.3896877111043286,-84.26284035796374,0.9997370839118958,-1,0.0,6.6341367,1.0880421,usv,m2fm2
noise_108_auto_accept_Cluster_2_131208_1000_m6fm6_chunk_040_0p253s.png,108,auto_accept,Cluster_2,131208_1000_m6fm6_chunk_040,0.2525866666666667,0.3976533333333333,0.0910433333333333,70.36179120544521,0.394660320205057,-82.8928660164914,0.999969244003296,-1,0.0,7.6308994,1.090119,usv,m6fm6
noise_109_auto_accept_Cluster_2_131205_1000_m6fm6_chunk_054_0p022s.png,109,auto_accept,Cluster_2,131205_1000_m6fm6_chunk_054,0.0221866666666666,0.1373866666666666,0.0917699999999999,56.39534883720931,0.3220250307653309,-87.04310663599767,0.9999499320983888,-1,0.0,6.6755986,0.27048293,usv,m6fm6
noise_110_auto_accept_Cluster_2_131208_1000_m2fm2_chunk_076_0p270s.png,110,auto_accept,Cluster_2,131208_1000_m2fm2_chunk_076,0.2696533333333333,0.3677866666666666,0.0664633333333333,73.41772151898735,0.4041914094947692,-83.85466275370572,0.9933876991271972,-1,0.0,3.7282434,-0.42592448,usv,m2fm2
noise_111_auto_accept_Cluster_25_131205_1000_m3fm3_chunk_033_1p934s.png,111,auto_accept,Cluster_25,131205_1000_m3fm3_chunk_033,1.9336533333333328,1.97632,0.0263466666666665,72.14285714285714,0.6791379921798312,-72.72438618656496,0.9908409118652344,-1,0.0,6.975816,1.8123991,usv,m3fm3
noise_112_auto_accept_Cluster_25_131211_1000_m2fm1_chunk_069_0p180s.png,112,auto_accept,Cluster_25,131211_1000_m2fm1_chunk_069,0.1800533333333333,0.2397866666666666,0.0246,66.12903225806451,0.433738516484672,-90.34298710092264,0.9983262419700624,-1,0.0,0.4073524,-0.22503181,usv,m2fm1
noise_113_auto_accept_Cluster_25_131211_1800_m4fm2_chunk_016_0p022s.png,113,auto_accept,Cluster_25,131211_1800_m4fm2_chunk_016,0.0221866666666666,0.08192,0.01066,60.08064516129032,0.3836106740313139,-88.70873049688701,0.9856143593788148,-1,0.0,4.666094,3.0407934,usv,m4fm2
noise_114_auto_accept_Cluster_25_131210_1000_m6fm6_chunk_161_0p022s.png,114,auto_accept,Cluster_25,131210_1000_m6fm6_chunk_161,0.0221866666666666,0.0989866666666666,0.0602,64.35261393640748,0.4341989419397106,-82.02345173055969,0.999841809272766,-1,0.0,2.8996906,-1.2681067,usv,m6fm6
noise_115_auto_accept_Cluster_25_131208_1000_m4fm4_chunk_204_0p022s.png,115,auto_accept,Cluster_25,131208_1000_m4fm4_chunk_204,0.0221866666666666,0.0648533333333333,0.0211466666666666,75.0,0.5692267287890705,-78.65726693384575,0.997703731060028,-1,0.0,2.789685,-0.98169714,usv,m4fm4
noise_116_auto_accept_Cluster_25_131210_1000_m5fm5_chunk_020_0p961s.png,116,auto_accept,Cluster_25,131210_1000_m5fm5_chunk_020,0.9608533333333332,1.0632533333333334,0.0574233333333332,75.92592592592592,0.276561121766007,-89.69300096230047,0.9999017715454102,-1,0.0,3.167892,3.2622778,usv,m5fm5
noise_117_auto_accept_Cluster_25_131204_1400_m3fm3_chunk_090_1p742s.png,117,auto_accept,Cluster_25,131204_1400_m3fm3_chunk_090,1.7416533333333333,1.839786666666667,0.0523333333333333,68.67088607594937,0.3672192087932718,-83.63804890183368,0.9996565580368042,-1,0.0,2.8925343,-0.7603534,usv,m3fm3
noise_118_auto_accept_Cluster_25_131204_1400_m1fm1_chunk_074_0p428s.png,118,auto_accept,Cluster_25,131204_1400_m1fm1_chunk_074,0.42752,0.51712,0.0469999999999999,74.66887417218543,0.2672005230613418,-89.72609998439054,0.9966834187507628,-1,0.0,3.827958,3.4837387,usv,m1fm1
noise_119_auto_accept_Cluster_25_131211_1000_m3fm1_chunk_076_0p150s.png,119,auto_accept,Cluster_25,131211_1000_m3fm1_chunk_076,0.1501866666666666,0.26112,0.0823866666666666,72.32142857142858,0.51093077999076,-85.97841566545233,0.999521255493164,-1,0.0,3.8934422,-1.2273701,usv,m3fm1
noise_120_auto_accept_Cluster_25_131205_1000_m2fm2_chunk_109_0p300s.png,120,auto_accept,Cluster_25,131205_1000_m2fm2_chunk_109,0.29952,0.4317866666666666,0.09577,72.28260869565217,0.5107464518751443,-77.57871732651414,0.9999555349349976,-1,0.0,4.983174,-1.8234707,usv,m2fm2
noise_121_auto_accept_Cluster_4_131210_1000_m4fm1_chunk_092_0p901s.png,121,auto_accept,Cluster_4,131210_1000_m4fm1_chunk_092,0.90112,0.96512,0.0307199999999999,74.21875,0.4431407310775442,-82.55743262105186,0.999417781829834,-1,0.0,3.7306745,2.4190092,usv,m4fm1
noise_122_auto_accept_Cluster_4_131211_1000_m5fm5_chunk_063_0p022s.png,122,auto_accept,Cluster_4,131211_1000_m5fm5_chunk_063,0.0221866666666666,0.04352,0.0049333333333333,75.67567567567568,0.5775085122921257,-83.5298013461826,0.9986883997917176,-1,0.0,2.510374,-0.58493143,usv,m5fm5
noise_123_auto_accept_Cluster_4_131208_1000_m6fm6_chunk_071_0p649s.png,123,auto_accept,Cluster_4,131208_1000_m6fm6_chunk_071,0.6493866666666667,0.70912,0.0204999999999999,80.64516129032259,0.2704992433244393,-91.98348098782633,0.9801862239837646,-1,0.0,2.292444,5.4007974,usv,m6fm6
noise_124_auto_accept_Cluster_4_131204_1400_m6fm6_chunk_042_0p265s.png,124,auto_accept,Cluster_4,131204_1400_m6fm6_chunk_042,0.2653866666666666,0.36352,0.0575666666666666,73.41772151898735,0.354141053053083,-85.4393144903387,0.9999723434448242,-1,0.0,6.4029717,3.9226525,usv,m6fm6
noise_125_auto_accept_Cluster_4_131204_1800_m2fm2_chunk_109_0p090s.png,125,auto_accept,Cluster_4,131204_1800_m2fm2_chunk_109,0.0904533333333333,0.13312,0.0121333333333333,83.57142857142857,0.3192938135455995,-87.00629436475953,0.9427011013031006,-1,0.0,1.3368684,4.368165,usv,m2fm2
noise_126_auto_accept_Cluster_4_131205_1800_m6fm6_chunk_043_1p029s.png,126,auto_accept,Cluster_4,131205_1800_m6fm6_chunk_043,1.02912,1.1016533333333334,0.0382500000000001,76.28676470588235,0.3885975180157751,-84.21623038340151,0.999658465385437,-1,0.0,1.9292125,1.3602157,usv,m6fm6
noise_127_auto_accept_Cluster_4_131211_1800_m5fm5_chunk_025_0p423s.png,127,auto_accept,Cluster_4,131211_1800_m5fm5_chunk_025,0.4232533333333333,0.50432,0.0462366666666667,75.0,0.3648358917900353,-88.05175287293018,0.9996057152748108,-1,0.0,3.0945208,2.418316,usv,m5fm5
noise_128_auto_accept_Cluster_4_131212_1000_m3fm4_chunk_154_0p082s.png,128,auto_accept,Cluster_4,131212_1000_m3fm4_chunk_154,0.08192,0.19712,0.0746699999999999,85.17441860465117,0.3051355827261994,-89.9375351339953,0.9998252987861632,-1,0.0,1.387244,3.5451674,usv,m3fm4
noise_129_auto_accept_Cluster_4_131205_1800_m4fm4_chunk_206_0p624s.png,129,auto_accept,Cluster_4,131205_1800_m4fm4_chunk_206,0.6237866666666667,0.6749866666666666,0.0140599999999999,81.08695652173913,0.2965413635208295,-90.20525593855189,0.9911447167396544,-1,0.0,2.5946364,5.369241,usv,m4fm4
noise_130_auto_accept_Cluster_4_131210_1000_m2fm4_chunk_284_0p820s.png,130,auto_accept,Cluster_4,131210_1000_m2fm4_chunk_284,0.8200533333333333,0.9309866666666666,0.06847,77.67857142857143,0.291249396707143,-88.07773061682165,0.9996260404586792,-1,0.0,0.64692855,2.7304864,usv,m2fm4
noise_131_auto_accept_Cluster_3_131212_1000_m4fm3_chunk_025_1p452s.png,131,auto_accept,Cluster_3,131212_1000_m4fm3_chunk_025,1.45152,1.5240533333333333,0.0342,72.4264705882353,0.534943270396922,-80.2352028347679,0.9963263869285583,-1,0.0,5.588008,1.1789898,usv,m4fm3
noise_132_auto_accept_Cluster_3_131208_1000_m6fm6_chunk_008_1p737s.png,132,auto_accept,Cluster_3,131208_1000_m6fm6_chunk_008,1.7373866666666666,1.8696533333333327,0.0975999999999999,56.21268197130361,0.4055716445293457,-83.64146552846078,0.9999996423721312,-1,0.0,8.665248,1.709335,usv,m6fm6
noise_133_auto_accept_Cluster_3_131218_1000_m2fm2_chunk_127_1p870s.png,133,auto_accept,Cluster_3,131218_1000_m2fm2_chunk_127,1.8696533333333327,1.97632,0.0901999999999998,68.63636363636363,0.466629303259216,-81.30531831356818,0.9996623992919922,-1,0.0,8.580889,0.52037245,usv,m2fm2
noise_134_auto_accept_Cluster_3_131204_1400_m6fm6_chunk_273_1p609s.png,134,auto_accept,Cluster_3,131204_1400_m6fm6_chunk_273,1.6093866666666667,1.8312533333333327,0.1896,69.29249879873711,0.4263071668838842,-80.2872671231996,0.999858021736145,-1,0.0,8.748874,-0.3828831,usv,m6fm6
noise_135_auto_accept_Cluster_3_131211_1000_m3fm1_chunk_018_0p794s.png,135,auto_accept,Cluster_3,131211_1000_m3fm1_chunk_018,0.7944533333333333,0.87552,0.0476666666666666,72.91666666666667,0.601535543276092,-83.31103656360789,0.9983686804771424,-1,0.0,5.331472,-0.1132307,usv,m3fm1
noise_136_auto_accept_Cluster_3_131218_1000_m3fm3_chunk_191_1p097s.png,136,auto_accept,Cluster_3,131218_1000_m3fm3_chunk_191,1.0973866666666667,1.2765866666666668,0.0866200000000001,65.65420560747663,0.2802190696733803,-87.9449367872892,0.9999476671218872,-1,0.0,5.7958913,2.8144588,usv,m3fm3
noise_137_auto_accept_Cluster_3_131208_1000_m6fm6_chunk_026_1p370s.png,137,auto_accept,Cluster_3,131208_1000_m6fm6_chunk_026,1.3704533333333333,1.47712,0.0687499999999998,72.12936162850964,0.500820361151717,-79.5141795782549,0.9996495246887208,-1,0.0,5.511816,-1.1291386,usv,m6fm6
noise_138_auto_accept_Cluster_3_131211_1000_m5fm5_chunk_060_0p871s.png,138,auto_accept,Cluster_3,131211_1000_m5fm5_chunk_060,0.8712533333333333,1.05472,0.15624,63.95759599891953,0.4082711906546328,-84.33783390933239,0.99996817111969,-1,0.0,8.064918,-0.9708916,usv,m5fm5
noise_139_auto_accept_Cluster_3_131210_1000_m6fm6_chunk_308_0p039s.png,139,auto_accept,Cluster_3,131210_1000_m6fm6_chunk_308,0.0392533333333333,0.10752,0.01716,67.04545454545455,0.266501651605315,-89.22990611452673,0.9988825917243958,-1,0.0,3.4859202,3.7061548,usv,m6fm6
noise_140_auto_accept_Cluster_3_131204_1400_m1fm1_chunk_062_0p841s.png,140,auto_accept,Cluster_3,131204_1400_m1fm1_chunk_062,0.8413866666666666,0.9096533333333332,0.0378399999999999,83.52272727272728,0.2847169727792208,-89.34269582631016,0.9791295528411864,-1,0.0,2.0970025,4.354003,usv,m1fm1
noise_141_auto_accept_Cluster_1_131210_1000_m4fm1_chunk_049_1p503s.png,141,auto_accept,Cluster_1,131210_1000_m4fm1_chunk_049,1.50272,1.60512,0.0783533333333332,76.17524185890386,0.3806062335706755,-84.48939516046748,0.9991801381111144,-1,0.0,7.10831,2.3302286,usv,m4fm1
noise_142_auto_accept_Cluster_1_131210_1000_m2fm4_chunk_017_1p857s.png,142,auto_accept,Cluster_1,131210_1000_m2fm4_chunk_017,1.8568533333333328,1.9336533333333328,0.0405999999999999,71.07142857142857,0.4487537847012809,-80.32232885410316,0.9995298385620116,-1,0.0,5.044733,1.7510705,usv,m2fm4
noise_143_auto_accept_Cluster_1_131205_1000_m2fm2_chunk_171_1p196s.png,143,auto_accept,Cluster_1,131205_1000_m2fm2_chunk_171,1.19552,1.23392,0.0035933333333333,99.24242424242424,0.244703736374974,-94.55327403869632,0.9927741289138794,-1,0.0,8.555055,10.1971655,usv,m2fm2
noise_144_auto_accept_Cluster_1_131204_1400_m5fm5_chunk_058_1p622s.png,144,auto_accept,Cluster_1,131204_1400_m5fm5_chunk_058,1.6221866666666669,1.74592,0.0802399999999998,75.56179775280899,0.3743524904436413,-83.30836259674601,0.9992770552635192,-1,0.0,4.550692,-0.04169947,usv,m5fm5
noise_145_auto_accept_Cluster_1_131208_1000_m1fm1_chunk_270_0p752s.png,145,auto_accept,Cluster_1,131208_1000_m1fm1_chunk_270,0.7517866666666667,0.99072,0.1795799999999999,75.51382849920145,0.2476922050492219,-92.43708246813516,0.983205258846283,-1,0.0,9.967186,1.7249027,noise,m1fm1
noise_146_auto_accept_Cluster_1_131204_1800_m2fm2_chunk_114_1p554s.png,146,auto_accept,Cluster_1,131204_1800_m2fm2_chunk_114,1.55392,1.59232,0.0052266666666667,79.54545454545455,0.3999964030498898,-84.60535512797009,0.9212941527366638,-1,0.0,3.3374586,3.0848594,usv,m2fm2
noise_147_auto_accept_Cluster_1_131205_1400_m6fm6_chunk_035_1p285s.png,147,auto_accept,Cluster_1,131205_1400_m6fm6_chunk_035,1.28512,1.4429866666666666,0.1253333333333333,65.7477813037767,0.4170524356914653,-81.7743072347531,0.9999284744262696,-1,0.0,8.754048,1.2961928,usv,m6fm6
noise_148_auto_accept_Cluster_1_131211_1000_m5fm5_chunk_025_0p556s.png,148,auto_accept,Cluster_1,131211_1000_m5fm5_chunk_025,0.55552,0.6365866666666666,0.0484799999999999,78.64583333333334,0.6331473145650107,-75.92130432587808,0.9964922070503236,-1,0.0,4.3113666,-0.80637914,usv,m5fm5
noise_149_auto_accept_Cluster_1_131208_1000_m2fm2_chunk_011_1p178s.png,149,auto_accept,Cluster_1,131208_1000_m2fm2_chunk_011,1.1784533333333334,1.2637866666666666,0.04214,71.62162162162163,0.4314356555149774,-83.37584614180032,0.999089241027832,-1,0.0,6.574334,3.9550908,usv,m2fm2
noise_150_auto_accept_Cluster_1_131205_1400_m4fm4_chunk_020_0p718s.png,150,auto_accept,Cluster_1,131205_1400_m4fm4_chunk_020,0.7176533333333334,0.8328533333333333,0.08664,72.09302325581395,0.3905765239018217,-83.81466843317759,0.9994632601737976,-1,0.0,6.3031816,0.73974437,usv,m4fm4
noise_151_auto_accept_Cluster_23_131212_1000_m2fm3_chunk_237_1p221s.png,151,auto_accept,Cluster_23,131212_1000_m2fm3_chunk_237,1.22112,1.34912,0.0857999999999998,54.005524861878456,0.2401309702218792,-93.00302192806436,0.9998571872711182,-1,0.0,10.358152,4.553248,usv,m2fm3
noise_152_auto_accept_Cluster_23_131205_1400_m4fm4_chunk_026_1p878s.png,152,auto_accept,Cluster_23,131205_1400_m4fm4_chunk_026,1.878186666666667,1.97632,0.0811166666666667,69.75615998537914,0.4101532179263403,-82.76945404459748,0.9999680519104004,-1,0.0,7.52692,-0.19068298,usv,m4fm4
noise_153_auto_accept_Cluster_23_131204_1400_m2fm2_chunk_031_1p196s.png,153,auto_accept,Cluster_23,131204_1400_m2fm2_chunk_031,1.19552,1.3149866666666667,0.0719199999999999,67.2156525705166,0.3594599329837762,-85.21061620027258,0.9995539784431458,-1,0.0,10.485467,0.77655894,usv,m2fm2
noise_154_auto_accept_Cluster_23_131218_1000_m2fm2_chunk_052_0p504s.png,154,auto_accept,Cluster_23,131218_1000_m2fm2_chunk_052,0.50432,0.6109866666666667,0.07205,71.36363636363636,0.2314550892614419,-86.21832548306618,0.9733911752700806,-1,0.0,6.9988313,3.2436237,usv,m2fm2
noise_155_auto_accept_Cluster_23_131217_1400_m2fm4_chunk_032_0p991s.png,155,auto_accept,Cluster_23,131217_1400_m2fm4_chunk_032,0.99072,1.1400533333333334,0.1007500000000001,62.80376689757561,0.4092966398226842,-83.86324864102508,0.9999758005142212,-1,0.0,9.942301,3.1370888,usv,m2fm4
noise_156_auto_accept_Cluster_23_131205_1800_m3fm3_chunk_019_1p618s.png,156,auto_accept,Cluster_23,131205_1800_m3fm3_chunk_019,1.61792,1.7032533333333333,0.05929,66.72744711181224,0.4305846477443515,-82.74454348421813,0.9994332194328308,-1,0.0,6.9424653,-0.24052852,usv,m3fm3
noise_157_auto_accept_Cluster_23_131210_1000_m3fm2_chunk_069_0p816s.png,157,auto_accept,Cluster_23,131210_1000_m3fm2_chunk_069,0.8157866666666667,0.9608533333333332,0.1196933333333333,72.34142242875868,0.2484316776608539,-90.26686438450672,0.9999409914016724,-1,0.0,6.7804947,1.2122285,usv,m3fm2
noise_158_auto_accept_Cluster_23_131204_1400_m2fm2_chunk_053_1p306s.png,158,auto_accept,Cluster_23,131204_1400_m2fm2_chunk_053,1.3064533333333332,1.4557866666666666,0.10985,81.15384615384615,0.3104677082267257,-87.87471803449574,0.9992647767066956,-1,0.0,6.6040263,1.6847051,usv,m2fm2
noise_159_auto_accept_Cluster_23_131217_1400_m2fm4_chunk_013_0p654s.png,159,auto_accept,Cluster_23,131217_1400_m2fm4_chunk_013,0.6536533333333333,0.82432,0.1469866666666667,57.502072176211264,0.269763497317682,-90.59118001179584,0.9999282360076904,-1,0.0,10.504307,3.0114825,usv,m2fm4
noise_160_auto_accept_Cluster_23_131205_1000_m3fm3_chunk_027_0p325s.png,160,auto_accept,Cluster_23,131205_1000_m3fm3_chunk_027,0.32512,0.49152,0.12915,58.13106796116505,0.3023928451293021,-86.45115895250673,0.999927282333374,-1,0.0,10.892066,1.7433773,usv,m3fm3
noise_161_auto_accept_Cluster_15_131205_1000_m2fm2_chunk_028_1p144s.png,161,auto_accept,Cluster_15,131205_1000_m2fm2_chunk_028,1.14432,1.3405866666666666,0.1724533333333333,72.72123633831946,0.3972372828021687,-81.61160518223883,0.9998076558113098,-1,0.0,9.006594,0.65009284,usv,m2fm2
noise_162_auto_accept_Cluster_15_131205_1000_m1fm1_chunk_162_0p526s.png,162,auto_accept,Cluster_15,131205_1000_m1fm1_chunk_162,0.5256533333333333,0.6109866666666667,0.0636999999999999,71.62162162162161,0.2510827780672384,-92.98862952901412,0.9172293543815612,-1,0.0,5.290275,1.7115469,noise,m1fm1
noise_163_auto_accept_Cluster_15_131205_1000_m4fm4_chunk_063_1p520s.png,163,auto_accept,Cluster_15,131205_1000_m4fm4_chunk_063,1.5197866666666666,1.6093866666666667,0.0509999999999999,70.6953642384106,0.3149668794748573,-88.37328428047157,0.999303936958313,-1,0.0,1.9461411,1.3336093,usv,m4fm4
noise_164_auto_accept_Cluster_15_131204_1400_m4fm4_chunk_243_0p180s.png,164,auto_accept,Cluster_15,131204_1400_m4fm4_chunk_243,0.1800533333333333,0.24832,0.0396,71.5909090909091,0.3395890771166195,-86.95369853954719,0.9998334646224976,-1,0.0,2.813918,2.0641375,usv,m4fm4
noise_165_auto_accept_Cluster_15_131210_1000_m2fm4_chunk_240_0p799s.png,165,auto_accept,Cluster_15,131210_1000_m2fm4_chunk_240,0.79872,0.92672,0.0822,69.27981537538457,0.2838782341097877,-88.96703476747852,0.9998668432235718,-1,0.0,4.8643537,0.62697476,usv,m2fm4
noise_166_auto_accept_Cluster_15_131204_1400_m5fm5_chunk_070_1p870s.png,166,auto_accept,Cluster_15,131204_1400_m5fm5_chunk_070,1.8696533333333327,1.97632,0.0847,73.18181818181819,0.3288383987989599,-86.44402406002966,0.9994902610778807,-1,0.0,6.8524156,3.7744718,usv,m5fm5
noise_167_auto_accept_Cluster_15_131210_1000_m6fm6_chunk_069_1p844s.png,167,auto_accept,Cluster_15,131210_1000_m6fm6_chunk_069,1.844053333333333,1.96352,0.0864199999999999,73.73294060580682,0.3599709921937992,-86.43461016049235,0.9997389912605286,-1,0.0,7.3839426,2.4135184,usv,m6fm6
noise_168_auto_accept_Cluster_15_131208_1000_m6fm6_chunk_047_0p701s.png,168,auto_accept,Cluster_15,131208_1000_m6fm6_chunk_047,0.7005866666666667,0.8029866666666666,0.0660099999999999,74.2071738251502,0.4534920212252679,-83.33120502925547,0.9970130920410156,-1,0.0,4.574534,-0.41285595,usv,m6fm6
noise_169_auto_accept_Cluster_15_131208_1400_m2fm2_chunk_041_1p669s.png,169,auto_accept,Cluster_15,131208_1400_m2fm2_chunk_041,1.66912,1.8013866666666667,0.0994299999999999,77.17391304347825,0.3869236217658403,-83.80704598125381,0.9998881816864014,-1,0.0,4.669245,-0.15360235,usv,m2fm2
noise_170_auto_accept_Cluster_15_131217_1400_m2fm4_chunk_068_0p807s.png,170,auto_accept,Cluster_15,131217_1400_m2fm4_chunk_068,0.8072533333333334,0.93952,0.10065,74.027835394211,0.3951504037061177,-80.92398323285056,0.9973887801170348,-1,0.0,9.34441,1.0215931,usv,m2fm4
noise_171_auto_accept_Cluster_18_131217_1400_m6fm6_chunk_023_1p895s.png,171,auto_accept,Cluster_18,131217_1400_m6fm6_chunk_023,1.8952533333333328,1.9677866666666664,0.0403466666666665,60.294117647058826,0.3068578938074897,-89.03241569094033,0.9994761347770692,-1,0.0,6.4907975,2.9153206,usv,m6fm6
noise_172_auto_accept_Cluster_18_131210_1000_m6fm6_chunk_017_1p452s.png,172,auto_accept,Cluster_18,131210_1000_m6fm6_chunk_017,1.45152,1.6008533333333332,0.1228500000000001,71.92307692307693,0.5096726075845784,-77.57753116189245,0.9999793767929076,-1,0.0,5.5977893,-1.7845991,usv,m6fm6
noise_173_auto_accept_Cluster_18_131212_1000_m4fm3_chunk_047_0p428s.png,173,auto_accept,Cluster_18,131212_1000_m4fm3_chunk_047,0.42752,0.5341866666666667,0.0715,67.91923990547019,0.4066737217666259,-85.61640241575522,0.9990367889404296,-1,0.0,7.994436,0.55697906,usv,m4fm3
noise_174_auto_accept_Cluster_18_131211_1000_m4fm2_chunk_271_0p078s.png,174,auto_accept,Cluster_18,131211_1000_m4fm2_chunk_271,0.0776533333333333,0.1288533333333333,0.0026599999999999,36.08695652173913,0.2277972543992183,-96.15815949681392,0.9618964195251464,-1,0.0,5.8291836,9.687799,usv,m4fm2
noise_175_auto_accept_Cluster_18_131204_1400_m6fm6_chunk_027_1p221s.png,175,auto_accept,Cluster_18,131204_1400_m6fm6_chunk_027,1.22112,1.327786666666667,0.0626999999999999,73.18181818181819,0.4647152077624555,-80.16790894350203,0.999995231628418,-1,0.0,5.5323267,-0.33324346,usv,m6fm6
noise_176_auto_accept_Cluster_18_131212_1000_m4fm3_chunk_012_0p773s.png,176,auto_accept,Cluster_18,131212_1000_m4fm3_chunk_012,0.77312,0.86272,0.0554999999999999,68.70860927152319,0.4521628011248562,-82.94912121472642,0.9997960925102234,-1,0.0,8.34104,0.44179353,usv,m4fm3
noise_177_auto_accept_Cluster_18_131204_1800_m2fm2_chunk_032_1p140s.png,177,auto_accept,Cluster_18,131204_1800_m2fm2_chunk_032,1.1400533333333334,1.36192,0.1911799999999999,66.19199607645002,0.4588581087195025,-77.01725403190837,0.9999994039535522,-1,0.0,9.796088,-0.45331952,usv,m2fm2
noise_178_auto_accept_Cluster_18_131211_1800_m4fm2_chunk_097_1p720s.png,178,auto_accept,Cluster_18,131211_1800_m4fm2_chunk_097,1.72032,1.9165866666666669,0.1590733333333334,59.13637238411575,0.3645735994757152,-85.6374140092576,0.9999982118606568,-1,0.0,10.684699,0.47084022,usv,m4fm2
noise_179_auto_accept_Cluster_18_131217_1400_m2fm4_chunk_170_1p827s.png,179,auto_accept,Cluster_18,131217_1400_m2fm4_chunk_170,1.8269866666666668,1.97632,0.0903500000000001,62.3455050953111,0.4388214750750693,-81.91195043746725,0.9979777932167052,-1,0.0,9.63415,0.60784054,usv,m2fm4
noise_180_auto_accept_Cluster_18_131211_1800_m4fm2_chunk_110_0p957s.png,180,auto_accept,Cluster_18,131211_1800_m4fm2_chunk_110,0.9565866666666668,1.1656533333333334,0.1786333333333334,60.59598629766798,0.5228169009707484,-77.71597108504598,0.9999996423721312,-1,0.0,10.235657,-1.6600846,usv,m4fm2
noise_181_auto_accept_Cluster_14_131209_1000_m1fm1_chunk_096_0p406s.png,181,auto_accept,Cluster_14,131209_1000_m1fm1_chunk_096,0.4061866666666666,0.5597866666666667,0.1516899999999999,49.24242424242424,0.2358033309257853,-92.53391173477904,0.9326804280281068,-1,0.0,12.046115,1.02864,noise,m1fm1
noise_182_auto_accept_Cluster_14_131211_1000_m2fm1_chunk_152_0p022s.png,182,auto_accept,Cluster_14,131211_1000_m2fm1_chunk_152,0.0221866666666666,0.10752,0.049,50.33783783783784,0.2716194644023457,-97.73406831678136,0.9999862909317015,-1,0.0,10.585749,5.605075,usv,m2fm1
noise_183_auto_accept_Cluster_14_131210_1000_m3fm2_chunk_062_0p858s.png,183,auto_accept,Cluster_14,131210_1000_m3fm2_chunk_062,0.8584533333333333,0.9992533333333332,0.09765,57.74896754206861,0.3253613343350796,-85.73088441771837,0.9999605417251588,-1,0.0,0.5640372,-0.99625325,usv,m3fm2
noise_184_auto_accept_Cluster_14_131208_1000_m4fm4_chunk_035_1p277s.png,184,auto_accept,Cluster_14,131208_1000_m4fm4_chunk_035,1.2765866666666668,1.3448533333333332,0.0356399999999998,51.13636363636364,0.2672333281032637,-91.0908854866993,0.9999699592590332,-1,0.0,5.1469035,3.4700449,usv,m4fm4
noise_185_auto_accept_Cluster_14_131211_1800_m1fm4_chunk_076_1p618s.png,185,auto_accept,Cluster_14,131211_1800_m1fm4_chunk_076,1.61792,1.7032533333333333,0.0284200000000001,51.35135135135136,0.2282104197514407,-96.06587658277016,0.9991193413734436,-1,0.0,10.886394,5.3770666,usv,m1fm4
noise_186_auto_accept_Cluster_14_131211_1000_m5fm5_chunk_181_0p103s.png,186,auto_accept,Cluster_14,131211_1000_m5fm5_chunk_181,0.1032533333333333,0.19712,0.06776,53.06451612903226,0.3224352261424652,-89.21677894701921,0.9999498128890992,-1,0.0,-0.30970803,-1.1106526,usv,m5fm5
noise_187_auto_accept_Cluster_14_131211_1800_m1fm4_chunk_157_0p270s.png,187,auto_accept,Cluster_14,131211_1800_m1fm4_chunk_157,0.2696533333333333,0.3592533333333333,0.005,49.83443708609271,0.2183621192358603,-98.9110778066947,0.974517285823822,-1,0.0,10.231621,5.6876917,usv,m1fm4
noise_188_auto_accept_Cluster_14_131211_1800_m1fm4_chunk_310_0p359s.png,188,auto_accept,Cluster_14,131211_1800_m1fm4_chunk_310,0.3592533333333333,0.4104533333333333,0.01102,47.173913043478265,0.1853846938440311,-102.58194697009114,0.980517327785492,-1,0.0,10.374965,5.8008804,noise,m1fm4
noise_189_auto_accept_Cluster_14_131208_1000_m1fm1_chunk_274_1p353s.png,189,auto_accept,Cluster_14,131208_1000_m1fm1_chunk_274,1.3533866666666667,1.42592,0.0421599999999999,50.367647058823536,0.2735037303687703,-93.4289564516967,0.9999099969863892,-1,0.0,10.500712,5.6868844,usv,m1fm1
noise_190_auto_accept_Cluster_14_131210_1000_m2fm4_chunk_010_0p022s.png,190,auto_accept,Cluster_14,131210_1000_m2fm4_chunk_010,0.0221866666666666,0.1373866666666666,0.09519,51.16279069767442,0.3523975703171135,-84.4521564577577,0.9999991655349731,-1,0.0,13.160876,-0.92135763,usv,m2fm4
noise_191_auto_accept_Cluster_21_131218_1000_m4fm4_chunk_023_1p575s.png,191,auto_accept,Cluster_21,131218_1000_m4fm4_chunk_023,1.5752533333333334,1.69472,0.1014999999999999,69.57142857142856,0.4406495854353943,-78.70385608308037,0.999895453453064,-1,0.0,9.467338,1.2314053,usv,m4fm4
noise_192_auto_accept_Cluster_21_131204_1400_m4fm4_chunk_262_1p844s.png,192,auto_accept,Cluster_21,131204_1400_m4fm4_chunk_262,1.844053333333333,1.9293866666666664,0.0499799999999999,74.66216216216216,0.3169088562161102,-87.21996246440231,0.9998915195465088,-1,0.0,8.037503,3.1326702,usv,m4fm4
noise_193_auto_accept_Cluster_21_131208_1000_m6fm6_chunk_115_1p089s.png,193,auto_accept,Cluster_21,131208_1000_m6fm6_chunk_115,1.0888533333333332,1.2040533333333334,0.08094,74.70930232558138,0.3728763676262845,-84.50812514815797,0.9998372793197632,-1,0.0,4.487978,0.12348389,usv,m6fm6
noise_194_auto_accept_Cluster_21_131211_1000_m4fm2_chunk_158_0p871s.png,194,auto_accept,Cluster_21,131211_1000_m4fm2_chunk_158,0.8712533333333333,0.96512,0.0667333333333333,71.73205412034105,0.3667862809549432,-90.6391651259795,0.999710738658905,-1,0.0,9.866905,1.7356124,usv,m4fm2
noise_195_auto_accept_Cluster_21_131204_1400_m4fm4_chunk_300_1p964s.png,195,auto_accept,Cluster_21,131204_1400_m4fm4_chunk_300,1.96352,1.97632,0.00285,71.55172413793103,0.1859497559108037,-101.94316077417125,0.921754777431488,-1,0.0,7.765671,10.495299,noise,m4fm4
noise_196_auto_accept_Cluster_21_131205_1400_m3fm3_chunk_030_0p022s.png,196,auto_accept,Cluster_21,131205_1400_m3fm3_chunk_030,0.0221866666666666,0.05632,0.01054,68.08510638297872,0.4568053377487508,-83.33333146681625,0.9952079653739928,-1,0.0,3.144539,2.260357,usv,m3fm3
noise_197_auto_accept_Cluster_21_131208_1000_m4fm4_chunk_219_1p575s.png,197,auto_accept,Cluster_21,131208_1000_m4fm4_chunk_219,1.5752533333333334,1.6520533333333334,0.0443333333333333,75.35714285714286,0.3759318348260944,-85.79550931321437,0.9998693466186525,-1,0.0,5.3732824,2.9903147,usv,m4fm4
noise_198_auto_accept_Cluster_21_131204_1800_m6fm6_chunk_114_0p739s.png,198,auto_accept,Cluster_21,131204_1800_m6fm6_chunk_114,0.7389866666666667,0.8797866666666667,0.10899,72.6163079463774,0.3107836480601836,-86.80574185499607,0.9999598264694214,-1,0.0,6.1219163,0.8998511,usv,m6fm6
noise_199_auto_accept_Cluster_21_131205_1400_m6fm6_chunk_025_0p346s.png,199,auto_accept,Cluster_21,131205_1400_m6fm6_chunk_025,0.3464533333333333,0.4317866666666666,0.04998,74.66216216216216,0.3426586479466658,-86.6895238203698,0.9994346499443054,-1,0.0,4.682415,2.0401094,usv,m6fm6
noise_200_auto_accept_Cluster_21_131204_1400_m6fm6_chunk_067_1p281s.png,200,auto_accept,Cluster_21,131204_1400_m6fm6_chunk_067,1.2808533333333334,1.3789866666666666,0.0685566666666666,73.41772151898735,0.5179447302918713,-77.09942558001264,0.998862624168396,-1,0.0,7.038366,-1.41187,usv,m6fm6
