candidate_id,spectrogram_path,label,source_file,sample_type
neg_random_00000,neg_random_00000.png,Not USV,2024-09-30_11-18-17_0000001.wav,random
neg_random_00001,neg_random_00001.png,Not USV,2024-09-30_11-18-17_0000001.wav,random
neg_random_00002,neg_random_00002.png,Not USV,2024-09-30_11-18-17_0000001.wav,random
neg_random_00003,neg_random_00003.png,Not USV,2024-09-30_11-18-17_0000001.wav,random
neg_random_00004,neg_random_00004.png,Not USV,2024-09-30_11-18-17_0000001.wav,random
neg_random_00005,neg_random_00005.png,Not USV,2024-09-30_11-18-17_0000001.wav,random
neg_random_00006,neg_random_00006.png,Not USV,2024-09-30_11-18-17_0000001.wav,random
neg_random_00007,neg_random_00007.png,Not USV,2024-09-30_11-18-17_0000001.wav,random
neg_random_00008,neg_random_00008.png,Not USV,2024-09-30_11-18-17_0000001.wav,random
neg_random_00009,neg_random_00009.png,Not USV,2024-09-30_11-18-17_0000001.wav,random
neg_random_00010,neg_random_00010.png,Not USV,2024-09-30_11-18-25_0000002.wav,random
neg_random_00011,neg_random_00011.png,Not USV,2024-09-30_11-18-25_0000002.wav,random
neg_random_00012,neg_random_00012.png,Not USV,2024-09-30_11-18-25_0000002.wav,random
neg_random_00013,neg_random_00013.png,Not USV,2024-09-30_11-18-25_0000002.wav,random
neg_random_00014,neg_random_00014.png,Not USV,2024-09-30_11-18-25_0000002.wav,random
neg_random_00015,neg_random_00015.png,Not USV,2024-09-30_11-18-25_0000002.wav,random
neg_random_00016,neg_random_00016.png,Not USV,2024-09-30_11-18-25_0000002.wav,random
neg_random_00017,neg_random_00017.png,Not USV,2024-09-30_11-18-25_0000002.wav,random
neg_random_00018,neg_random_00018.png,Not USV,2024-09-30_11-18-25_0000002.wav,random
neg_random_00019,neg_random_00019.png,Not USV,2024-09-30_11-18-25_0000002.wav,random
neg_random_00020,neg_random_00020.png,Not USV,2024-09-30_11-18-27_0000003.wav,random
neg_random_00021,neg_random_00021.png,Not USV,2024-09-30_11-18-27_0000003.wav,random
neg_random_00022,neg_random_00022.png,Not USV,2024-09-30_11-18-27_0000003.wav,random
neg_random_00023,neg_random_00023.png,Not USV,2024-09-30_11-18-27_0000003.wav,random
neg_random_00024,neg_random_00024.png,Not USV,2024-09-30_11-18-27_0000003.wav,random
neg_random_00025,neg_random_00025.png,Not USV,2024-09-30_11-18-27_0000003.wav,random
neg_random_00026,neg_random_00026.png,Not USV,2024-09-30_11-18-27_0000003.wav,random
neg_random_00027,neg_random_00027.png,Not USV,2024-09-30_11-18-27_0000003.wav,random
neg_random_00028,neg_random_00028.png,Not USV,2024-09-30_11-18-27_0000003.wav,random
neg_random_00029,neg_random_00029.png,Not USV,2024-09-30_11-18-27_0000003.wav,random
neg_random_00030,neg_random_00030.png,Not USV,2024-09-30_11-18-34_0000004.wav,random
neg_random_00031,neg_random_00031.png,Not USV,2024-09-30_11-18-34_0000004.wav,random
neg_random_00032,neg_random_00032.png,Not USV,2024-09-30_11-18-34_0000004.wav,random
neg_random_00033,neg_random_00033.png,Not USV,2024-09-30_11-18-34_0000004.wav,random
neg_random_00034,neg_random_00034.png,Not USV,2024-09-30_11-18-34_0000004.wav,random
neg_random_00035,neg_random_00035.png,Not USV,2024-09-30_11-18-34_0000004.wav,random
neg_random_00036,neg_random_00036.png,Not USV,2024-09-30_11-18-34_0000004.wav,random
neg_random_00037,neg_random_00037.png,Not USV,2024-09-30_11-18-34_0000004.wav,random
neg_random_00038,neg_random_00038.png,Not USV,2024-09-30_11-18-34_0000004.wav,random
neg_random_00039,neg_random_00039.png,Not USV,2024-09-30_11-18-34_0000004.wav,random
neg_random_00040,neg_random_00040.png,Not USV,2024-09-30_11-18-52_0000005.wav,random
neg_random_00041,neg_random_00041.png,Not USV,2024-09-30_11-18-52_0000005.wav,random
neg_random_00042,neg_random_00042.png,Not USV,2024-09-30_11-18-52_0000005.wav,random
neg_random_00043,neg_random_00043.png,Not USV,2024-09-30_11-18-52_0000005.wav,random
neg_random_00044,neg_random_00044.png,Not USV,2024-09-30_11-18-52_0000005.wav,random
neg_random_00045,neg_random_00045.png,Not USV,2024-09-30_11-18-52_0000005.wav,random
neg_random_00046,neg_random_00046.png,Not USV,2024-09-30_11-18-52_0000005.wav,random
neg_random_00047,neg_random_00047.png,Not USV,2024-09-30_11-18-52_0000005.wav,random
neg_random_00048,neg_random_00048.png,Not USV,2024-09-30_11-18-52_0000005.wav,random
neg_random_00049,neg_random_00049.png,Not USV,2024-09-30_11-18-52_0000005.wav,random
neg_random_00050,neg_random_00050.png,Not USV,2024-09-30_11-18-57_0000006.wav,random
neg_random_00051,neg_random_00051.png,Not USV,2024-09-30_11-18-57_0000006.wav,random
neg_random_00052,neg_random_00052.png,Not USV,2024-09-30_11-18-57_0000006.wav,random
neg_random_00053,neg_random_00053.png,Not USV,2024-09-30_11-18-57_0000006.wav,random
neg_random_00054,neg_random_00054.png,Not USV,2024-09-30_11-18-57_0000006.wav,random
neg_random_00055,neg_random_00055.png,Not USV,2024-09-30_11-18-57_0000006.wav,random
neg_random_00056,neg_random_00056.png,Not USV,2024-09-30_11-18-57_0000006.wav,random
neg_random_00057,neg_random_00057.png,Not USV,2024-09-30_11-18-57_0000006.wav,random
neg_random_00058,neg_random_00058.png,Not USV,2024-09-30_11-18-57_0000006.wav,random
neg_random_00059,neg_random_00059.png,Not USV,2024-09-30_11-18-57_0000006.wav,random
neg_random_00060,neg_random_00060.png,Not USV,2024-09-30_11-19-00_0000007.wav,random
neg_random_00061,neg_random_00061.png,Not USV,2024-09-30_11-19-00_0000007.wav,random
neg_random_00062,neg_random_00062.png,Not USV,2024-09-30_11-19-00_0000007.wav,random
neg_random_00063,neg_random_00063.png,Not USV,2024-09-30_11-19-00_0000007.wav,random
neg_random_00064,neg_random_00064.png,Not USV,2024-09-30_11-19-00_0000007.wav,random
neg_random_00065,neg_random_00065.png,Not USV,2024-09-30_11-19-00_0000007.wav,random
neg_random_00066,neg_random_00066.png,Not USV,2024-09-30_11-19-00_0000007.wav,random
neg_random_00067,neg_random_00067.png,Not USV,2024-09-30_11-19-00_0000007.wav,random
neg_random_00068,neg_random_00068.png,Not USV,2024-09-30_11-19-00_0000007.wav,random
neg_random_00069,neg_random_00069.png,Not USV,2024-09-30_11-19-00_0000007.wav,random
neg_random_00070,neg_random_00070.png,Not USV,2024-09-30_11-19-09_0000008.wav,random
neg_random_00071,neg_random_00071.png,Not USV,2024-09-30_11-19-09_0000008.wav,random
neg_random_00072,neg_random_00072.png,Not USV,2024-09-30_11-19-09_0000008.wav,random
neg_random_00073,neg_random_00073.png,Not USV,2024-09-30_11-19-09_0000008.wav,random
neg_random_00074,neg_random_00074.png,Not USV,2024-09-30_11-19-09_0000008.wav,random
neg_random_00075,neg_random_00075.png,Not USV,2024-09-30_11-19-09_0000008.wav,random
neg_random_00076,neg_random_00076.png,Not USV,2024-09-30_11-19-09_0000008.wav,random
neg_random_00077,neg_random_00077.png,Not USV,2024-09-30_11-19-09_0000008.wav,random
neg_random_00078,neg_random_00078.png,Not USV,2024-09-30_11-19-09_0000008.wav,random
neg_random_00079,neg_random_00079.png,Not USV,2024-09-30_11-19-09_0000008.wav,random
neg_random_00080,neg_random_00080.png,Not USV,2024-09-30_11-19-12_0000009.wav,random
neg_random_00081,neg_random_00081.png,Not USV,2024-09-30_11-19-12_0000009.wav,random
neg_random_00082,neg_random_00082.png,Not USV,2024-09-30_11-19-12_0000009.wav,random
neg_random_00083,neg_random_00083.png,Not USV,2024-09-30_11-19-12_0000009.wav,random
neg_random_00084,neg_random_00084.png,Not USV,2024-09-30_11-19-12_0000009.wav,random
neg_random_00085,neg_random_00085.png,Not USV,2024-09-30_11-19-12_0000009.wav,random
neg_random_00086,neg_random_00086.png,Not USV,2024-09-30_11-19-12_0000009.wav,random
neg_random_00087,neg_random_00087.png,Not USV,2024-09-30_11-19-12_0000009.wav,random
neg_random_00088,neg_random_00088.png,Not USV,2024-09-30_11-19-12_0000009.wav,random
neg_random_00089,neg_random_00089.png,Not USV,2024-09-30_11-19-12_0000009.wav,random
neg_random_00090,neg_random_00090.png,Not USV,2024-09-30_11-19-15_0000010.wav,random
neg_random_00091,neg_random_00091.png,Not USV,2024-09-30_11-19-15_0000010.wav,random
neg_random_00092,neg_random_00092.png,Not USV,2024-09-30_11-19-15_0000010.wav,random
neg_random_00093,neg_random_00093.png,Not USV,2024-09-30_11-19-15_0000010.wav,random
neg_random_00094,neg_random_00094.png,Not USV,2024-09-30_11-19-15_0000010.wav,random
neg_random_00095,neg_random_00095.png,Not USV,2024-09-30_11-19-15_0000010.wav,random
neg_random_00096,neg_random_00096.png,Not USV,2024-09-30_11-19-15_0000010.wav,random
neg_random_00097,neg_random_00097.png,Not USV,2024-09-30_11-19-15_0000010.wav,random
neg_random_00098,neg_random_00098.png,Not USV,2024-09-30_11-19-15_0000010.wav,random
neg_random_00099,neg_random_00099.png,Not USV,2024-09-30_11-19-15_0000010.wav,random
neg_random_00100,neg_random_00100.png,Not USV,2024-09-30_11-19-16_0000011.wav,random
neg_random_00101,neg_random_00101.png,Not USV,2024-09-30_11-19-16_0000011.wav,random
neg_random_00102,neg_random_00102.png,Not USV,2024-09-30_11-19-16_0000011.wav,random
neg_random_00103,neg_random_00103.png,Not USV,2024-09-30_11-19-16_0000011.wav,random
neg_random_00104,neg_random_00104.png,Not USV,2024-09-30_11-19-16_0000011.wav,random
neg_random_00105,neg_random_00105.png,Not USV,2024-09-30_11-19-16_0000011.wav,random
neg_random_00106,neg_random_00106.png,Not USV,2024-09-30_11-19-16_0000011.wav,random
neg_random_00107,neg_random_00107.png,Not USV,2024-09-30_11-19-16_0000011.wav,random
neg_random_00108,neg_random_00108.png,Not USV,2024-09-30_11-19-16_0000011.wav,random
neg_random_00109,neg_random_00109.png,Not USV,2024-09-30_11-19-16_0000011.wav,random
neg_random_00110,neg_random_00110.png,Not USV,2024-09-30_11-19-19_0000012.wav,random
neg_random_00111,neg_random_00111.png,Not USV,2024-09-30_11-19-19_0000012.wav,random
neg_random_00112,neg_random_00112.png,Not USV,2024-09-30_11-19-19_0000012.wav,random
neg_random_00113,neg_random_00113.png,Not USV,2024-09-30_11-19-19_0000012.wav,random
neg_random_00114,neg_random_00114.png,Not USV,2024-09-30_11-19-19_0000012.wav,random
neg_random_00115,neg_random_00115.png,Not USV,2024-09-30_11-19-19_0000012.wav,random
neg_random_00116,neg_random_00116.png,Not USV,2024-09-30_11-19-19_0000012.wav,random
neg_random_00117,neg_random_00117.png,Not USV,2024-09-30_11-19-19_0000012.wav,random
neg_random_00118,neg_random_00118.png,Not USV,2024-09-30_11-19-19_0000012.wav,random
neg_random_00119,neg_random_00119.png,Not USV,2024-09-30_11-19-19_0000012.wav,random
neg_random_00120,neg_random_00120.png,Not USV,2024-09-30_11-19-31_0000013.wav,random
neg_random_00121,neg_random_00121.png,Not USV,2024-09-30_11-19-31_0000013.wav,random
neg_random_00122,neg_random_00122.png,Not USV,2024-09-30_11-19-31_0000013.wav,random
neg_random_00123,neg_random_00123.png,Not USV,2024-09-30_11-19-31_0000013.wav,random
neg_random_00124,neg_random_00124.png,Not USV,2024-09-30_11-19-31_0000013.wav,random
neg_random_00125,neg_random_00125.png,Not USV,2024-09-30_11-19-31_0000013.wav,random
neg_random_00126,neg_random_00126.png,Not USV,2024-09-30_11-19-31_0000013.wav,random
neg_random_00127,neg_random_00127.png,Not USV,2024-09-30_11-19-31_0000013.wav,random
neg_random_00128,neg_random_00128.png,Not USV,2024-09-30_11-19-31_0000013.wav,random
neg_random_00129,neg_random_00129.png,Not USV,2024-09-30_11-19-31_0000013.wav,random
neg_random_00130,neg_random_00130.png,Not USV,2024-09-30_11-19-34_0000014.wav,random
neg_random_00131,neg_random_00131.png,Not USV,2024-09-30_11-19-34_0000014.wav,random
neg_random_00132,neg_random_00132.png,Not USV,2024-09-30_11-19-34_0000014.wav,random
neg_random_00133,neg_random_00133.png,Not USV,2024-09-30_11-19-34_0000014.wav,random
neg_random_00134,neg_random_00134.png,Not USV,2024-09-30_11-19-34_0000014.wav,random
neg_random_00135,neg_random_00135.png,Not USV,2024-09-30_11-19-34_0000014.wav,random
neg_random_00136,neg_random_00136.png,Not USV,2024-09-30_11-19-34_0000014.wav,random
neg_random_00137,neg_random_00137.png,Not USV,2024-09-30_11-19-34_0000014.wav,random
neg_random_00138,neg_random_00138.png,Not USV,2024-09-30_11-19-34_0000014.wav,random
neg_random_00139,neg_random_00139.png,Not USV,2024-09-30_11-19-34_0000014.wav,random
neg_random_00140,neg_random_00140.png,Not USV,2024-09-30_11-19-38_0000015.wav,random
neg_random_00141,neg_random_00141.png,Not USV,2024-09-30_11-19-38_0000015.wav,random
neg_random_00142,neg_random_00142.png,Not USV,2024-09-30_11-19-38_0000015.wav,random
neg_random_00143,neg_random_00143.png,Not USV,2024-09-30_11-19-38_0000015.wav,random
neg_random_00144,neg_random_00144.png,Not USV,2024-09-30_11-19-38_0000015.wav,random
neg_random_00145,neg_random_00145.png,Not USV,2024-09-30_11-19-38_0000015.wav,random
neg_random_00146,neg_random_00146.png,Not USV,2024-09-30_11-19-38_0000015.wav,random
neg_random_00147,neg_random_00147.png,Not USV,2024-09-30_11-19-38_0000015.wav,random
neg_random_00148,neg_random_00148.png,Not USV,2024-09-30_11-19-38_0000015.wav,random
neg_random_00149,neg_random_00149.png,Not USV,2024-09-30_11-19-38_0000015.wav,random
neg_random_00150,neg_random_00150.png,Not USV,2024-09-30_11-19-54_0000016.wav,random
neg_random_00151,neg_random_00151.png,Not USV,2024-09-30_11-19-54_0000016.wav,random
neg_random_00152,neg_random_00152.png,Not USV,2024-09-30_11-19-54_0000016.wav,random
neg_random_00153,neg_random_00153.png,Not USV,2024-09-30_11-19-54_0000016.wav,random
neg_random_00154,neg_random_00154.png,Not USV,2024-09-30_11-19-54_0000016.wav,random
neg_random_00155,neg_random_00155.png,Not USV,2024-09-30_11-19-54_0000016.wav,random
neg_random_00156,neg_random_00156.png,Not USV,2024-09-30_11-19-54_0000016.wav,random
neg_random_00157,neg_random_00157.png,Not USV,2024-09-30_11-19-54_0000016.wav,random
neg_random_00158,neg_random_00158.png,Not USV,2024-09-30_11-19-54_0000016.wav,random
neg_random_00159,neg_random_00159.png,Not USV,2024-09-30_11-19-54_0000016.wav,random
neg_random_00160,neg_random_00160.png,Not USV,2024-09-30_11-19-55_0000017.wav,random
neg_random_00161,neg_random_00161.png,Not USV,2024-09-30_11-19-55_0000017.wav,random
neg_random_00162,neg_random_00162.png,Not USV,2024-09-30_11-19-55_0000017.wav,random
neg_random_00163,neg_random_00163.png,Not USV,2024-09-30_11-19-55_0000017.wav,random
neg_random_00164,neg_random_00164.png,Not USV,2024-09-30_11-19-55_0000017.wav,random
neg_random_00165,neg_random_00165.png,Not USV,2024-09-30_11-19-55_0000017.wav,random
neg_random_00166,neg_random_00166.png,Not USV,2024-09-30_11-19-55_0000017.wav,random
neg_random_00167,neg_random_00167.png,Not USV,2024-09-30_11-19-55_0000017.wav,random
neg_random_00168,neg_random_00168.png,Not USV,2024-09-30_11-19-55_0000017.wav,random
neg_random_00169,neg_random_00169.png,Not USV,2024-09-30_11-19-55_0000017.wav,random
neg_random_00170,neg_random_00170.png,Not USV,2024-09-30_11-19-58_0000018.wav,random
neg_random_00171,neg_random_00171.png,Not USV,2024-09-30_11-19-58_0000018.wav,random
neg_random_00172,neg_random_00172.png,Not USV,2024-09-30_11-19-58_0000018.wav,random
neg_random_00173,neg_random_00173.png,Not USV,2024-09-30_11-19-58_0000018.wav,random
neg_random_00174,neg_random_00174.png,Not USV,2024-09-30_11-19-58_0000018.wav,random
neg_random_00175,neg_random_00175.png,Not USV,2024-09-30_11-19-58_0000018.wav,random
neg_random_00176,neg_random_00176.png,Not USV,2024-09-30_11-19-58_0000018.wav,random
neg_random_00177,neg_random_00177.png,Not USV,2024-09-30_11-19-58_0000018.wav,random
neg_random_00178,neg_random_00178.png,Not USV,2024-09-30_11-19-58_0000018.wav,random
neg_random_00179,neg_random_00179.png,Not USV,2024-09-30_11-19-58_0000018.wav,random
neg_random_00180,neg_random_00180.png,Not USV,2024-09-30_11-20-03_0000019.wav,random
neg_random_00181,neg_random_00181.png,Not USV,2024-09-30_11-20-03_0000019.wav,random
neg_random_00182,neg_random_00182.png,Not USV,2024-09-30_11-20-03_0000019.wav,random
neg_random_00183,neg_random_00183.png,Not USV,2024-09-30_11-20-03_0000019.wav,random
neg_random_00184,neg_random_00184.png,Not USV,2024-09-30_11-20-03_0000019.wav,random
neg_random_00185,neg_random_00185.png,Not USV,2024-09-30_11-20-03_0000019.wav,random
neg_random_00186,neg_random_00186.png,Not USV,2024-09-30_11-20-03_0000019.wav,random
neg_random_00187,neg_random_00187.png,Not USV,2024-09-30_11-20-03_0000019.wav,random
neg_random_00188,neg_random_00188.png,Not USV,2024-09-30_11-20-03_0000019.wav,random
neg_random_00189,neg_random_00189.png,Not USV,2024-09-30_11-20-03_0000019.wav,random
neg_random_00190,neg_random_00190.png,Not USV,2024-09-30_11-20-07_0000020.wav,random
neg_random_00191,neg_random_00191.png,Not USV,2024-09-30_11-20-07_0000020.wav,random
neg_random_00192,neg_random_00192.png,Not USV,2024-09-30_11-20-07_0000020.wav,random
neg_random_00193,neg_random_00193.png,Not USV,2024-09-30_11-20-07_0000020.wav,random
neg_random_00194,neg_random_00194.png,Not USV,2024-09-30_11-20-07_0000020.wav,random
neg_random_00195,neg_random_00195.png,Not USV,2024-09-30_11-20-07_0000020.wav,random
neg_random_00196,neg_random_00196.png,Not USV,2024-09-30_11-20-07_0000020.wav,random
neg_random_00197,neg_random_00197.png,Not USV,2024-09-30_11-20-07_0000020.wav,random
neg_random_00198,neg_random_00198.png,Not USV,2024-09-30_11-20-07_0000020.wav,random
neg_random_00199,neg_random_00199.png,Not USV,2024-09-30_11-20-07_0000020.wav,random
neg_random_00200,neg_random_00200.png,Not USV,2024-09-30_11-20-09_0000021.wav,random
neg_random_00201,neg_random_00201.png,Not USV,2024-09-30_11-20-09_0000021.wav,random
neg_random_00202,neg_random_00202.png,Not USV,2024-09-30_11-20-09_0000021.wav,random
neg_random_00203,neg_random_00203.png,Not USV,2024-09-30_11-20-09_0000021.wav,random
neg_random_00204,neg_random_00204.png,Not USV,2024-09-30_11-20-09_0000021.wav,random
neg_random_00205,neg_random_00205.png,Not USV,2024-09-30_11-20-09_0000021.wav,random
neg_random_00206,neg_random_00206.png,Not USV,2024-09-30_11-20-09_0000021.wav,random
neg_random_00207,neg_random_00207.png,Not USV,2024-09-30_11-20-09_0000021.wav,random
neg_random_00208,neg_random_00208.png,Not USV,2024-09-30_11-20-09_0000021.wav,random
neg_random_00209,neg_random_00209.png,Not USV,2024-09-30_11-20-09_0000021.wav,random
neg_random_00210,neg_random_00210.png,Not USV,2024-09-30_11-20-14_0000022.wav,random
neg_random_00211,neg_random_00211.png,Not USV,2024-09-30_11-20-14_0000022.wav,random
neg_random_00212,neg_random_00212.png,Not USV,2024-09-30_11-20-14_0000022.wav,random
neg_random_00213,neg_random_00213.png,Not USV,2024-09-30_11-20-14_0000022.wav,random
neg_random_00214,neg_random_00214.png,Not USV,2024-09-30_11-20-14_0000022.wav,random
neg_random_00215,neg_random_00215.png,Not USV,2024-09-30_11-20-14_0000022.wav,random
neg_random_00216,neg_random_00216.png,Not USV,2024-09-30_11-20-14_0000022.wav,random
neg_random_00217,neg_random_00217.png,Not USV,2024-09-30_11-20-14_0000022.wav,random
neg_random_00218,neg_random_00218.png,Not USV,2024-09-30_11-20-14_0000022.wav,random
neg_random_00219,neg_random_00219.png,Not USV,2024-09-30_11-20-14_0000022.wav,random
neg_random_00220,neg_random_00220.png,Not USV,2024-09-30_11-20-26_0000023.wav,random
neg_random_00221,neg_random_00221.png,Not USV,2024-09-30_11-20-26_0000023.wav,random
neg_random_00222,neg_random_00222.png,Not USV,2024-09-30_11-20-26_0000023.wav,random
neg_random_00223,neg_random_00223.png,Not USV,2024-09-30_11-20-26_0000023.wav,random
neg_random_00224,neg_random_00224.png,Not USV,2024-09-30_11-20-26_0000023.wav,random
neg_random_00225,neg_random_00225.png,Not USV,2024-09-30_11-20-26_0000023.wav,random
neg_random_00226,neg_random_00226.png,Not USV,2024-09-30_11-20-26_0000023.wav,random
neg_random_00227,neg_random_00227.png,Not USV,2024-09-30_11-20-26_0000023.wav,random
neg_random_00228,neg_random_00228.png,Not USV,2024-09-30_11-20-26_0000023.wav,random
neg_random_00229,neg_random_00229.png,Not USV,2024-09-30_11-20-26_0000023.wav,random
neg_random_00230,neg_random_00230.png,Not USV,2024-09-30_11-20-29_0000024.wav,random
neg_random_00231,neg_random_00231.png,Not USV,2024-09-30_11-20-29_0000024.wav,random
neg_random_00232,neg_random_00232.png,Not USV,2024-09-30_11-20-29_0000024.wav,random
neg_random_00233,neg_random_00233.png,Not USV,2024-09-30_11-20-29_0000024.wav,random
neg_random_00234,neg_random_00234.png,Not USV,2024-09-30_11-20-29_0000024.wav,random
neg_random_00235,neg_random_00235.png,Not USV,2024-09-30_11-20-29_0000024.wav,random
neg_random_00236,neg_random_00236.png,Not USV,2024-09-30_11-20-29_0000024.wav,random
neg_random_00237,neg_random_00237.png,Not USV,2024-09-30_11-20-29_0000024.wav,random
neg_random_00238,neg_random_00238.png,Not USV,2024-09-30_11-20-29_0000024.wav,random
neg_random_00239,neg_random_00239.png,Not USV,2024-09-30_11-20-29_0000024.wav,random
neg_random_00240,neg_random_00240.png,Not USV,2024-09-30_11-20-32_0000025.wav,random
neg_random_00241,neg_random_00241.png,Not USV,2024-09-30_11-20-32_0000025.wav,random
neg_random_00242,neg_random_00242.png,Not USV,2024-09-30_11-20-32_0000025.wav,random
neg_random_00243,neg_random_00243.png,Not USV,2024-09-30_11-20-32_0000025.wav,random
neg_random_00244,neg_random_00244.png,Not USV,2024-09-30_11-20-32_0000025.wav,random
neg_random_00245,neg_random_00245.png,Not USV,2024-09-30_11-20-32_0000025.wav,random
neg_random_00246,neg_random_00246.png,Not USV,2024-09-30_11-20-32_0000025.wav,random
neg_random_00247,neg_random_00247.png,Not USV,2024-09-30_11-20-32_0000025.wav,random
neg_random_00248,neg_random_00248.png,Not USV,2024-09-30_11-20-32_0000025.wav,random
neg_random_00249,neg_random_00249.png,Not USV,2024-09-30_11-20-32_0000025.wav,random
neg_random_00250,neg_random_00250.png,Not USV,2024-09-30_11-20-34_0000026.wav,random
neg_random_00251,neg_random_00251.png,Not USV,2024-09-30_11-20-34_0000026.wav,random
neg_random_00252,neg_random_00252.png,Not USV,2024-09-30_11-20-34_0000026.wav,random
neg_random_00253,neg_random_00253.png,Not USV,2024-09-30_11-20-34_0000026.wav,random
neg_random_00254,neg_random_00254.png,Not USV,2024-09-30_11-20-34_0000026.wav,random
neg_random_00255,neg_random_00255.png,Not USV,2024-09-30_11-20-34_0000026.wav,random
neg_random_00256,neg_random_00256.png,Not USV,2024-09-30_11-20-34_0000026.wav,random
neg_random_00257,neg_random_00257.png,Not USV,2024-09-30_11-20-34_0000026.wav,random
neg_random_00258,neg_random_00258.png,Not USV,2024-09-30_11-20-34_0000026.wav,random
neg_random_00259,neg_random_00259.png,Not USV,2024-09-30_11-20-34_0000026.wav,random
neg_random_00260,neg_random_00260.png,Not USV,2024-09-30_11-20-35_0000027.wav,random
neg_random_00261,neg_random_00261.png,Not USV,2024-09-30_11-20-35_0000027.wav,random
neg_random_00262,neg_random_00262.png,Not USV,2024-09-30_11-20-35_0000027.wav,random
neg_random_00263,neg_random_00263.png,Not USV,2024-09-30_11-20-35_0000027.wav,random
neg_random_00264,neg_random_00264.png,Not USV,2024-09-30_11-20-35_0000027.wav,random
neg_random_00265,neg_random_00265.png,Not USV,2024-09-30_11-20-35_0000027.wav,random
neg_random_00266,neg_random_00266.png,Not USV,2024-09-30_11-20-35_0000027.wav,random
neg_random_00267,neg_random_00267.png,Not USV,2024-09-30_11-20-35_0000027.wav,random
neg_random_00268,neg_random_00268.png,Not USV,2024-09-30_11-20-35_0000027.wav,random
neg_random_00269,neg_random_00269.png,Not USV,2024-09-30_11-20-35_0000027.wav,random
neg_random_00270,neg_random_00270.png,Not USV,2024-09-30_11-20-38_0000028.wav,random
neg_random_00271,neg_random_00271.png,Not USV,2024-09-30_11-20-38_0000028.wav,random
neg_random_00272,neg_random_00272.png,Not USV,2024-09-30_11-20-38_0000028.wav,random
neg_random_00273,neg_random_00273.png,Not USV,2024-09-30_11-20-38_0000028.wav,random
neg_random_00274,neg_random_00274.png,Not USV,2024-09-30_11-20-38_0000028.wav,random
neg_random_00275,neg_random_00275.png,Not USV,2024-09-30_11-20-38_0000028.wav,random
neg_random_00276,neg_random_00276.png,Not USV,2024-09-30_11-20-38_0000028.wav,random
neg_random_00277,neg_random_00277.png,Not USV,2024-09-30_11-20-38_0000028.wav,random
neg_random_00278,neg_random_00278.png,Not USV,2024-09-30_11-20-38_0000028.wav,random
neg_random_00279,neg_random_00279.png,Not USV,2024-09-30_11-20-38_0000028.wav,random
neg_random_00280,neg_random_00280.png,Not USV,2024-09-30_11-20-41_0000029.wav,random
neg_random_00281,neg_random_00281.png,Not USV,2024-09-30_11-20-41_0000029.wav,random
neg_random_00282,neg_random_00282.png,Not USV,2024-09-30_11-20-41_0000029.wav,random
neg_random_00283,neg_random_00283.png,Not USV,2024-09-30_11-20-41_0000029.wav,random
neg_random_00284,neg_random_00284.png,Not USV,2024-09-30_11-20-41_0000029.wav,random
neg_random_00285,neg_random_00285.png,Not USV,2024-09-30_11-20-41_0000029.wav,random
neg_random_00286,neg_random_00286.png,Not USV,2024-09-30_11-20-41_0000029.wav,random
neg_random_00287,neg_random_00287.png,Not USV,2024-09-30_11-20-41_0000029.wav,random
neg_random_00288,neg_random_00288.png,Not USV,2024-09-30_11-20-41_0000029.wav,random
neg_random_00289,neg_random_00289.png,Not USV,2024-09-30_11-20-41_0000029.wav,random
neg_random_00290,neg_random_00290.png,Not USV,2024-09-30_11-20-45_0000030.wav,random
neg_random_00291,neg_random_00291.png,Not USV,2024-09-30_11-20-45_0000030.wav,random
neg_random_00292,neg_random_00292.png,Not USV,2024-09-30_11-20-45_0000030.wav,random
neg_random_00293,neg_random_00293.png,Not USV,2024-09-30_11-20-45_0000030.wav,random
neg_random_00294,neg_random_00294.png,Not USV,2024-09-30_11-20-45_0000030.wav,random
neg_random_00295,neg_random_00295.png,Not USV,2024-09-30_11-20-45_0000030.wav,random
neg_random_00296,neg_random_00296.png,Not USV,2024-09-30_11-20-45_0000030.wav,random
neg_random_00297,neg_random_00297.png,Not USV,2024-09-30_11-20-45_0000030.wav,random
neg_random_00298,neg_random_00298.png,Not USV,2024-09-30_11-20-45_0000030.wav,random
neg_random_00299,neg_random_00299.png,Not USV,2024-09-30_11-20-45_0000030.wav,random
neg_random_00300,neg_random_00300.png,Not USV,2024-09-30_11-20-48_0000031.wav,random
neg_random_00301,neg_random_00301.png,Not USV,2024-09-30_11-20-48_0000031.wav,random
neg_random_00302,neg_random_00302.png,Not USV,2024-09-30_11-20-48_0000031.wav,random
neg_random_00303,neg_random_00303.png,Not USV,2024-09-30_11-20-48_0000031.wav,random
neg_random_00304,neg_random_00304.png,Not USV,2024-09-30_11-20-48_0000031.wav,random
neg_random_00305,neg_random_00305.png,Not USV,2024-09-30_11-20-48_0000031.wav,random
neg_random_00306,neg_random_00306.png,Not USV,2024-09-30_11-20-48_0000031.wav,random
neg_random_00307,neg_random_00307.png,Not USV,2024-09-30_11-20-48_0000031.wav,random
neg_random_00308,neg_random_00308.png,Not USV,2024-09-30_11-20-48_0000031.wav,random
neg_random_00309,neg_random_00309.png,Not USV,2024-09-30_11-20-48_0000031.wav,random
neg_random_00310,neg_random_00310.png,Not USV,2024-09-30_11-20-53_0000032.wav,random
neg_random_00311,neg_random_00311.png,Not USV,2024-09-30_11-20-53_0000032.wav,random
neg_random_00312,neg_random_00312.png,Not USV,2024-09-30_11-20-53_0000032.wav,random
neg_random_00313,neg_random_00313.png,Not USV,2024-09-30_11-20-53_0000032.wav,random
neg_random_00314,neg_random_00314.png,Not USV,2024-09-30_11-20-53_0000032.wav,random
neg_random_00315,neg_random_00315.png,Not USV,2024-09-30_11-20-53_0000032.wav,random
neg_random_00316,neg_random_00316.png,Not USV,2024-09-30_11-20-53_0000032.wav,random
neg_random_00317,neg_random_00317.png,Not USV,2024-09-30_11-20-53_0000032.wav,random
neg_random_00318,neg_random_00318.png,Not USV,2024-09-30_11-20-53_0000032.wav,random
neg_random_00319,neg_random_00319.png,Not USV,2024-09-30_11-20-53_0000032.wav,random
neg_random_00320,neg_random_00320.png,Not USV,2024-09-30_11-20-56_0000033.wav,random
neg_random_00321,neg_random_00321.png,Not USV,2024-09-30_11-20-56_0000033.wav,random
neg_random_00322,neg_random_00322.png,Not USV,2024-09-30_11-20-56_0000033.wav,random
neg_random_00323,neg_random_00323.png,Not USV,2024-09-30_11-20-56_0000033.wav,random
neg_random_00324,neg_random_00324.png,Not USV,2024-09-30_11-20-56_0000033.wav,random
neg_random_00325,neg_random_00325.png,Not USV,2024-09-30_11-20-56_0000033.wav,random
neg_random_00326,neg_random_00326.png,Not USV,2024-09-30_11-20-56_0000033.wav,random
neg_random_00327,neg_random_00327.png,Not USV,2024-09-30_11-20-56_0000033.wav,random
neg_random_00328,neg_random_00328.png,Not USV,2024-09-30_11-20-56_0000033.wav,random
neg_random_00329,neg_random_00329.png,Not USV,2024-09-30_11-20-56_0000033.wav,random
neg_random_00330,neg_random_00330.png,Not USV,2024-09-30_11-21-01_0000034.wav,random
neg_random_00331,neg_random_00331.png,Not USV,2024-09-30_11-21-01_0000034.wav,random
neg_random_00332,neg_random_00332.png,Not USV,2024-09-30_11-21-01_0000034.wav,random
neg_random_00333,neg_random_00333.png,Not USV,2024-09-30_11-21-01_0000034.wav,random
neg_random_00334,neg_random_00334.png,Not USV,2024-09-30_11-21-01_0000034.wav,random
neg_random_00335,neg_random_00335.png,Not USV,2024-09-30_11-21-01_0000034.wav,random
neg_random_00336,neg_random_00336.png,Not USV,2024-09-30_11-21-01_0000034.wav,random
neg_random_00337,neg_random_00337.png,Not USV,2024-09-30_11-21-01_0000034.wav,random
neg_random_00338,neg_random_00338.png,Not USV,2024-09-30_11-21-01_0000034.wav,random
neg_random_00339,neg_random_00339.png,Not USV,2024-09-30_11-21-01_0000034.wav,random
neg_random_00340,neg_random_00340.png,Not USV,2024-09-30_11-21-07_0000035.wav,random
neg_random_00341,neg_random_00341.png,Not USV,2024-09-30_11-21-07_0000035.wav,random
neg_random_00342,neg_random_00342.png,Not USV,2024-09-30_11-21-07_0000035.wav,random
neg_random_00343,neg_random_00343.png,Not USV,2024-09-30_11-21-07_0000035.wav,random
neg_random_00344,neg_random_00344.png,Not USV,2024-09-30_11-21-07_0000035.wav,random
neg_random_00345,neg_random_00345.png,Not USV,2024-09-30_11-21-07_0000035.wav,random
neg_random_00346,neg_random_00346.png,Not USV,2024-09-30_11-21-07_0000035.wav,random
neg_random_00347,neg_random_00347.png,Not USV,2024-09-30_11-21-07_0000035.wav,random
neg_random_00348,neg_random_00348.png,Not USV,2024-09-30_11-21-07_0000035.wav,random
neg_random_00349,neg_random_00349.png,Not USV,2024-09-30_11-21-07_0000035.wav,random
neg_random_00350,neg_random_00350.png,Not USV,2024-09-30_11-21-14_0000036.wav,random
neg_random_00351,neg_random_00351.png,Not USV,2024-09-30_11-21-14_0000036.wav,random
neg_random_00352,neg_random_00352.png,Not USV,2024-09-30_11-21-14_0000036.wav,random
neg_random_00353,neg_random_00353.png,Not USV,2024-09-30_11-21-14_0000036.wav,random
neg_random_00354,neg_random_00354.png,Not USV,2024-09-30_11-21-14_0000036.wav,random
neg_random_00355,neg_random_00355.png,Not USV,2024-09-30_11-21-14_0000036.wav,random
neg_random_00356,neg_random_00356.png,Not USV,2024-09-30_11-21-14_0000036.wav,random
neg_random_00357,neg_random_00357.png,Not USV,2024-09-30_11-21-14_0000036.wav,random
neg_random_00358,neg_random_00358.png,Not USV,2024-09-30_11-21-14_0000036.wav,random
neg_random_00359,neg_random_00359.png,Not USV,2024-09-30_11-21-14_0000036.wav,random
neg_random_00360,neg_random_00360.png,Not USV,2024-09-30_11-21-18_0000037.wav,random
neg_random_00361,neg_random_00361.png,Not USV,2024-09-30_11-21-18_0000037.wav,random
neg_random_00362,neg_random_00362.png,Not USV,2024-09-30_11-21-18_0000037.wav,random
neg_random_00363,neg_random_00363.png,Not USV,2024-09-30_11-21-18_0000037.wav,random
neg_random_00364,neg_random_00364.png,Not USV,2024-09-30_11-21-18_0000037.wav,random
neg_random_00365,neg_random_00365.png,Not USV,2024-09-30_11-21-18_0000037.wav,random
neg_random_00366,neg_random_00366.png,Not USV,2024-09-30_11-21-18_0000037.wav,random
neg_random_00367,neg_random_00367.png,Not USV,2024-09-30_11-21-18_0000037.wav,random
neg_random_00368,neg_random_00368.png,Not USV,2024-09-30_11-21-18_0000037.wav,random
neg_random_00369,neg_random_00369.png,Not USV,2024-09-30_11-21-18_0000037.wav,random
neg_random_00370,neg_random_00370.png,Not USV,2024-09-30_11-21-22_0000038.wav,random
neg_random_00371,neg_random_00371.png,Not USV,2024-09-30_11-21-22_0000038.wav,random
neg_random_00372,neg_random_00372.png,Not USV,2024-09-30_11-21-22_0000038.wav,random
neg_random_00373,neg_random_00373.png,Not USV,2024-09-30_11-21-22_0000038.wav,random
neg_random_00374,neg_random_00374.png,Not USV,2024-09-30_11-21-22_0000038.wav,random
neg_random_00375,neg_random_00375.png,Not USV,2024-09-30_11-21-22_0000038.wav,random
neg_random_00376,neg_random_00376.png,Not USV,2024-09-30_11-21-22_0000038.wav,random
neg_random_00377,neg_random_00377.png,Not USV,2024-09-30_11-21-22_0000038.wav,random
neg_random_00378,neg_random_00378.png,Not USV,2024-09-30_11-21-22_0000038.wav,random
neg_random_00379,neg_random_00379.png,Not USV,2024-09-30_11-21-22_0000038.wav,random
neg_random_00380,neg_random_00380.png,Not USV,2024-09-30_11-21-24_0000039.wav,random
neg_random_00381,neg_random_00381.png,Not USV,2024-09-30_11-21-24_0000039.wav,random
neg_random_00382,neg_random_00382.png,Not USV,2024-09-30_11-21-24_0000039.wav,random
neg_random_00383,neg_random_00383.png,Not USV,2024-09-30_11-21-24_0000039.wav,random
neg_random_00384,neg_random_00384.png,Not USV,2024-09-30_11-21-24_0000039.wav,random
neg_random_00385,neg_random_00385.png,Not USV,2024-09-30_11-21-24_0000039.wav,random
neg_random_00386,neg_random_00386.png,Not USV,2024-09-30_11-21-24_0000039.wav,random
neg_random_00387,neg_random_00387.png,Not USV,2024-09-30_11-21-24_0000039.wav,random
neg_random_00388,neg_random_00388.png,Not USV,2024-09-30_11-21-24_0000039.wav,random
neg_random_00389,neg_random_00389.png,Not USV,2024-09-30_11-21-24_0000039.wav,random
neg_random_00390,neg_random_00390.png,Not USV,2024-09-30_11-21-26_0000040.wav,random
neg_random_00391,neg_random_00391.png,Not USV,2024-09-30_11-21-26_0000040.wav,random
neg_random_00392,neg_random_00392.png,Not USV,2024-09-30_11-21-26_0000040.wav,random
neg_random_00393,neg_random_00393.png,Not USV,2024-09-30_11-21-26_0000040.wav,random
neg_random_00394,neg_random_00394.png,Not USV,2024-09-30_11-21-26_0000040.wav,random
neg_random_00395,neg_random_00395.png,Not USV,2024-09-30_11-21-26_0000040.wav,random
neg_random_00396,neg_random_00396.png,Not USV,2024-09-30_11-21-26_0000040.wav,random
neg_random_00397,neg_random_00397.png,Not USV,2024-09-30_11-21-26_0000040.wav,random
neg_random_00398,neg_random_00398.png,Not USV,2024-09-30_11-21-26_0000040.wav,random
neg_random_00399,neg_random_00399.png,Not USV,2024-09-30_11-21-26_0000040.wav,random
neg_random_00400,neg_random_00400.png,Not USV,2024-09-30_11-21-28_0000041.wav,random
neg_random_00401,neg_random_00401.png,Not USV,2024-09-30_11-21-28_0000041.wav,random
neg_random_00402,neg_random_00402.png,Not USV,2024-09-30_11-21-28_0000041.wav,random
neg_random_00403,neg_random_00403.png,Not USV,2024-09-30_11-21-28_0000041.wav,random
neg_random_00404,neg_random_00404.png,Not USV,2024-09-30_11-21-28_0000041.wav,random
neg_random_00405,neg_random_00405.png,Not USV,2024-09-30_11-21-28_0000041.wav,random
neg_random_00406,neg_random_00406.png,Not USV,2024-09-30_11-21-28_0000041.wav,random
neg_random_00407,neg_random_00407.png,Not USV,2024-09-30_11-21-28_0000041.wav,random
neg_random_00408,neg_random_00408.png,Not USV,2024-09-30_11-21-28_0000041.wav,random
neg_random_00409,neg_random_00409.png,Not USV,2024-09-30_11-21-28_0000041.wav,random
neg_random_00410,neg_random_00410.png,Not USV,2024-09-30_11-21-30_0000042.wav,random
neg_random_00411,neg_random_00411.png,Not USV,2024-09-30_11-21-30_0000042.wav,random
neg_random_00412,neg_random_00412.png,Not USV,2024-09-30_11-21-30_0000042.wav,random
neg_random_00413,neg_random_00413.png,Not USV,2024-09-30_11-21-30_0000042.wav,random
neg_random_00414,neg_random_00414.png,Not USV,2024-09-30_11-21-30_0000042.wav,random
neg_random_00415,neg_random_00415.png,Not USV,2024-09-30_11-21-30_0000042.wav,random
neg_random_00416,neg_random_00416.png,Not USV,2024-09-30_11-21-30_0000042.wav,random
neg_random_00417,neg_random_00417.png,Not USV,2024-09-30_11-21-30_0000042.wav,random
neg_random_00418,neg_random_00418.png,Not USV,2024-09-30_11-21-30_0000042.wav,random
neg_random_00419,neg_random_00419.png,Not USV,2024-09-30_11-21-30_0000042.wav,random
neg_random_00420,neg_random_00420.png,Not USV,2024-09-30_11-21-34_0000043.wav,random
neg_random_00421,neg_random_00421.png,Not USV,2024-09-30_11-21-34_0000043.wav,random
neg_random_00422,neg_random_00422.png,Not USV,2024-09-30_11-21-34_0000043.wav,random
neg_random_00423,neg_random_00423.png,Not USV,2024-09-30_11-21-34_0000043.wav,random
neg_random_00424,neg_random_00424.png,Not USV,2024-09-30_11-21-34_0000043.wav,random
neg_random_00425,neg_random_00425.png,Not USV,2024-09-30_11-21-34_0000043.wav,random
neg_random_00426,neg_random_00426.png,Not USV,2024-09-30_11-21-34_0000043.wav,random
neg_random_00427,neg_random_00427.png,Not USV,2024-09-30_11-21-34_0000043.wav,random
neg_random_00428,neg_random_00428.png,Not USV,2024-09-30_11-21-34_0000043.wav,random
neg_random_00429,neg_random_00429.png,Not USV,2024-09-30_11-21-34_0000043.wav,random
neg_random_00430,neg_random_00430.png,Not USV,2024-09-30_11-21-40_0000044.wav,random
neg_random_00431,neg_random_00431.png,Not USV,2024-09-30_11-21-40_0000044.wav,random
neg_random_00432,neg_random_00432.png,Not USV,2024-09-30_11-21-40_0000044.wav,random
neg_random_00433,neg_random_00433.png,Not USV,2024-09-30_11-21-40_0000044.wav,random
neg_random_00434,neg_random_00434.png,Not USV,2024-09-30_11-21-40_0000044.wav,random
neg_random_00435,neg_random_00435.png,Not USV,2024-09-30_11-21-40_0000044.wav,random
neg_random_00436,neg_random_00436.png,Not USV,2024-09-30_11-21-40_0000044.wav,random
neg_random_00437,neg_random_00437.png,Not USV,2024-09-30_11-21-40_0000044.wav,random
neg_random_00438,neg_random_00438.png,Not USV,2024-09-30_11-21-40_0000044.wav,random
neg_random_00439,neg_random_00439.png,Not USV,2024-09-30_11-21-40_0000044.wav,random
neg_random_00440,neg_random_00440.png,Not USV,2024-09-30_11-21-44_0000045.wav,random
neg_random_00441,neg_random_00441.png,Not USV,2024-09-30_11-21-44_0000045.wav,random
neg_random_00442,neg_random_00442.png,Not USV,2024-09-30_11-21-44_0000045.wav,random
neg_random_00443,neg_random_00443.png,Not USV,2024-09-30_11-21-44_0000045.wav,random
neg_random_00444,neg_random_00444.png,Not USV,2024-09-30_11-21-44_0000045.wav,random
neg_random_00445,neg_random_00445.png,Not USV,2024-09-30_11-21-44_0000045.wav,random
neg_random_00446,neg_random_00446.png,Not USV,2024-09-30_11-21-44_0000045.wav,random
neg_random_00447,neg_random_00447.png,Not USV,2024-09-30_11-21-44_0000045.wav,random
neg_random_00448,neg_random_00448.png,Not USV,2024-09-30_11-21-44_0000045.wav,random
neg_random_00449,neg_random_00449.png,Not USV,2024-09-30_11-21-44_0000045.wav,random
neg_random_00450,neg_random_00450.png,Not USV,2024-09-30_11-21-48_0000046.wav,random
neg_random_00451,neg_random_00451.png,Not USV,2024-09-30_11-21-48_0000046.wav,random
neg_random_00452,neg_random_00452.png,Not USV,2024-09-30_11-21-48_0000046.wav,random
neg_random_00453,neg_random_00453.png,Not USV,2024-09-30_11-21-48_0000046.wav,random
neg_random_00454,neg_random_00454.png,Not USV,2024-09-30_11-21-48_0000046.wav,random
neg_random_00455,neg_random_00455.png,Not USV,2024-09-30_11-21-48_0000046.wav,random
neg_random_00456,neg_random_00456.png,Not USV,2024-09-30_11-21-48_0000046.wav,random
neg_random_00457,neg_random_00457.png,Not USV,2024-09-30_11-21-48_0000046.wav,random
neg_random_00458,neg_random_00458.png,Not USV,2024-09-30_11-21-48_0000046.wav,random
neg_random_00459,neg_random_00459.png,Not USV,2024-09-30_11-21-48_0000046.wav,random
neg_random_00460,neg_random_00460.png,Not USV,2024-09-30_11-21-50_0000047.wav,random
neg_random_00461,neg_random_00461.png,Not USV,2024-09-30_11-21-50_0000047.wav,random
neg_random_00462,neg_random_00462.png,Not USV,2024-09-30_11-21-50_0000047.wav,random
neg_random_00463,neg_random_00463.png,Not USV,2024-09-30_11-21-50_0000047.wav,random
neg_random_00464,neg_random_00464.png,Not USV,2024-09-30_11-21-50_0000047.wav,random
neg_random_00465,neg_random_00465.png,Not USV,2024-09-30_11-21-50_0000047.wav,random
neg_random_00466,neg_random_00466.png,Not USV,2024-09-30_11-21-50_0000047.wav,random
neg_random_00467,neg_random_00467.png,Not USV,2024-09-30_11-21-50_0000047.wav,random
neg_random_00468,neg_random_00468.png,Not USV,2024-09-30_11-21-50_0000047.wav,random
neg_random_00469,neg_random_00469.png,Not USV,2024-09-30_11-21-50_0000047.wav,random
neg_random_00470,neg_random_00470.png,Not USV,2024-09-30_11-21-57_0000048.wav,random
neg_random_00471,neg_random_00471.png,Not USV,2024-09-30_11-21-57_0000048.wav,random
neg_random_00472,neg_random_00472.png,Not USV,2024-09-30_11-21-57_0000048.wav,random
neg_random_00473,neg_random_00473.png,Not USV,2024-09-30_11-21-57_0000048.wav,random
neg_random_00474,neg_random_00474.png,Not USV,2024-09-30_11-21-57_0000048.wav,random
neg_random_00475,neg_random_00475.png,Not USV,2024-09-30_11-21-57_0000048.wav,random
neg_random_00476,neg_random_00476.png,Not USV,2024-09-30_11-21-57_0000048.wav,random
neg_random_00477,neg_random_00477.png,Not USV,2024-09-30_11-21-57_0000048.wav,random
neg_random_00478,neg_random_00478.png,Not USV,2024-09-30_11-21-57_0000048.wav,random
neg_random_00479,neg_random_00479.png,Not USV,2024-09-30_11-21-57_0000048.wav,random
neg_random_00480,neg_random_00480.png,Not USV,2024-09-30_11-21-58_0000049.wav,random
neg_random_00481,neg_random_00481.png,Not USV,2024-09-30_11-21-58_0000049.wav,random
neg_random_00482,neg_random_00482.png,Not USV,2024-09-30_11-21-58_0000049.wav,random
neg_random_00483,neg_random_00483.png,Not USV,2024-09-30_11-21-58_0000049.wav,random
neg_random_00484,neg_random_00484.png,Not USV,2024-09-30_11-21-58_0000049.wav,random
neg_random_00485,neg_random_00485.png,Not USV,2024-09-30_11-21-58_0000049.wav,random
neg_random_00486,neg_random_00486.png,Not USV,2024-09-30_11-21-58_0000049.wav,random
neg_random_00487,neg_random_00487.png,Not USV,2024-09-30_11-21-58_0000049.wav,random
neg_random_00488,neg_random_00488.png,Not USV,2024-09-30_11-21-58_0000049.wav,random
neg_random_00489,neg_random_00489.png,Not USV,2024-09-30_11-21-58_0000049.wav,random
neg_random_00490,neg_random_00490.png,Not USV,2024-09-30_11-22-01_0000050.wav,random
neg_random_00491,neg_random_00491.png,Not USV,2024-09-30_11-22-01_0000050.wav,random
neg_random_00492,neg_random_00492.png,Not USV,2024-09-30_11-22-01_0000050.wav,random
neg_random_00493,neg_random_00493.png,Not USV,2024-09-30_11-22-01_0000050.wav,random
neg_random_00494,neg_random_00494.png,Not USV,2024-09-30_11-22-01_0000050.wav,random
neg_random_00495,neg_random_00495.png,Not USV,2024-09-30_11-22-01_0000050.wav,random
neg_random_00496,neg_random_00496.png,Not USV,2024-09-30_11-22-01_0000050.wav,random
neg_random_00497,neg_random_00497.png,Not USV,2024-09-30_11-22-01_0000050.wav,random
neg_random_00498,neg_random_00498.png,Not USV,2024-09-30_11-22-01_0000050.wav,random
neg_random_00499,neg_random_00499.png,Not USV,2024-09-30_11-22-01_0000050.wav,random
neg_inter_usv_gap_00000,neg_inter_usv_gap_00000.png,Not USV,2024-09-30_11-20-29_0000024.wav,inter_usv_gap
neg_inter_usv_gap_00001,neg_inter_usv_gap_00001.png,Not USV,2024-09-30_11-20-29_0000024.wav,inter_usv_gap
neg_inter_usv_gap_00002,neg_inter_usv_gap_00002.png,Not USV,2024-09-30_11-19-54_0000016.wav,inter_usv_gap
neg_inter_usv_gap_00003,neg_inter_usv_gap_00003.png,Not USV,2024-09-30_11-19-54_0000016.wav,inter_usv_gap
neg_inter_usv_gap_00004,neg_inter_usv_gap_00004.png,Not USV,2024-09-30_11-19-19_0000012.wav,inter_usv_gap
neg_inter_usv_gap_00005,neg_inter_usv_gap_00005.png,Not USV,2024-09-30_11-19-19_0000012.wav,inter_usv_gap
neg_inter_usv_gap_00006,neg_inter_usv_gap_00006.png,Not USV,2024-09-30_11-19-19_0000012.wav,inter_usv_gap
neg_inter_usv_gap_00007,neg_inter_usv_gap_00007.png,Not USV,2024-09-30_11-21-07_0000035.wav,inter_usv_gap
neg_inter_usv_gap_00008,neg_inter_usv_gap_00008.png,Not USV,2024-09-30_11-21-07_0000035.wav,inter_usv_gap
neg_inter_usv_gap_00009,neg_inter_usv_gap_00009.png,Not USV,2024-09-30_11-21-07_0000035.wav,inter_usv_gap
neg_inter_usv_gap_00010,neg_inter_usv_gap_00010.png,Not USV,2024-09-30_11-19-16_0000011.wav,inter_usv_gap
neg_inter_usv_gap_00011,neg_inter_usv_gap_00011.png,Not USV,2024-09-30_11-19-16_0000011.wav,inter_usv_gap
neg_inter_usv_gap_00012,neg_inter_usv_gap_00012.png,Not USV,2024-09-30_11-19-16_0000011.wav,inter_usv_gap
neg_inter_usv_gap_00013,neg_inter_usv_gap_00013.png,Not USV,2024-09-30_11-20-14_0000022.wav,inter_usv_gap
neg_inter_usv_gap_00014,neg_inter_usv_gap_00014.png,Not USV,2024-09-30_11-20-14_0000022.wav,inter_usv_gap
neg_inter_usv_gap_00015,neg_inter_usv_gap_00015.png,Not USV,2024-09-30_11-20-14_0000022.wav,inter_usv_gap
neg_inter_usv_gap_00016,neg_inter_usv_gap_00016.png,Not USV,2024-09-30_11-21-01_0000034.wav,inter_usv_gap
neg_inter_usv_gap_00017,neg_inter_usv_gap_00017.png,Not USV,2024-09-30_11-21-01_0000034.wav,inter_usv_gap
neg_inter_usv_gap_00018,neg_inter_usv_gap_00018.png,Not USV,2024-09-30_11-21-01_0000034.wav,inter_usv_gap
neg_inter_usv_gap_00019,neg_inter_usv_gap_00019.png,Not USV,2024-09-30_11-19-34_0000014.wav,inter_usv_gap
neg_inter_usv_gap_00020,neg_inter_usv_gap_00020.png,Not USV,2024-09-30_11-19-34_0000014.wav,inter_usv_gap
neg_inter_usv_gap_00021,neg_inter_usv_gap_00021.png,Not USV,2024-09-30_11-19-34_0000014.wav,inter_usv_gap
neg_inter_usv_gap_00022,neg_inter_usv_gap_00022.png,Not USV,2024-09-30_11-19-55_0000017.wav,inter_usv_gap
neg_inter_usv_gap_00023,neg_inter_usv_gap_00023.png,Not USV,2024-09-30_11-19-55_0000017.wav,inter_usv_gap
neg_inter_usv_gap_00024,neg_inter_usv_gap_00024.png,Not USV,2024-09-30_11-20-38_0000028.wav,inter_usv_gap
neg_inter_usv_gap_00025,neg_inter_usv_gap_00025.png,Not USV,2024-09-30_11-19-12_0000009.wav,inter_usv_gap
neg_inter_usv_gap_00026,neg_inter_usv_gap_00026.png,Not USV,2024-09-30_11-19-12_0000009.wav,inter_usv_gap
neg_inter_usv_gap_00027,neg_inter_usv_gap_00027.png,Not USV,2024-09-30_11-19-12_0000009.wav,inter_usv_gap
neg_inter_usv_gap_00028,neg_inter_usv_gap_00028.png,Not USV,2024-09-30_11-19-19_0000012.wav,inter_usv_gap
neg_inter_usv_gap_00029,neg_inter_usv_gap_00029.png,Not USV,2024-09-30_11-19-19_0000012.wav,inter_usv_gap
neg_inter_usv_gap_00030,neg_inter_usv_gap_00030.png,Not USV,2024-09-30_11-19-19_0000012.wav,inter_usv_gap
neg_inter_usv_gap_00031,neg_inter_usv_gap_00031.png,Not USV,2024-09-30_11-20-32_0000025.wav,inter_usv_gap
neg_inter_usv_gap_00032,neg_inter_usv_gap_00032.png,Not USV,2024-09-30_11-20-32_0000025.wav,inter_usv_gap
neg_inter_usv_gap_00033,neg_inter_usv_gap_00033.png,Not USV,2024-09-30_11-20-14_0000022.wav,inter_usv_gap
neg_inter_usv_gap_00034,neg_inter_usv_gap_00034.png,Not USV,2024-09-30_11-20-14_0000022.wav,inter_usv_gap
neg_inter_usv_gap_00035,neg_inter_usv_gap_00035.png,Not USV,2024-09-30_11-20-14_0000022.wav,inter_usv_gap
neg_inter_usv_gap_00036,neg_inter_usv_gap_00036.png,Not USV,2024-09-30_11-18-17_0000001.wav,inter_usv_gap
neg_inter_usv_gap_00037,neg_inter_usv_gap_00037.png,Not USV,2024-09-30_11-18-17_0000001.wav,inter_usv_gap
neg_inter_usv_gap_00038,neg_inter_usv_gap_00038.png,Not USV,2024-09-30_11-19-00_0000007.wav,inter_usv_gap
neg_inter_usv_gap_00039,neg_inter_usv_gap_00039.png,Not USV,2024-09-30_11-18-17_0000001.wav,inter_usv_gap
neg_inter_usv_gap_00040,neg_inter_usv_gap_00040.png,Not USV,2024-09-30_11-18-17_0000001.wav,inter_usv_gap
neg_inter_usv_gap_00041,neg_inter_usv_gap_00041.png,Not USV,2024-09-30_11-19-00_0000007.wav,inter_usv_gap
neg_inter_usv_gap_00042,neg_inter_usv_gap_00042.png,Not USV,2024-09-30_11-19-00_0000007.wav,inter_usv_gap
neg_inter_usv_gap_00043,neg_inter_usv_gap_00043.png,Not USV,2024-09-30_11-19-00_0000007.wav,inter_usv_gap
neg_inter_usv_gap_00044,neg_inter_usv_gap_00044.png,Not USV,2024-09-30_11-18-34_0000004.wav,inter_usv_gap
neg_inter_usv_gap_00045,neg_inter_usv_gap_00045.png,Not USV,2024-09-30_11-18-34_0000004.wav,inter_usv_gap
neg_inter_usv_gap_00046,neg_inter_usv_gap_00046.png,Not USV,2024-09-30_11-19-58_0000018.wav,inter_usv_gap
neg_inter_usv_gap_00047,neg_inter_usv_gap_00047.png,Not USV,2024-09-30_11-19-38_0000015.wav,inter_usv_gap
neg_inter_usv_gap_00048,neg_inter_usv_gap_00048.png,Not USV,2024-09-30_11-19-38_0000015.wav,inter_usv_gap
neg_inter_usv_gap_00049,neg_inter_usv_gap_00049.png,Not USV,2024-09-30_11-19-38_0000015.wav,inter_usv_gap
neg_inter_usv_gap_00050,neg_inter_usv_gap_00050.png,Not USV,2024-09-30_11-19-38_0000015.wav,inter_usv_gap
neg_inter_usv_gap_00051,neg_inter_usv_gap_00051.png,Not USV,2024-09-30_11-19-38_0000015.wav,inter_usv_gap
neg_inter_usv_gap_00052,neg_inter_usv_gap_00052.png,Not USV,2024-09-30_11-19-38_0000015.wav,inter_usv_gap
neg_inter_usv_gap_00053,neg_inter_usv_gap_00053.png,Not USV,2024-09-30_11-20-03_0000019.wav,inter_usv_gap
neg_inter_usv_gap_00054,neg_inter_usv_gap_00054.png,Not USV,2024-09-30_11-20-03_0000019.wav,inter_usv_gap
neg_inter_usv_gap_00055,neg_inter_usv_gap_00055.png,Not USV,2024-09-30_11-20-03_0000019.wav,inter_usv_gap
neg_inter_usv_gap_00056,neg_inter_usv_gap_00056.png,Not USV,2024-09-30_11-21-34_0000043.wav,inter_usv_gap
neg_inter_usv_gap_00057,neg_inter_usv_gap_00057.png,Not USV,2024-09-30_11-21-34_0000043.wav,inter_usv_gap
neg_inter_usv_gap_00058,neg_inter_usv_gap_00058.png,Not USV,2024-09-30_11-21-34_0000043.wav,inter_usv_gap
neg_inter_usv_gap_00059,neg_inter_usv_gap_00059.png,Not USV,2024-09-30_11-19-38_0000015.wav,inter_usv_gap
neg_inter_usv_gap_00060,neg_inter_usv_gap_00060.png,Not USV,2024-09-30_11-21-34_0000043.wav,inter_usv_gap
neg_inter_usv_gap_00061,neg_inter_usv_gap_00061.png,Not USV,2024-09-30_11-21-34_0000043.wav,inter_usv_gap
neg_inter_usv_gap_00062,neg_inter_usv_gap_00062.png,Not USV,2024-09-30_11-19-55_0000017.wav,inter_usv_gap
neg_inter_usv_gap_00063,neg_inter_usv_gap_00063.png,Not USV,2024-09-30_11-19-55_0000017.wav,inter_usv_gap
neg_inter_usv_gap_00064,neg_inter_usv_gap_00064.png,Not USV,2024-09-30_11-19-55_0000017.wav,inter_usv_gap
neg_inter_usv_gap_00065,neg_inter_usv_gap_00065.png,Not USV,2024-09-30_11-21-34_0000043.wav,inter_usv_gap
neg_inter_usv_gap_00066,neg_inter_usv_gap_00066.png,Not USV,2024-09-30_11-21-34_0000043.wav,inter_usv_gap
neg_inter_usv_gap_00067,neg_inter_usv_gap_00067.png,Not USV,2024-09-30_11-21-34_0000043.wav,inter_usv_gap
neg_inter_usv_gap_00068,neg_inter_usv_gap_00068.png,Not USV,2024-09-30_11-21-40_0000044.wav,inter_usv_gap
neg_inter_usv_gap_00069,neg_inter_usv_gap_00069.png,Not USV,2024-09-30_11-21-40_0000044.wav,inter_usv_gap
neg_inter_usv_gap_00070,neg_inter_usv_gap_00070.png,Not USV,2024-09-30_11-21-40_0000044.wav,inter_usv_gap
neg_inter_usv_gap_00071,neg_inter_usv_gap_00071.png,Not USV,2024-09-30_11-19-38_0000015.wav,inter_usv_gap
neg_inter_usv_gap_00072,neg_inter_usv_gap_00072.png,Not USV,2024-09-30_11-19-38_0000015.wav,inter_usv_gap
neg_inter_usv_gap_00073,neg_inter_usv_gap_00073.png,Not USV,2024-09-30_11-19-38_0000015.wav,inter_usv_gap
neg_inter_usv_gap_00074,neg_inter_usv_gap_00074.png,Not USV,2024-09-30_11-19-38_0000015.wav,inter_usv_gap
neg_inter_usv_gap_00075,neg_inter_usv_gap_00075.png,Not USV,2024-09-30_11-19-38_0000015.wav,inter_usv_gap
neg_inter_usv_gap_00076,neg_inter_usv_gap_00076.png,Not USV,2024-09-30_11-19-38_0000015.wav,inter_usv_gap
neg_inter_usv_gap_00077,neg_inter_usv_gap_00077.png,Not USV,2024-09-30_11-20-56_0000033.wav,inter_usv_gap
neg_inter_usv_gap_00078,neg_inter_usv_gap_00078.png,Not USV,2024-09-30_11-20-56_0000033.wav,inter_usv_gap
neg_inter_usv_gap_00079,neg_inter_usv_gap_00079.png,Not USV,2024-09-30_11-20-56_0000033.wav,inter_usv_gap
neg_inter_usv_gap_00080,neg_inter_usv_gap_00080.png,Not USV,2024-09-30_11-20-53_0000032.wav,inter_usv_gap
neg_inter_usv_gap_00081,neg_inter_usv_gap_00081.png,Not USV,2024-09-30_11-20-53_0000032.wav,inter_usv_gap
neg_inter_usv_gap_00082,neg_inter_usv_gap_00082.png,Not USV,2024-09-30_11-20-53_0000032.wav,inter_usv_gap
neg_inter_usv_gap_00083,neg_inter_usv_gap_00083.png,Not USV,2024-09-30_11-19-00_0000007.wav,inter_usv_gap
neg_inter_usv_gap_00084,neg_inter_usv_gap_00084.png,Not USV,2024-09-30_11-19-15_0000010.wav,inter_usv_gap
neg_inter_usv_gap_00085,neg_inter_usv_gap_00085.png,Not USV,2024-09-30_11-19-15_0000010.wav,inter_usv_gap
neg_inter_usv_gap_00086,neg_inter_usv_gap_00086.png,Not USV,2024-09-30_11-19-15_0000010.wav,inter_usv_gap
neg_inter_usv_gap_00087,neg_inter_usv_gap_00087.png,Not USV,2024-09-30_11-21-07_0000035.wav,inter_usv_gap
neg_inter_usv_gap_00088,neg_inter_usv_gap_00088.png,Not USV,2024-09-30_11-21-07_0000035.wav,inter_usv_gap
neg_inter_usv_gap_00089,neg_inter_usv_gap_00089.png,Not USV,2024-09-30_11-21-07_0000035.wav,inter_usv_gap
neg_inter_usv_gap_00090,neg_inter_usv_gap_00090.png,Not USV,2024-09-30_11-19-00_0000007.wav,inter_usv_gap
neg_inter_usv_gap_00091,neg_inter_usv_gap_00091.png,Not USV,2024-09-30_11-21-24_0000039.wav,inter_usv_gap
neg_inter_usv_gap_00092,neg_inter_usv_gap_00092.png,Not USV,2024-09-30_11-21-24_0000039.wav,inter_usv_gap
neg_inter_usv_gap_00093,neg_inter_usv_gap_00093.png,Not USV,2024-09-30_11-19-15_0000010.wav,inter_usv_gap
neg_inter_usv_gap_00094,neg_inter_usv_gap_00094.png,Not USV,2024-09-30_11-19-15_0000010.wav,inter_usv_gap
neg_inter_usv_gap_00095,neg_inter_usv_gap_00095.png,Not USV,2024-09-30_11-19-15_0000010.wav,inter_usv_gap
neg_inter_usv_gap_00096,neg_inter_usv_gap_00096.png,Not USV,2024-09-30_11-20-34_0000026.wav,inter_usv_gap
neg_inter_usv_gap_00097,neg_inter_usv_gap_00097.png,Not USV,2024-09-30_11-20-34_0000026.wav,inter_usv_gap
neg_inter_usv_gap_00098,neg_inter_usv_gap_00098.png,Not USV,2024-09-30_11-20-34_0000026.wav,inter_usv_gap
neg_inter_usv_gap_00099,neg_inter_usv_gap_00099.png,Not USV,2024-09-30_11-19-58_0000018.wav,inter_usv_gap
neg_inter_usv_gap_00100,neg_inter_usv_gap_00100.png,Not USV,2024-09-30_11-19-58_0000018.wav,inter_usv_gap
neg_inter_usv_gap_00101,neg_inter_usv_gap_00101.png,Not USV,2024-09-30_11-19-58_0000018.wav,inter_usv_gap
neg_inter_usv_gap_00102,neg_inter_usv_gap_00102.png,Not USV,2024-09-30_11-21-01_0000034.wav,inter_usv_gap
neg_inter_usv_gap_00103,neg_inter_usv_gap_00103.png,Not USV,2024-09-30_11-21-01_0000034.wav,inter_usv_gap
neg_inter_usv_gap_00104,neg_inter_usv_gap_00104.png,Not USV,2024-09-30_11-21-40_0000044.wav,inter_usv_gap
neg_inter_usv_gap_00105,neg_inter_usv_gap_00105.png,Not USV,2024-09-30_11-21-40_0000044.wav,inter_usv_gap
neg_inter_usv_gap_00106,neg_inter_usv_gap_00106.png,Not USV,2024-09-30_11-21-40_0000044.wav,inter_usv_gap
neg_inter_usv_gap_00107,neg_inter_usv_gap_00107.png,Not USV,2024-09-30_11-19-19_0000012.wav,inter_usv_gap
neg_inter_usv_gap_00108,neg_inter_usv_gap_00108.png,Not USV,2024-09-30_11-19-19_0000012.wav,inter_usv_gap
neg_inter_usv_gap_00109,neg_inter_usv_gap_00109.png,Not USV,2024-09-30_11-19-19_0000012.wav,inter_usv_gap
neg_inter_usv_gap_00110,neg_inter_usv_gap_00110.png,Not USV,2024-09-30_11-19-38_0000015.wav,inter_usv_gap
neg_inter_usv_gap_00111,neg_inter_usv_gap_00111.png,Not USV,2024-09-30_11-19-38_0000015.wav,inter_usv_gap
neg_inter_usv_gap_00112,neg_inter_usv_gap_00112.png,Not USV,2024-09-30_11-19-38_0000015.wav,inter_usv_gap
neg_inter_usv_gap_00113,neg_inter_usv_gap_00113.png,Not USV,2024-09-30_11-18-34_0000004.wav,inter_usv_gap
neg_inter_usv_gap_00114,neg_inter_usv_gap_00114.png,Not USV,2024-09-30_11-18-34_0000004.wav,inter_usv_gap
neg_inter_usv_gap_00115,neg_inter_usv_gap_00115.png,Not USV,2024-09-30_11-18-34_0000004.wav,inter_usv_gap
neg_inter_usv_gap_00116,neg_inter_usv_gap_00116.png,Not USV,2024-09-30_11-19-38_0000015.wav,inter_usv_gap
neg_inter_usv_gap_00117,neg_inter_usv_gap_00117.png,Not USV,2024-09-30_11-19-38_0000015.wav,inter_usv_gap
neg_inter_usv_gap_00118,neg_inter_usv_gap_00118.png,Not USV,2024-09-30_11-19-38_0000015.wav,inter_usv_gap
neg_inter_usv_gap_00119,neg_inter_usv_gap_00119.png,Not USV,2024-09-30_11-20-26_0000023.wav,inter_usv_gap
neg_inter_usv_gap_00120,neg_inter_usv_gap_00120.png,Not USV,2024-09-30_11-20-26_0000023.wav,inter_usv_gap
neg_inter_usv_gap_00121,neg_inter_usv_gap_00121.png,Not USV,2024-09-30_11-18-52_0000005.wav,inter_usv_gap
neg_inter_usv_gap_00122,neg_inter_usv_gap_00122.png,Not USV,2024-09-30_11-18-52_0000005.wav,inter_usv_gap
neg_inter_usv_gap_00123,neg_inter_usv_gap_00123.png,Not USV,2024-09-30_11-18-52_0000005.wav,inter_usv_gap
neg_inter_usv_gap_00124,neg_inter_usv_gap_00124.png,Not USV,2024-09-30_11-20-03_0000019.wav,inter_usv_gap
neg_inter_usv_gap_00125,neg_inter_usv_gap_00125.png,Not USV,2024-09-30_11-20-03_0000019.wav,inter_usv_gap
neg_inter_usv_gap_00126,neg_inter_usv_gap_00126.png,Not USV,2024-09-30_11-20-03_0000019.wav,inter_usv_gap
neg_inter_usv_gap_00127,neg_inter_usv_gap_00127.png,Not USV,2024-09-30_11-18-27_0000003.wav,inter_usv_gap
neg_inter_usv_gap_00128,neg_inter_usv_gap_00128.png,Not USV,2024-09-30_11-18-27_0000003.wav,inter_usv_gap
neg_inter_usv_gap_00129,neg_inter_usv_gap_00129.png,Not USV,2024-09-30_11-18-27_0000003.wav,inter_usv_gap
neg_inter_usv_gap_00130,neg_inter_usv_gap_00130.png,Not USV,2024-09-30_11-21-26_0000040.wav,inter_usv_gap
neg_inter_usv_gap_00131,neg_inter_usv_gap_00131.png,Not USV,2024-09-30_11-21-26_0000040.wav,inter_usv_gap
neg_inter_usv_gap_00132,neg_inter_usv_gap_00132.png,Not USV,2024-09-30_11-21-26_0000040.wav,inter_usv_gap
neg_inter_usv_gap_00133,neg_inter_usv_gap_00133.png,Not USV,2024-09-30_11-21-30_0000042.wav,inter_usv_gap
neg_inter_usv_gap_00134,neg_inter_usv_gap_00134.png,Not USV,2024-09-30_11-21-30_0000042.wav,inter_usv_gap
neg_inter_usv_gap_00135,neg_inter_usv_gap_00135.png,Not USV,2024-09-30_11-18-27_0000003.wav,inter_usv_gap
neg_inter_usv_gap_00136,neg_inter_usv_gap_00136.png,Not USV,2024-09-30_11-18-27_0000003.wav,inter_usv_gap
neg_inter_usv_gap_00137,neg_inter_usv_gap_00137.png,Not USV,2024-09-30_11-18-27_0000003.wav,inter_usv_gap
neg_inter_usv_gap_00138,neg_inter_usv_gap_00138.png,Not USV,2024-09-30_11-19-38_0000015.wav,inter_usv_gap
neg_inter_usv_gap_00139,neg_inter_usv_gap_00139.png,Not USV,2024-09-30_11-19-38_0000015.wav,inter_usv_gap
neg_inter_usv_gap_00140,neg_inter_usv_gap_00140.png,Not USV,2024-09-30_11-20-14_0000022.wav,inter_usv_gap
neg_inter_usv_gap_00141,neg_inter_usv_gap_00141.png,Not USV,2024-09-30_11-20-14_0000022.wav,inter_usv_gap
neg_inter_usv_gap_00142,neg_inter_usv_gap_00142.png,Not USV,2024-09-30_11-20-14_0000022.wav,inter_usv_gap
neg_inter_usv_gap_00143,neg_inter_usv_gap_00143.png,Not USV,2024-09-30_11-18-34_0000004.wav,inter_usv_gap
neg_inter_usv_gap_00144,neg_inter_usv_gap_00144.png,Not USV,2024-09-30_11-18-34_0000004.wav,inter_usv_gap
neg_inter_usv_gap_00145,neg_inter_usv_gap_00145.png,Not USV,2024-09-30_11-18-34_0000004.wav,inter_usv_gap
neg_inter_usv_gap_00146,neg_inter_usv_gap_00146.png,Not USV,2024-09-30_11-19-09_0000008.wav,inter_usv_gap
neg_inter_usv_gap_00147,neg_inter_usv_gap_00147.png,Not USV,2024-09-30_11-19-09_0000008.wav,inter_usv_gap
neg_inter_usv_gap_00148,neg_inter_usv_gap_00148.png,Not USV,2024-09-30_11-19-09_0000008.wav,inter_usv_gap
neg_inter_usv_gap_00149,neg_inter_usv_gap_00149.png,Not USV,2024-09-30_11-19-38_0000015.wav,inter_usv_gap
neg_inter_usv_gap_00150,neg_inter_usv_gap_00150.png,Not USV,2024-09-30_11-19-38_0000015.wav,inter_usv_gap
neg_inter_usv_gap_00151,neg_inter_usv_gap_00151.png,Not USV,2024-09-30_11-20-32_0000025.wav,inter_usv_gap
neg_inter_usv_gap_00152,neg_inter_usv_gap_00152.png,Not USV,2024-09-30_11-20-32_0000025.wav,inter_usv_gap
neg_inter_usv_gap_00153,neg_inter_usv_gap_00153.png,Not USV,2024-09-30_11-19-16_0000011.wav,inter_usv_gap
neg_inter_usv_gap_00154,neg_inter_usv_gap_00154.png,Not USV,2024-09-30_11-19-16_0000011.wav,inter_usv_gap
neg_inter_usv_gap_00155,neg_inter_usv_gap_00155.png,Not USV,2024-09-30_11-19-16_0000011.wav,inter_usv_gap
neg_inter_usv_gap_00156,neg_inter_usv_gap_00156.png,Not USV,2024-09-30_11-20-07_0000020.wav,inter_usv_gap
neg_inter_usv_gap_00157,neg_inter_usv_gap_00157.png,Not USV,2024-09-30_11-20-07_0000020.wav,inter_usv_gap
neg_inter_usv_gap_00158,neg_inter_usv_gap_00158.png,Not USV,2024-09-30_11-19-34_0000014.wav,inter_usv_gap
neg_inter_usv_gap_00159,neg_inter_usv_gap_00159.png,Not USV,2024-09-30_11-19-34_0000014.wav,inter_usv_gap
neg_inter_usv_gap_00160,neg_inter_usv_gap_00160.png,Not USV,2024-09-30_11-19-34_0000014.wav,inter_usv_gap
neg_inter_usv_gap_00161,neg_inter_usv_gap_00161.png,Not USV,2024-09-30_11-21-18_0000037.wav,inter_usv_gap
neg_inter_usv_gap_00162,neg_inter_usv_gap_00162.png,Not USV,2024-09-30_11-21-18_0000037.wav,inter_usv_gap
neg_inter_usv_gap_00163,neg_inter_usv_gap_00163.png,Not USV,2024-09-30_11-21-18_0000037.wav,inter_usv_gap
neg_inter_usv_gap_00164,neg_inter_usv_gap_00164.png,Not USV,2024-09-30_11-20-34_0000026.wav,inter_usv_gap
neg_inter_usv_gap_00165,neg_inter_usv_gap_00165.png,Not USV,2024-09-30_11-20-34_0000026.wav,inter_usv_gap
neg_inter_usv_gap_00166,neg_inter_usv_gap_00166.png,Not USV,2024-09-30_11-20-14_0000022.wav,inter_usv_gap
neg_inter_usv_gap_00167,neg_inter_usv_gap_00167.png,Not USV,2024-09-30_11-20-14_0000022.wav,inter_usv_gap
neg_inter_usv_gap_00168,neg_inter_usv_gap_00168.png,Not USV,2024-09-30_11-20-14_0000022.wav,inter_usv_gap
neg_inter_usv_gap_00169,neg_inter_usv_gap_00169.png,Not USV,2024-09-30_11-20-41_0000029.wav,inter_usv_gap
neg_inter_usv_gap_00170,neg_inter_usv_gap_00170.png,Not USV,2024-09-30_11-20-41_0000029.wav,inter_usv_gap
neg_inter_usv_gap_00171,neg_inter_usv_gap_00171.png,Not USV,2024-09-30_11-19-58_0000018.wav,inter_usv_gap
neg_inter_usv_gap_00172,neg_inter_usv_gap_00172.png,Not USV,2024-09-30_11-19-58_0000018.wav,inter_usv_gap
neg_inter_usv_gap_00173,neg_inter_usv_gap_00173.png,Not USV,2024-09-30_11-19-58_0000018.wav,inter_usv_gap
neg_inter_usv_gap_00174,neg_inter_usv_gap_00174.png,Not USV,2024-09-30_11-18-34_0000004.wav,inter_usv_gap
neg_inter_usv_gap_00175,neg_inter_usv_gap_00175.png,Not USV,2024-09-30_11-18-34_0000004.wav,inter_usv_gap
neg_inter_usv_gap_00176,neg_inter_usv_gap_00176.png,Not USV,2024-09-30_11-18-34_0000004.wav,inter_usv_gap
neg_inter_usv_gap_00177,neg_inter_usv_gap_00177.png,Not USV,2024-09-30_11-19-19_0000012.wav,inter_usv_gap
neg_inter_usv_gap_00178,neg_inter_usv_gap_00178.png,Not USV,2024-09-30_11-19-19_0000012.wav,inter_usv_gap
neg_inter_usv_gap_00179,neg_inter_usv_gap_00179.png,Not USV,2024-09-30_11-19-19_0000012.wav,inter_usv_gap
neg_inter_usv_gap_00180,neg_inter_usv_gap_00180.png,Not USV,2024-09-30_11-19-19_0000012.wav,inter_usv_gap
neg_inter_usv_gap_00181,neg_inter_usv_gap_00181.png,Not USV,2024-09-30_11-19-19_0000012.wav,inter_usv_gap
neg_inter_usv_gap_00182,neg_inter_usv_gap_00182.png,Not USV,2024-09-30_11-19-19_0000012.wav,inter_usv_gap
neg_inter_usv_gap_00183,neg_inter_usv_gap_00183.png,Not USV,2024-09-30_11-19-00_0000007.wav,inter_usv_gap
neg_inter_usv_gap_00184,neg_inter_usv_gap_00184.png,Not USV,2024-09-30_11-19-00_0000007.wav,inter_usv_gap
neg_inter_usv_gap_00185,neg_inter_usv_gap_00185.png,Not USV,2024-09-30_11-20-14_0000022.wav,inter_usv_gap
neg_inter_usv_gap_00186,neg_inter_usv_gap_00186.png,Not USV,2024-09-30_11-20-14_0000022.wav,inter_usv_gap
neg_inter_usv_gap_00187,neg_inter_usv_gap_00187.png,Not USV,2024-09-30_11-20-14_0000022.wav,inter_usv_gap
neg_inter_usv_gap_00188,neg_inter_usv_gap_00188.png,Not USV,2024-09-30_11-20-14_0000022.wav,inter_usv_gap
neg_inter_usv_gap_00189,neg_inter_usv_gap_00189.png,Not USV,2024-09-30_11-20-14_0000022.wav,inter_usv_gap
neg_inter_usv_gap_00190,neg_inter_usv_gap_00190.png,Not USV,2024-09-30_11-20-45_0000030.wav,inter_usv_gap
neg_inter_usv_gap_00191,neg_inter_usv_gap_00191.png,Not USV,2024-09-30_11-20-45_0000030.wav,inter_usv_gap
neg_inter_usv_gap_00192,neg_inter_usv_gap_00192.png,Not USV,2024-09-30_11-20-45_0000030.wav,inter_usv_gap
neg_inter_usv_gap_00193,neg_inter_usv_gap_00193.png,Not USV,2024-09-30_11-20-14_0000022.wav,inter_usv_gap
neg_inter_usv_gap_00194,neg_inter_usv_gap_00194.png,Not USV,2024-09-30_11-20-14_0000022.wav,inter_usv_gap
neg_inter_usv_gap_00195,neg_inter_usv_gap_00195.png,Not USV,2024-09-30_11-20-14_0000022.wav,inter_usv_gap
neg_inter_usv_gap_00196,neg_inter_usv_gap_00196.png,Not USV,2024-09-30_11-18-27_0000003.wav,inter_usv_gap
neg_inter_usv_gap_00197,neg_inter_usv_gap_00197.png,Not USV,2024-09-30_11-18-27_0000003.wav,inter_usv_gap
neg_inter_usv_gap_00198,neg_inter_usv_gap_00198.png,Not USV,2024-09-30_11-18-27_0000003.wav,inter_usv_gap
neg_inter_usv_gap_00199,neg_inter_usv_gap_00199.png,Not USV,2024-09-30_11-18-34_0000004.wav,inter_usv_gap
neg_inter_usv_gap_00200,neg_inter_usv_gap_00200.png,Not USV,2024-09-30_11-18-34_0000004.wav,inter_usv_gap
neg_inter_usv_gap_00201,neg_inter_usv_gap_00201.png,Not USV,2024-09-30_11-20-38_0000028.wav,inter_usv_gap
neg_inter_usv_gap_00202,neg_inter_usv_gap_00202.png,Not USV,2024-09-30_11-19-00_0000007.wav,inter_usv_gap
neg_inter_usv_gap_00203,neg_inter_usv_gap_00203.png,Not USV,2024-09-30_11-19-00_0000007.wav,inter_usv_gap
neg_inter_usv_gap_00204,neg_inter_usv_gap_00204.png,Not USV,2024-09-30_11-19-00_0000007.wav,inter_usv_gap
neg_inter_usv_gap_00205,neg_inter_usv_gap_00205.png,Not USV,2024-09-30_11-21-01_0000034.wav,inter_usv_gap
neg_inter_usv_gap_00206,neg_inter_usv_gap_00206.png,Not USV,2024-09-30_11-21-01_0000034.wav,inter_usv_gap
neg_inter_usv_gap_00207,neg_inter_usv_gap_00207.png,Not USV,2024-09-30_11-21-01_0000034.wav,inter_usv_gap
neg_inter_usv_gap_00208,neg_inter_usv_gap_00208.png,Not USV,2024-09-30_11-19-16_0000011.wav,inter_usv_gap
neg_inter_usv_gap_00209,neg_inter_usv_gap_00209.png,Not USV,2024-09-30_11-19-16_0000011.wav,inter_usv_gap
neg_inter_usv_gap_00210,neg_inter_usv_gap_00210.png,Not USV,2024-09-30_11-19-55_0000017.wav,inter_usv_gap
neg_inter_usv_gap_00211,neg_inter_usv_gap_00211.png,Not USV,2024-09-30_11-19-55_0000017.wav,inter_usv_gap
neg_inter_usv_gap_00212,neg_inter_usv_gap_00212.png,Not USV,2024-09-30_11-19-55_0000017.wav,inter_usv_gap
neg_inter_usv_gap_00213,neg_inter_usv_gap_00213.png,Not USV,2024-09-30_11-21-14_0000036.wav,inter_usv_gap
neg_inter_usv_gap_00214,neg_inter_usv_gap_00214.png,Not USV,2024-09-30_11-21-14_0000036.wav,inter_usv_gap
neg_inter_usv_gap_00215,neg_inter_usv_gap_00215.png,Not USV,2024-09-30_11-19-38_0000015.wav,inter_usv_gap
neg_inter_usv_gap_00216,neg_inter_usv_gap_00216.png,Not USV,2024-09-30_11-18-52_0000005.wav,inter_usv_gap
neg_inter_usv_gap_00217,neg_inter_usv_gap_00217.png,Not USV,2024-09-30_11-18-52_0000005.wav,inter_usv_gap
neg_inter_usv_gap_00218,neg_inter_usv_gap_00218.png,Not USV,2024-09-30_11-18-52_0000005.wav,inter_usv_gap
neg_inter_usv_gap_00219,neg_inter_usv_gap_00219.png,Not USV,2024-09-30_11-21-14_0000036.wav,inter_usv_gap
neg_inter_usv_gap_00220,neg_inter_usv_gap_00220.png,Not USV,2024-09-30_11-21-14_0000036.wav,inter_usv_gap
neg_inter_usv_gap_00221,neg_inter_usv_gap_00221.png,Not USV,2024-09-30_11-21-14_0000036.wav,inter_usv_gap
neg_inter_usv_gap_00222,neg_inter_usv_gap_00222.png,Not USV,2024-09-30_11-21-07_0000035.wav,inter_usv_gap
neg_inter_usv_gap_00223,neg_inter_usv_gap_00223.png,Not USV,2024-09-30_11-21-07_0000035.wav,inter_usv_gap
neg_inter_usv_gap_00224,neg_inter_usv_gap_00224.png,Not USV,2024-09-30_11-21-07_0000035.wav,inter_usv_gap
neg_inter_usv_gap_00225,neg_inter_usv_gap_00225.png,Not USV,2024-09-30_11-19-00_0000007.wav,inter_usv_gap
neg_inter_usv_gap_00226,neg_inter_usv_gap_00226.png,Not USV,2024-09-30_11-19-00_0000007.wav,inter_usv_gap
neg_inter_usv_gap_00227,neg_inter_usv_gap_00227.png,Not USV,2024-09-30_11-19-00_0000007.wav,inter_usv_gap
neg_inter_usv_gap_00228,neg_inter_usv_gap_00228.png,Not USV,2024-09-30_11-21-22_0000038.wav,inter_usv_gap
neg_inter_usv_gap_00229,neg_inter_usv_gap_00229.png,Not USV,2024-09-30_11-21-22_0000038.wav,inter_usv_gap
neg_inter_usv_gap_00230,neg_inter_usv_gap_00230.png,Not USV,2024-09-30_11-21-22_0000038.wav,inter_usv_gap
neg_inter_usv_gap_00231,neg_inter_usv_gap_00231.png,Not USV,2024-09-30_11-18-57_0000006.wav,inter_usv_gap
neg_inter_usv_gap_00232,neg_inter_usv_gap_00232.png,Not USV,2024-09-30_11-18-57_0000006.wav,inter_usv_gap
neg_inter_usv_gap_00233,neg_inter_usv_gap_00233.png,Not USV,2024-09-30_11-18-57_0000006.wav,inter_usv_gap
neg_inter_usv_gap_00234,neg_inter_usv_gap_00234.png,Not USV,2024-09-30_11-19-38_0000015.wav,inter_usv_gap
neg_inter_usv_gap_00235,neg_inter_usv_gap_00235.png,Not USV,2024-09-30_11-19-38_0000015.wav,inter_usv_gap
neg_inter_usv_gap_00236,neg_inter_usv_gap_00236.png,Not USV,2024-09-30_11-19-38_0000015.wav,inter_usv_gap
neg_inter_usv_gap_00237,neg_inter_usv_gap_00237.png,Not USV,2024-09-30_11-18-34_0000004.wav,inter_usv_gap
neg_inter_usv_gap_00238,neg_inter_usv_gap_00238.png,Not USV,2024-09-30_11-18-34_0000004.wav,inter_usv_gap
neg_inter_usv_gap_00239,neg_inter_usv_gap_00239.png,Not USV,2024-09-30_11-18-34_0000004.wav,inter_usv_gap
neg_inter_usv_gap_00240,neg_inter_usv_gap_00240.png,Not USV,2024-09-30_11-18-34_0000004.wav,inter_usv_gap
neg_inter_usv_gap_00241,neg_inter_usv_gap_00241.png,Not USV,2024-09-30_11-18-34_0000004.wav,inter_usv_gap
neg_inter_usv_gap_00242,neg_inter_usv_gap_00242.png,Not USV,2024-09-30_11-18-34_0000004.wav,inter_usv_gap
neg_inter_usv_gap_00243,neg_inter_usv_gap_00243.png,Not USV,2024-09-30_11-18-34_0000004.wav,inter_usv_gap
neg_inter_usv_gap_00244,neg_inter_usv_gap_00244.png,Not USV,2024-09-30_11-18-34_0000004.wav,inter_usv_gap
neg_inter_usv_gap_00245,neg_inter_usv_gap_00245.png,Not USV,2024-09-30_11-18-34_0000004.wav,inter_usv_gap
neg_inter_usv_gap_00246,neg_inter_usv_gap_00246.png,Not USV,2024-09-30_11-19-00_0000007.wav,inter_usv_gap
neg_inter_usv_gap_00247,neg_inter_usv_gap_00247.png,Not USV,2024-09-30_11-19-00_0000007.wav,inter_usv_gap
neg_inter_usv_gap_00248,neg_inter_usv_gap_00248.png,Not USV,2024-09-30_11-19-00_0000007.wav,inter_usv_gap
neg_inter_usv_gap_00249,neg_inter_usv_gap_00249.png,Not USV,2024-09-30_11-19-38_0000015.wav,inter_usv_gap
neg_inter_usv_gap_00250,neg_inter_usv_gap_00250.png,Not USV,2024-09-30_11-19-38_0000015.wav,inter_usv_gap
neg_inter_usv_gap_00251,neg_inter_usv_gap_00251.png,Not USV,2024-09-30_11-19-38_0000015.wav,inter_usv_gap
neg_inter_usv_gap_00252,neg_inter_usv_gap_00252.png,Not USV,2024-09-30_11-21-07_0000035.wav,inter_usv_gap
neg_inter_usv_gap_00253,neg_inter_usv_gap_00253.png,Not USV,2024-09-30_11-21-07_0000035.wav,inter_usv_gap
neg_inter_usv_gap_00254,neg_inter_usv_gap_00254.png,Not USV,2024-09-30_11-21-07_0000035.wav,inter_usv_gap
neg_inter_usv_gap_00255,neg_inter_usv_gap_00255.png,Not USV,2024-09-30_11-20-45_0000030.wav,inter_usv_gap
neg_inter_usv_gap_00256,neg_inter_usv_gap_00256.png,Not USV,2024-09-30_11-20-45_0000030.wav,inter_usv_gap
neg_inter_usv_gap_00257,neg_inter_usv_gap_00257.png,Not USV,2024-09-30_11-20-45_0000030.wav,inter_usv_gap
neg_inter_usv_gap_00258,neg_inter_usv_gap_00258.png,Not USV,2024-09-30_11-20-03_0000019.wav,inter_usv_gap
neg_inter_usv_gap_00259,neg_inter_usv_gap_00259.png,Not USV,2024-09-30_11-20-03_0000019.wav,inter_usv_gap
neg_inter_usv_gap_00260,neg_inter_usv_gap_00260.png,Not USV,2024-09-30_11-20-03_0000019.wav,inter_usv_gap
neg_inter_usv_gap_00261,neg_inter_usv_gap_00261.png,Not USV,2024-09-30_11-20-14_0000022.wav,inter_usv_gap
neg_inter_usv_gap_00262,neg_inter_usv_gap_00262.png,Not USV,2024-09-30_11-21-34_0000043.wav,inter_usv_gap
neg_inter_usv_gap_00263,neg_inter_usv_gap_00263.png,Not USV,2024-09-30_11-21-34_0000043.wav,inter_usv_gap
neg_inter_usv_gap_00264,neg_inter_usv_gap_00264.png,Not USV,2024-09-30_11-20-07_0000020.wav,inter_usv_gap
neg_inter_usv_gap_00265,neg_inter_usv_gap_00265.png,Not USV,2024-09-30_11-20-07_0000020.wav,inter_usv_gap
neg_inter_usv_gap_00266,neg_inter_usv_gap_00266.png,Not USV,2024-09-30_11-20-07_0000020.wav,inter_usv_gap
neg_inter_usv_gap_00267,neg_inter_usv_gap_00267.png,Not USV,2024-09-30_11-19-38_0000015.wav,inter_usv_gap
neg_inter_usv_gap_00268,neg_inter_usv_gap_00268.png,Not USV,2024-09-30_11-19-38_0000015.wav,inter_usv_gap
neg_inter_usv_gap_00269,neg_inter_usv_gap_00269.png,Not USV,2024-09-30_11-19-58_0000018.wav,inter_usv_gap
neg_inter_usv_gap_00270,neg_inter_usv_gap_00270.png,Not USV,2024-09-30_11-19-58_0000018.wav,inter_usv_gap
neg_inter_usv_gap_00271,neg_inter_usv_gap_00271.png,Not USV,2024-09-30_11-19-58_0000018.wav,inter_usv_gap
neg_inter_usv_gap_00272,neg_inter_usv_gap_00272.png,Not USV,2024-09-30_11-18-17_0000001.wav,inter_usv_gap
neg_inter_usv_gap_00273,neg_inter_usv_gap_00273.png,Not USV,2024-09-30_11-18-17_0000001.wav,inter_usv_gap
neg_inter_usv_gap_00274,neg_inter_usv_gap_00274.png,Not USV,2024-09-30_11-18-17_0000001.wav,inter_usv_gap
neg_inter_usv_gap_00275,neg_inter_usv_gap_00275.png,Not USV,2024-09-30_11-20-14_0000022.wav,inter_usv_gap
neg_inter_usv_gap_00276,neg_inter_usv_gap_00276.png,Not USV,2024-09-30_11-20-14_0000022.wav,inter_usv_gap
neg_inter_usv_gap_00277,neg_inter_usv_gap_00277.png,Not USV,2024-09-30_11-20-14_0000022.wav,inter_usv_gap
neg_inter_usv_gap_00278,neg_inter_usv_gap_00278.png,Not USV,2024-09-30_11-19-55_0000017.wav,inter_usv_gap
neg_inter_usv_gap_00279,neg_inter_usv_gap_00279.png,Not USV,2024-09-30_11-19-55_0000017.wav,inter_usv_gap
neg_inter_usv_gap_00280,neg_inter_usv_gap_00280.png,Not USV,2024-09-30_11-19-55_0000017.wav,inter_usv_gap
neg_inter_usv_gap_00281,neg_inter_usv_gap_00281.png,Not USV,2024-09-30_11-20-14_0000022.wav,inter_usv_gap
neg_inter_usv_gap_00282,neg_inter_usv_gap_00282.png,Not USV,2024-09-30_11-20-14_0000022.wav,inter_usv_gap
neg_inter_usv_gap_00283,neg_inter_usv_gap_00283.png,Not USV,2024-09-30_11-19-54_0000016.wav,inter_usv_gap
neg_inter_usv_gap_00284,neg_inter_usv_gap_00284.png,Not USV,2024-09-30_11-18-34_0000004.wav,inter_usv_gap
neg_inter_usv_gap_00285,neg_inter_usv_gap_00285.png,Not USV,2024-09-30_11-18-34_0000004.wav,inter_usv_gap
neg_inter_usv_gap_00286,neg_inter_usv_gap_00286.png,Not USV,2024-09-30_11-21-01_0000034.wav,inter_usv_gap
neg_inter_usv_gap_00287,neg_inter_usv_gap_00287.png,Not USV,2024-09-30_11-21-01_0000034.wav,inter_usv_gap
neg_inter_usv_gap_00288,neg_inter_usv_gap_00288.png,Not USV,2024-09-30_11-21-34_0000043.wav,inter_usv_gap
neg_inter_usv_gap_00289,neg_inter_usv_gap_00289.png,Not USV,2024-09-30_11-21-34_0000043.wav,inter_usv_gap
neg_inter_usv_gap_00290,neg_inter_usv_gap_00290.png,Not USV,2024-09-30_11-20-29_0000024.wav,inter_usv_gap
neg_inter_usv_gap_00291,neg_inter_usv_gap_00291.png,Not USV,2024-09-30_11-19-38_0000015.wav,inter_usv_gap
neg_inter_usv_gap_00292,neg_inter_usv_gap_00292.png,Not USV,2024-09-30_11-19-38_0000015.wav,inter_usv_gap
neg_inter_usv_gap_00293,neg_inter_usv_gap_00293.png,Not USV,2024-09-30_11-19-38_0000015.wav,inter_usv_gap
neg_inter_usv_gap_00294,neg_inter_usv_gap_00294.png,Not USV,2024-09-30_11-19-54_0000016.wav,inter_usv_gap
neg_inter_usv_gap_00295,neg_inter_usv_gap_00295.png,Not USV,2024-09-30_11-18-52_0000005.wav,inter_usv_gap
neg_inter_usv_gap_00296,neg_inter_usv_gap_00296.png,Not USV,2024-09-30_11-20-53_0000032.wav,inter_usv_gap
neg_inter_usv_gap_00297,neg_inter_usv_gap_00297.png,Not USV,2024-09-30_11-20-53_0000032.wav,inter_usv_gap
neg_inter_usv_gap_00298,neg_inter_usv_gap_00298.png,Not USV,2024-09-30_11-20-53_0000032.wav,inter_usv_gap
neg_inter_usv_gap_00299,neg_inter_usv_gap_00299.png,Not USV,2024-09-30_11-20-34_0000026.wav,inter_usv_gap
