make,model,year_from,year_to,engine_code,oil_filter_oem,oil_filter_mann,oil_filter_filtron,air_filter_oem,air_filter_mann,air_filter_filtron,cabin_filter_oem,cabin_filter_mann,cabin_filter_filtron
Toyota,Corolla,2008,2018,1ZR-FE,04152-YZZA6,HU 6006 z,OE 685/2,17801-YZZ05,C 25 040,AP 142/9,87139-YZZ20,CU 1919,K 1210
Toyota,Corolla,2008,2018,2ZR-FE,04152-YZZA6,HU 6006 z,OE 685/2,17801-YZZ05,C 25 040,AP 142/9,87139-YZZ20,CU 1919,K 1210
Toyota,Corolla,2019,2024,2ZR-FXE,04152-YZZA6,HU 6006 z,OE 685/2,17801-21060,C 2442,AP 142/9,87139-12010,CUK 2442,K 1311A
Toyota,Corolla,2019,2024,M20A-FKS,04152-YZZA1,HU 7019 z,OE 688/2,17801-F0050,C 27 030,AP 183/3,87139-12010,CUK 2442,K 1311A
Toyota,Yaris,2010,2014,1NZ-FE,04152-YZZA6,HU 6006 z,OE 685/2,17801-21060,C 2442,AP 142/9,87139-52040,CU 1829,K 1210
Toyota,Yaris,2015,2020,1NR-FE,04152-YZZA6,HU 6006 z,OE 685/2,17801-0Y040,C 22 018,AP 142/8,87139-52040,CU 1829,K 1210
Toyota,Yaris,2021,2024,M15A-FKS,04152-YZZA1,HU 7019 z,OE 688/2,17801-77050,C 22 019,AP 183/4,87139-52040,CU 1829,K 1210
Toyota,Yaris,2021,2024,M15A-FXE,04152-YZZA1,HU 7019 z,OE 688/2,17801-77050,C 22 019,AP 183/4,87139-52040,CU 1829,K 1210
Toyota,RAV4,2013,2018,2AR-FE,04152-31090,HU 7019 z,OE 688/2,17801-38011,C 30 017,AP 177/6,87139-0R030,CUK 2862,K 1316A
Toyota,RAV4,2019,2024,A25A-FKS,04152-YZZA1,HU 7019 z,OE 688/2,17801-F0050,C 27 030,AP 183/3,87139-0R030,CUK 2862,K 1316A
Toyota,RAV4,2019,2024,A25A-FXS,04152-YZZA1,HU 7019 z,OE 688/2,17801-F0050,C 27 030,AP 183/3,87139-0R030,CUK 2862,K 1316A
Toyota,Camry,2012,2017,2AR-FE,04152-31090,HU 7019 z,OE 688/2,17801-38011,C 30 017,AP 177/6,87139-06080,CUK 2862,K 1316A
Toyota,Camry,2018,2024,A25A-FKS,04152-YZZA1,HU 7019 z,OE 688/2,17801-F0050,C 27 030,AP 183/3,87139-06080,CUK 2862,K 1316A
Toyota,C-HR,2017,2024,2ZR-FXE,04152-YZZA6,HU 6006 z,OE 685/2,17801-21060,C 2442,AP 142/9,87139-F4010,CUK 2442,K 1311A
Toyota,C-HR,2017,2024,M20A-FKS,04152-YZZA1,HU 7019 z,OE 688/2,17801-F0050,C 27 030,AP 183/3,87139-F4010,CUK 2442,K 1311A
Toyota,Land Cruiser,2010,2021,1GR-FE,90915-30002,W 68/3,OP 621,17801-38051,C 31 018,AP 189,87139-60040,CUK 2145,K 1230
Toyota,Hilux,2015,2024,2GD-FTV,04152-38020,HU 7019 z,OE 688/2,17801-0L090,C 32 005,AP 183/5,87139-0K070,CUK 2862,K 1316A
Toyota,Hilux,2015,2024,1GD-FTV,04152-38020,HU 7019 z,OE 688/2,17801-0L090,C 32 005,AP 183/5,87139-0K070,CUK 2862,K 1316A
Toyota,Fortuner,2016,2024,2GD-FTV,04152-38020,HU 7019 z,OE 688/2,17801-0L090,C 32 005,AP 183/5,87139-0K070,CUK 2862,K 1316A
Toyota,Corolla Cross,2022,2024,2ZR-FXE,04152-YZZA6,HU 6006 z,OE 685/2,17801-21060,C 2442,AP 142/9,87139-12010,CUK 2442,K 1311A
Toyota,Corolla Cross,2022,2024,M20A-FKS,04152-YZZA1,HU 7019 z,OE 688/2,17801-F0050,C 27 030,AP 183/3,87139-12010,CUK 2442,K 1311A
Hyundai,i20,2012,2020,G4FA,26300-35505,W 811/80,OP 617,28113-1J000,C 28 011,AP 177/1,97133-D1000,CUK 2532,K 1329A
Hyundai,i20,2021,2024,G4LC,26300-35505,W 811/80,OP 617,28113-L1000,C 27 021,AP 177/7,97133-L1000,CUK 25012,K 1432A
Hyundai,i30,2012,2016,G4FD,26300-35505,W 811/80,OP 617,28113-A5800,C 28 014,AP 177/4,97133-B2000,CUK 24004,K 1329A
Hyundai,i30,2017,2024,G4FJ,26300-35505,W 811/80,OP 617,28113-J9100,C 27 021,AP 177/7,97133-J9100,CUK 25012,K 1432A
Hyundai,i30,2017,2024,G4LD,26300-35505,W 811/80,OP 617,28113-J9100,C 27 021,AP 177/7,97133-J9100,CUK 25012,K 1432A
Hyundai,i30,2021,2024,G4FP,26300-35505,W 811/80,OP 617,28113-J9100,C 27 021,AP 177/7,97133-J9100,CUK 25012,K 1432A
Hyundai,Tucson,2010,2015,G4FD,26300-35505,W 811/80,OP 617,28113-2S000,C 28 028,AP 182/3,97133-2E250,CUK 2532,K 1329A
Hyundai,Tucson,2016,2020,G4FJ,26300-35505,W 811/80,OP 617,28113-D3300,C 28 041,AP 182/5,97133-D3000,CUK 25012,K 1432A
Hyundai,Tucson,2021,2024,G4FP,26300-35505,W 811/80,OP 617,28113-L1500,C 28 042,AP 182/6,97133-L1000,CUK 25012,K 1432A
Hyundai,Tucson,2021,2024,G4NL,26300-35505,W 811/80,OP 617,28113-L1500,C 28 042,AP 182/6,97133-L1000,CUK 25012,K 1432A
Hyundai,Kona,2018,2024,G4LD,26300-35505,W 811/80,OP 617,28113-J9100,C 27 021,AP 177/7,97133-J9100,CUK 25012,K 1432A
Hyundai,Ioniq,2017,2022,G4LE,26300-35505,W 811/80,OP 617,28113-G2200,C 26 023,AP 177/5,97133-G2000,CUK 25012,K 1432A
Hyundai,Santa Fe,2013,2018,G4KE,26300-35505,W 811/80,OP 617,28113-2P300,C 28 028,AP 182/3,97133-2E250,CUK 2532,K 1329A
Hyundai,Santa Fe,2019,2024,G4KL,26300-35505,W 811/80,OP 617,28113-S1100,C 28 042,AP 182/6,97133-S1000,CUK 25012,K 1432A
Hyundai,Elantra,2016,2024,G4FG,26300-35505,W 811/80,OP 617,28113-A5800,C 28 014,AP 177/4,97133-F2000,CUK 25012,K 1432A
Hyundai,Bayon,2021,2024,G4LC,26300-35505,W 811/80,OP 617,28113-L1000,C 27 021,AP 177/7,97133-L1000,CUK 25012,K 1432A
Kia,Sportage,2010,2015,G4FD,26300-35505,W 811/80,OP 617,28113-2S000,C 28 028,AP 182/3,97133-2E250,CUK 2532,K 1329A
Kia,Sportage,2016,2021,G4FJ,26300-35505,W 811/80,OP 617,28113-D3300,C 28 041,AP 182/5,97133-D3000,CUK 25012,K 1432A
Kia,Sportage,2022,2024,G4FP,26300-35505,W 811/80,OP 617,28113-S1100,C 28 042,AP 182/6,97133-S1000,CUK 25012,K 1432A
Kia,Picanto,2012,2024,G4LA,26300-35505,W 811/80,OP 617,28113-07100,C 24 015,AP 108/7,97133-B5000,CUK 2316,K 1316
Kia,Picanto,2018,2024,G3LC,26300-35505,W 811/80,OP 617,28113-J9000,C 24 016,AP 108/8,97133-B5000,CUK 2316,K 1316
Kia,Ceed,2013,2018,G4FD,26300-35505,W 811/80,OP 617,28113-A5800,C 28 014,AP 177/4,97133-B2000,CUK 24004,K 1329A
Kia,Ceed,2019,2024,G4LD,26300-35505,W 811/80,OP 617,28113-J9100,C 27 021,AP 177/7,97133-J9100,CUK 25012,K 1432A
Kia,Niro,2017,2024,G4LE,26300-35505,W 811/80,OP 617,28113-G2200,C 26 023,AP 177/5,97133-G2000,CUK 25012,K 1432A
Kia,Sorento,2013,2024,G4KE,26300-35505,W 811/80,OP 617,28113-2P300,C 28 028,AP 182/3,97133-2E210,CUK 2532,K 1329A
Kia,Stonic,2018,2024,G4LC,26300-35505,W 811/80,OP 617,28113-J9100,C 27 021,AP 177/7,97133-J9100,CUK 25012,K 1432A
Kia,Seltos,2020,2024,G4FG,26300-35505,W 811/80,OP 617,28113-H8100,C 27 024,AP 177/7,97133-J9100,CUK 25012,K 1432A
Kia,Rio,2012,2017,G4FC,26300-35505,W 811/80,OP 617,28113-1R100,C 26 022,AP 177/3,97133-B5000,CUK 2316,K 1316
Kia,Rio,2017,2024,G4LC,26300-35505,W 811/80,OP 617,28113-J9000,C 24 016,AP 108/8,97133-B5000,CUK 2316,K 1316
Mazda,3,2014,2024,PE-VPS,SH01-14-302A,HU 711/51 x,OE 665/2,SH01-13-3A0A,C 25 036,AP 113/11,KD45-61-J6X,CUK 22 001/1,K 1350A
Mazda,CX-5,2013,2024,PE-VPS,SH01-14-302A,HU 711/51 x,OE 665/2,SH01-13-3A0A,C 25 036,AP 113/11,KD45-61-J6X,CUK 22 001/1,K 1350A
Mazda,CX-5,2013,2024,PY-VPS,SH01-14-302A,HU 711/51 x,OE 665/2,SH01-13-3A0A,C 25 036,AP 113/11,KD45-61-J6X,CUK 22 001/1,K 1350A
Mazda,CX-5,2017,2024,SH-VPTS,SH01-14-302A,HU 711/51 x,OE 665/2,SH01-13-3A0A,C 25 036,AP 113/11,KD45-61-J6X,CUK 22 001/1,K 1350A
Mazda,2,2015,2024,P3-VPS,PE01-14-302B,HU 6007 x,OE 685/3,D09W-13-Z40,C 1891,AP 113/12,D09W-61-J6X,CU 22 001,K 1350
Mazda,CX-30,2020,2024,PE-VPS,SH01-14-302A,HU 711/51 x,OE 665/2,SH01-13-3A0A,C 25 036,AP 113/11,KD45-61-J6X,CUK 22 001/1,K 1350A
Mazda,CX-3,2015,2024,PE-VPS,PE01-14-302B,HU 6007 x,OE 685/3,PE07-13-3A0A,C 25 036,AP 113/11,D09W-61-J6X,CU 22 001,K 1350
Mazda,CX-9,2016,2024,PY-VPTS,SH01-14-302A,HU 711/51 x,OE 665/2,PY8W-13-3A0,C 30 019,AP 113/13,TK48-61-J6X,CUK 2939,K 1350A
Mazda,MX-5,2016,2024,PE-VPS,PE01-14-302B,HU 6007 x,OE 685/3,PE07-13-3A0A,C 25 036,AP 113/11,N246-61-J6X,CU 22 001,K 1350
Skoda,Octavia,2013,2024,CZDA,04E 115 561 H,W 712/95,OP 641/2,5Q0 129 620 B,C 26 009,AP 139/3,5Q0 819 653,CUK 26 009,K 1311A
Skoda,Octavia,2013,2024,CRLB,03N 115 562,HU 7012 z,OE 688/1,5Q0 129 620 B,C 26 009,AP 139/3,5Q0 819 653,CUK 26 009,K 1311A
Skoda,Fabia,2015,2024,CWVA,04E 115 561 H,W 712/95,OP 641/2,6C0 129 620,C 25 056,AP 139/4,6R0 819 653,CUK 26 010,K 1311
Skoda,Karoq,2018,2024,CZDA,04E 115 561 H,W 712/95,OP 641/2,5Q0 129 620 B,C 26 009,AP 139/3,5Q0 819 653,CUK 26 009,K 1311A
Skoda,Karoq,2018,2024,DFGA,03N 115 562,HU 7012 z,OE 688/1,5Q0 129 620 B,C 26 009,AP 139/3,5Q0 819 653,CUK 26 009,K 1311A
Skoda,Kodiaq,2017,2024,CZDA,04E 115 561 H,W 712/95,OP 641/2,5Q0 129 620 B,C 26 009,AP 139/3,5Q0 819 653,CUK 26 009,K 1311A
Skoda,Kodiaq,2017,2024,CZPA,06L 115 562,HU 6013 z,OE 688/3,5Q0 129 620 B,C 26 009,AP 139/3,5Q0 819 653,CUK 26 009,K 1311A
Skoda,Kodiaq,2017,2024,DFGA,03N 115 562,HU 7012 z,OE 688/1,5Q0 129 620 B,C 26 009,AP 139/3,5Q0 819 653,CUK 26 009,K 1311A
Skoda,Scala,2019,2024,DKLA,04E 115 561 H,W 712/95,OP 641/2,04C 129 620 C,C 25 070,AP 139/5,5Q0 819 653,CUK 26 009,K 1311A
Skoda,Kamiq,2019,2024,DKLA,04E 115 561 H,W 712/95,OP 641/2,04C 129 620 C,C 25 070,AP 139/5,5Q0 819 653,CUK 26 009,K 1311A
Skoda,Superb,2015,2024,CZDA,04E 115 561 H,W 712/95,OP 641/2,5Q0 129 620 B,C 26 009,AP 139/3,3Q0 819 653,CUK 2939,K 1350A
Skoda,Superb,2015,2024,DFGA,03N 115 562,HU 7012 z,OE 688/1,5Q0 129 620 B,C 26 009,AP 139/3,3Q0 819 653,CUK 2939,K 1350A
Volkswagen,Golf,2013,2024,CZDA,04E 115 561 H,W 712/95,OP 641/2,5Q0 129 620 B,C 26 009,AP 139/3,5Q0 819 653,CUK 26 009,K 1311A
Volkswagen,Golf,2013,2024,CRLB,03N 115 562,HU 7012 z,OE 688/1,5Q0 129 620 B,C 26 009,AP 139/3,5Q0 819 653,CUK 26 009,K 1311A
Volkswagen,Polo,2014,2017,CWVA,04E 115 561 H,W 712/95,OP 641/2,6C0 129 620,C 25 056,AP 139/4,6R0 819 653,CUK 26 010,K 1311
Volkswagen,Polo,2018,2024,DKRF,04E 115 561 H,W 712/95,OP 641/2,04C 129 620 C,C 25 070,AP 139/5,2Q0 819 653,CUK 26 009,K 1311A
Volkswagen,Tiguan,2016,2024,CZDA,04E 115 561 H,W 712/95,OP 641/2,5Q0 129 620 B,C 26 009,AP 139/3,5Q0 819 653,CUK 26 009,K 1311A
Volkswagen,Tiguan,2016,2024,CZPA,06L 115 562,HU 6013 z,OE 688/3,5Q0 129 620 B,C 26 009,AP 139/3,5Q0 819 653,CUK 26 009,K 1311A
Volkswagen,Tiguan,2016,2024,DFGA,03N 115 562,HU 7012 z,OE 688/1,5Q0 129 620 B,C 26 009,AP 139/3,5Q0 819 653,CUK 26 009,K 1311A
Volkswagen,T-Roc,2018,2024,CZDA,04E 115 561 H,W 712/95,OP 641/2,5Q0 129 620 B,C 26 009,AP 139/3,5Q0 819 653,CUK 26 009,K 1311A
Volkswagen,T-Cross,2019,2024,DKRF,04E 115 561 H,W 712/95,OP 641/2,04C 129 620 C,C 25 070,AP 139/5,2Q0 819 653,CUK 26 009,K 1311A
Volkswagen,Passat,2015,2024,CZDA,04E 115 561 H,W 712/95,OP 641/2,3Q0 129 620 B,C 30 030,AP 139/6,3Q0 819 653,CUK 2939,K 1350A
Volkswagen,Passat,2015,2024,DFGA,03N 115 562,HU 7012 z,OE 688/1,3Q0 129 620 B,C 30 030,AP 139/6,3Q0 819 653,CUK 2939,K 1350A
Volkswagen,Touran,2015,2024,CZDA,04E 115 561 H,W 712/95,OP 641/2,5Q0 129 620 B,C 26 009,AP 139/3,5Q0 819 653,CUK 26 009,K 1311A
Suzuki,Swift,2012,2016,K12B,16510-61A31,W 67/2,OP 575,13780-73J00,C 23 107,AP 120/4,95861-62R00,CU 21 003,K 1234
Suzuki,Swift,2017,2024,K12C,16510-61A31,W 67/2,OP 575,13780-74P00,C 22 020,AP 120/5,95860-74P00,CU 22 001,K 1350
Suzuki,Swift,2017,2024,K14C,16510-61A31,W 67/2,OP 575,13780-74P00,C 22 020,AP 120/5,95860-74P00,CU 22 001,K 1350
Suzuki,Vitara,2015,2024,M16A,16510-61A31,W 67/2,OP 575,13780-61M00,C 22 020,AP 120/5,95860-61M00,CU 22 001,K 1350
Suzuki,Vitara,2015,2024,K14C,16510-61A31,W 67/2,OP 575,13780-61M00,C 22 020,AP 120/5,95860-61M00,CU 22 001,K 1350
Suzuki,SX4 S-Cross,2014,2024,M16A,16510-61A31,W 67/2,OP 575,13780-61M00,C 22 020,AP 120/5,95860-61M00,CU 22 001,K 1350
Suzuki,Baleno,2016,2024,K12C,16510-61A31,W 67/2,OP 575,13780-74P00,C 22 020,AP 120/5,95860-74P00,CU 22 001,K 1350
Suzuki,Jimny,2019,2024,K15B,16510-61A31,W 67/2,OP 575,13780-74P10,C 22 020,AP 120/5,95860-77R00,CU 22 001,K 1350
Suzuki,Ignis,2017,2024,K12C,16510-61A31,W 67/2,OP 575,13780-74P00,C 22 020,AP 120/5,95860-74P00,CU 22 001,K 1350
Nissan,Qashqai,2014,2021,MR20DD,15208-65F0E,W 67/1,OP 595,16546-4BA1B,C 27 009,AP 185/3,27277-4BU0A,CUK 1936,K 1355A
Nissan,Qashqai,2022,2024,KR15DDT,15208-65F0E,W 67/1,OP 595,16546-6FR0A,C 27 050,AP 185/5,27277-6MA0A,CUK 25014,K 1432B
Nissan,Juke,2015,2019,HR16DE,15208-65F0E,W 67/1,OP 595,16546-JD20A,C 25 040,AP 142/9,27277-1KA4A,CUK 2442,K 1311A
Nissan,Juke,2020,2024,HR13DDT,15208-65F0E,W 67/1,OP 595,16546-6FR0A,C 27 050,AP 185/5,27277-6MA0A,CUK 25014,K 1432B
Nissan,X-Trail,2014,2021,MR20DD,15208-65F0E,W 67/1,OP 595,16546-4BA1B,C 27 009,AP 185/3,27277-4BU0A,CUK 1936,K 1355A
Nissan,Micra,2017,2024,HR10DET,15208-65F0E,W 67/1,OP 595,16546-5FA1B,C 1869,AP 120/6,27277-5FA0A,CU 1829,K 1210
Nissan,Navara,2015,2024,YD25DDTi,15208-BN30A,HU 819/1 x,OE 688/4,16546-EB300,C 24 013,AP 154/5,27275-EN000,CU 22 011,K 1350
Honda,Civic,2012,2016,R18Z1,15400-RTA-003,W 610/6,OP 575/1,17220-R1A-A01,C 25 040,AP 142/9,80292-TF0-G01,CUK 1829,K 1210
Honda,Civic,2017,2024,L15B7,15400-RTA-003,W 610/6,OP 575/1,17220-5AA-A00,C 23 120,AP 120/7,80292-TBA-A11,CUK 21 003,K 1350
Honda,Jazz,2014,2020,L15B,15400-RTA-003,W 610/6,OP 575/1,17220-55A-Z01,C 22 018,AP 142/8,80292-TF0-G01,CUK 1829,K 1210
Honda,Jazz,2021,2024,LEB,15400-RTA-003,W 610/6,OP 575/1,17220-5R0-008,C 22 019,AP 142/10,80292-TLA-A01,CUK 21 003,K 1350
Honda,HR-V,2015,2021,L15B,15400-RTA-003,W 610/6,OP 575/1,17220-55A-Z01,C 22 018,AP 142/8,80292-T5A-J01,CUK 1936,K 1355A
Honda,CR-V,2013,2016,R20A,15400-RTA-003,W 610/6,OP 575/1,17220-R5A-A00,C 25 040,AP 142/9,80292-T0G-G01,CUK 2442,K 1311A
Honda,CR-V,2017,2024,L15B7,15400-RTA-003,W 610/6,OP 575/1,17220-5AA-A00,C 23 120,AP 120/7,80292-TBA-A11,CUK 21 003,K 1350
Mitsubishi,Outlander,2013,2024,4B12,1230A114,W 610/9,OP 575/2,1500A023,C 27 003,AP 120/3,7803A028,CUK 2141,K 1316A
Mitsubishi,ASX,2013,2024,4B10,1230A114,W 610/9,OP 575/2,1500A023,C 27 003,AP 120/3,7803A028,CUK 2141,K 1316A
Mitsubishi,L200,2015,2024,4N15,1230A186,HU 7020 z,OE 688/5,1500A617,C 32 005,AP 183/5,7803A028,CUK 2141,K 1316A
BMW,1 Series,2012,2019,N20B20,11 42 7 953 129,HU 816 x,OE 649/7,13 71 7 602 643,C 30 135,AP 035/3,64 11 9 237 555,CUK 25 001,K 1311A
BMW,1 Series,2019,2024,B48B20,11 42 8 575 211,HU 6015 z,OE 688/6,13 71 8 519 129,C 25 070,AP 139/5,64 11 9 321 875,CUK 26 023,K 1432
BMW,3 Series,2012,2018,N20B20,11 42 7 953 129,HU 816 x,OE 649/7,13 71 7 602 643,C 30 135,AP 035/3,64 11 9 237 555,CUK 25 001,K 1311A
BMW,3 Series,2019,2024,B48B20,11 42 8 575 211,HU 6015 z,OE 688/6,13 71 8 519 129,C 25 070,AP 139/5,64 11 9 321 875,CUK 26 023,K 1432
BMW,3 Series,2019,2024,B47D20,11 42 8 575 211,HU 6015 z,OE 688/6,13 71 8 519 129,C 25 070,AP 139/5,64 11 9 321 875,CUK 26 023,K 1432
BMW,X1,2016,2024,B48B20,11 42 8 575 211,HU 6015 z,OE 688/6,13 71 8 519 129,C 25 070,AP 139/5,64 31 9 194 098,CUK 26 009,K 1311A
BMW,X3,2014,2017,N20B20,11 42 7 953 129,HU 816 x,OE 649/7,13 71 7 602 643,C 30 135,AP 035/3,64 11 9 237 555,CUK 25 001,K 1311A
BMW,X3,2018,2024,B48B20,11 42 8 575 211,HU 6015 z,OE 688/6,13 71 8 519 129,C 25 070,AP 139/5,64 11 9 321 875,CUK 26 023,K 1432
BMW,X5,2014,2018,N20B20,11 42 7 953 129,HU 816 x,OE 649/7,13 71 7 602 643,C 30 135,AP 035/3,64 11 9 237 555,CUK 25 001,K 1311A
BMW,X5,2019,2024,B58B30,11 42 8 575 211,HU 6015 z,OE 688/6,13 71 8 519 129,C 25 070,AP 139/5,64 11 9 321 875,CUK 26 023,K 1432
Mercedes-Benz,A-Class,2013,2018,M270,270 180 01 09,HU 711/51 x,OE 682/2,270 094 02 04,C 27 006,AP 035/4,246 830 03 18,CUK 29 005,K 1316A
Mercedes-Benz,A-Class,2019,2024,M282,282 180 00 09,HU 6008 z,OE 688/7,177 094 02 05,C 22 019,AP 183/4,177 830 00 00,CUK 26 023,K 1432
Mercedes-Benz,C-Class,2014,2018,M274,274 180 00 09,HU 711/51 x,OE 682/2,274 094 01 04,C 30 017,AP 035/5,205 835 03 47,CUK 29 005,K 1316A
Mercedes-Benz,C-Class,2019,2024,M264,264 180 00 09,HU 6008 z,OE 688/7,264 094 01 04,C 30 017,AP 035/5,205 835 03 47,CUK 29 005,K 1316A
Mercedes-Benz,E-Class,2016,2024,M274,274 180 00 09,HU 711/51 x,OE 682/2,274 094 01 04,C 30 017,AP 035/5,213 835 00 47,CUK 29 005,K 1316A
Mercedes-Benz,GLA,2020,2024,M282,282 180 00 09,HU 6008 z,OE 688/7,177 094 02 05,C 22 019,AP 183/4,177 830 00 00,CUK 26 023,K 1432
Mercedes-Benz,GLC,2016,2024,M274,274 180 00 09,HU 711/51 x,OE 682/2,274 094 01 04,C 30 017,AP 035/5,253 835 02 47,CUK 29 005,K 1316A
Peugeot,208,2012,2024,EB2,1109.CK,W 75/3,OP 575/3,1444.TT,C 1891,AP 058/6,9809647380,CUK 26 010,K 1311
Peugeot,208,2019,2024,EB2ADTS,9818914980,HU 7033 z,OE 682/6,9818479180,C 22 020,AP 058/7,9809647380,CUK 26 010,K 1311
Peugeot,2008,2013,2024,EB2DT,9818914980,HU 7033 z,OE 682/6,9802348680,C 22 020,AP 058/7,9809647380,CUK 26 010,K 1311
Peugeot,308,2014,2024,EP6,1109.CK,W 75/3,OP 575/3,1444.VZ,C 25 040,AP 058/5,6479.C2,CUK 26 009,K 1311A
Peugeot,3008,2017,2024,EB2ADTS,9818914980,HU 7033 z,OE 682/6,9818479180,C 22 020,AP 058/7,9809647380,CUK 26 010,K 1311
Peugeot,3008,2017,2024,DV5,9818914980,HU 7033 z,OE 682/6,9818479180,C 22 020,AP 058/7,9809647380,CUK 26 010,K 1311
Peugeot,5008,2017,2024,EB2ADTS,9818914980,HU 7033 z,OE 682/6,9818479180,C 22 020,AP 058/7,9809647380,CUK 26 010,K 1311
Citroen,C3,2010,2024,EB2,1109.CK,W 75/3,OP 575/3,1444.TT,C 1891,AP 058/6,9809647380,CUK 26 010,K 1311
Citroen,C3,2017,2024,EB2ADTS,9818914980,HU 7033 z,OE 682/6,9818479180,C 22 020,AP 058/7,9809647380,CUK 26 010,K 1311
Citroen,C4,2021,2024,EB2ADTS,9818914980,HU 7033 z,OE 682/6,9818479180,C 22 020,AP 058/7,9809647380,CUK 26 010,K 1311
Citroen,C5 Aircross,2019,2024,EB2ADTS,9818914980,HU 7033 z,OE 682/6,9818479180,C 22 020,AP 058/7,9809647380,CUK 26 010,K 1311
Citroen,Berlingo,2019,2024,EB2ADTS,9818914980,HU 7033 z,OE 682/6,9818479180,C 22 020,AP 058/7,9809647380,CUK 26 010,K 1311
Renault,Clio,2013,2019,H5F,152095084R,W 75/3,OP 575/3,165461599R,C 1858/2,AP 058/6,272772835R,CU 22 011,K 1350
Renault,Clio,2020,2024,H5H,152095084R,W 75/3,OP 575/3,165468187R,C 22 020,AP 058/7,272772835R,CU 22 011,K 1350
Renault,Captur,2013,2024,H5F,152095084R,W 75/3,OP 575/3,165461599R,C 1858/2,AP 058/6,272772835R,CU 22 011,K 1350
Renault,Captur,2020,2024,H5H,152095084R,W 75/3,OP 575/3,165468187R,C 22 020,AP 058/7,272772835R,CU 22 011,K 1350
Renault,Megane,2016,2024,H5H,152095084R,W 75/3,OP 575/3,165468187R,C 22 020,AP 058/7,272773016R,CUK 22 011,K 1350A
Renault,Kadjar,2016,2022,H5H,152095084R,W 75/3,OP 575/3,165468187R,C 27 021,AP 177/7,272775374R,CUK 22 011,K 1350A
Renault,Koleos,2017,2024,M5P,152095084R,W 75/3,OP 575/3,16546-00QAU,C 27 009,AP 185/3,27277-00Q0A,CUK 1936,K 1355A
Fiat,500,2008,2024,312A2.000,55223416,W 712/22,OP 575/3,55192012,C 1891,AP 058/6,77366065,CU 20 006,K 1210
Fiat,Panda,2012,2024,312A2.000,55223416,W 712/22,OP 575/3,55192012,C 1891,AP 058/6,77366065,CU 20 006,K 1210
Fiat,Tipo,2016,2024,55263624,55223416,W 712/22,OP 575/3,52081805,C 25 040,AP 058/5,77367456,CUK 22 011,K 1350A
Fiat,500X,2015,2024,55263624,55223416,W 712/22,OP 575/3,52081805,C 25 040,AP 058/5,77367456,CUK 22 011,K 1350A
Subaru,XV,2013,2024,FB20,15208-AA160,W 67/2,OP 595,16546-AA12A,C 27 003,AP 120/3,72880-FL000,CUK 22 011,K 1350A
Subaru,Forester,2013,2024,FB25,15208-AA160,W 67/2,OP 595,16546-AA12A,C 27 003,AP 120/3,72880-FL000,CUK 22 011,K 1350A
Subaru,Outback,2015,2024,FB25,15208-AA160,W 67/2,OP 595,16546-AA12A,C 30 017,AP 120/3,72880-FL000,CUK 22 011,K 1350A
Subaru,Impreza,2012,2024,FB20,15208-AA160,W 67/2,OP 595,16546-AA12A,C 27 003,AP 120/3,72880-FL000,CUK 22 011,K 1350A
Ford,Focus,2012,2024,M8DA,1883037,W 712/95,OP 641/2,F1F1-9601-BC,C 16 005/2,AP 058/6,F1FZ-19N619-AB,CUK 25 007,K 1311A
Ford,Focus,2012,2024,XTDA,1883037,W 712/95,OP 641/2,F1F1-9601-BC,C 16 005/2,AP 058/6,F1FZ-19N619-AB,CUK 25 007,K 1311A
Ford,Fiesta,2012,2024,M1JE,1883037,W 712/95,OP 641/2,C1B1-9601-AB,C 16 005/1,AP 058/4,1743587,CUK 22 011,K 1350
Ford,Kuga,2013,2024,M8MA,1883037,W 712/95,OP 641/2,F1F1-9601-BC,C 16 005/2,AP 058/6,1776360,CUK 25 007,K 1311A
Ford,EcoSport,2014,2022,M1JE,1883037,W 712/95,OP 641/2,C1B1-9601-AB,C 16 005/1,AP 058/4,1743587,CUK 22 011,K 1350
Ford,Puma,2020,2024,B7JA,1883037,W 712/95,OP 641/2,LX6Z-9601-A,C 16 005/2,AP 058/6,LX6Z-19N619-B,CUK 25 007,K 1311A
Seat,Ibiza,2012,2024,CWVA,04E 115 561 H,W 712/95,OP 641/2,6C0 129 620,C 25 056,AP 139/4,6R0 819 653,CUK 26 010,K 1311
Seat,Ibiza,2018,2024,DKRF,04E 115 561 H,W 712/95,OP 641/2,04C 129 620 C,C 25 070,AP 139/5,2Q0 819 653,CUK 26 009,K 1311A
Seat,Leon,2013,2024,CZDA,04E 115 561 H,W 712/95,OP 641/2,5Q0 129 620 B,C 26 009,AP 139/3,5Q0 819 653,CUK 26 009,K 1311A
Seat,Arona,2018,2024,DKRF,04E 115 561 H,W 712/95,OP 641/2,04C 129 620 C,C 25 070,AP 139/5,2Q0 819 653,CUK 26 009,K 1311A
Seat,Ateca,2016,2024,CZDA,04E 115 561 H,W 712/95,OP 641/2,5Q0 129 620 B,C 26 009,AP 139/3,5Q0 819 653,CUK 26 009,K 1311A
Cupra,Formentor,2020,2024,CZPA,06L 115 562,HU 6013 z,OE 688/3,5Q0 129 620 B,C 26 009,AP 139/3,5Q0 819 653,CUK 26 009,K 1311A
Audi,A3,2013,2024,CZDA,04E 115 561 H,W 712/95,OP 641/2,5Q0 129 620 B,C 26 009,AP 139/3,5Q0 819 653,CUK 26 009,K 1311A
Audi,A4,2016,2024,CZDA,04E 115 561 H,W 712/95,OP 641/2,8W0 133 843,C 30 030,AP 139/6,4M0 819 439 A,CUK 2939,K 1350A
Audi,Q3,2019,2024,DKRF,04E 115 561 H,W 712/95,OP 641/2,04C 129 620 C,C 25 070,AP 139/5,5Q0 819 653,CUK 26 009,K 1311A
Audi,Q5,2017,2024,CZPA,06L 115 562,HU 6013 z,OE 688/3,8W0 133 843,C 30 030,AP 139/6,4M0 819 439 A,CUK 2939,K 1350A
Dacia,Sandero,2013,2024,H4M,152095084R,W 75/3,OP 575/3,165461599R,C 1858/2,AP 058/6,272772835R,CU 22 011,K 1350
Dacia,Duster,2013,2024,H5H,152095084R,W 75/3,OP 575/3,165468187R,C 22 020,AP 058/7,272772835R,CU 22 011,K 1350
Opel,Corsa,2015,2019,B14XEL,55594651,W 712/95,OP 641/2,55560894,C 25 056,AP 139/4,13356914,CUK 26 010,K 1311
Opel,Corsa,2020,2024,EB2ADTS,9818914980,HU 7033 z,OE 682/6,9818479180,C 22 020,AP 058/7,9809647380,CUK 26 010,K 1311
Opel,Astra,2016,2021,B14XFL,55594651,W 712/95,OP 641/2,13372460,C 28 030,AP 139/2,13356914,CUK 26 010,K 1311
Opel,Astra,2022,2024,EB2ADTS,9818914980,HU 7033 z,OE 682/6,9818479180,C 22 020,AP 058/7,9809647380,CUK 26 010,K 1311
Opel,Crossland,2017,2024,EB2ADTS,9818914980,HU 7033 z,OE 682/6,9818479180,C 22 020,AP 058/7,9809647380,CUK 26 010,K 1311
Opel,Mokka,2021,2024,EB2ADTS,9818914980,HU 7033 z,OE 682/6,9818479180,C 22 020,AP 058/7,9809647380,CUK 26 010,K 1311
Volvo,XC40,2018,2024,B4204T47,31372212,HU 711/51 x,OE 665/2,31370089,C 30 017,AP 035/5,31390880,CUK 2939,K 1350A
Volvo,XC60,2018,2024,B4204T23,31372212,HU 711/51 x,OE 665/2,31370089,C 30 017,AP 035/5,31390880,CUK 2939,K 1350A
Volvo,V40,2013,2019,B4204T11,31372212,HU 711/51 x,OE 665/2,31370089,C 30 017,AP 035/5,31390880,CUK 2939,K 1350A
MINI,Cooper,2014,2024,B38A15,11 42 8 575 211,HU 6015 z,OE 688/6,13 71 8 519 129,C 25 070,AP 139/5,64 11 9 321 875,CUK 26 023,K 1432
MINI,Cooper,2014,2024,B48A20,11 42 8 575 211,HU 6015 z,OE 688/6,13 71 8 519 129,C 25 070,AP 139/5,64 11 9 321 875,CUK 26 023,K 1432
MINI,Countryman,2017,2024,B48A20,11 42 8 575 211,HU 6015 z,OE 688/6,13 71 8 519 129,C 25 070,AP 139/5,64 11 9 321 875,CUK 26 023,K 1432
Jeep,Renegade,2015,2024,55263624,55223416,W 712/22,OP 575/3,52081805,C 25 040,AP 058/5,77367456,CUK 22 011,K 1350A
Jeep,Compass,2017,2024,55263624,55223416,W 712/22,OP 575/3,52081805,C 25 040,AP 058/5,77367456,CUK 22 011,K 1350A
Chery,Tiggo 4 Pro,2020,2024,SQRE4T15C,E4T15-1012010,W 811/80,OP 617,E4T15-1109111,C 27 021,AP 177/7,T11-8107910,CU 22 011,K 1350
Chery,Tiggo 7 Pro,2020,2024,SQRF4J16,F4J16-1012010,W 811/80,OP 617,F4J16-1109111,C 27 021,AP 177/7,T11-8107910,CU 22 011,K 1350
Chery,Tiggo 8 Pro,2020,2024,SQRF4J16,F4J16-1012010,W 811/80,OP 617,F4J16-1109111,C 27 021,AP 177/7,T11-8107910,CU 22 011,K 1350
Geely,Coolray,2020,2024,JLH-3G15TD,1016050811,W 811/80,OP 617,1016012681,C 27 021,AP 177/7,8022003200,CU 22 011,K 1350
Geely,Atlas,2020,2024,JLD-4G20,1016050811,W 811/80,OP 617,1016012681,C 30 017,AP 035/5,8022003200,CU 22 011,K 1350
