stem,detection_idx,start_time_s,end_time_s,duration_s,max_probability,mean_probability,window_count,start_window,end_window
2024-10-06_14-58-31_0000121,0,1.02912,1.06752,0.03839999999999999,0.9380964636802673,0.8844975411891938,90,2360,2450
2024-10-06_15-00-22_0000127,0,1.0376533333333333,1.0845866666666666,0.04693333333333327,0.9679009914398193,0.8827930043141047,110,2380,2490
2024-10-06_15-03-22_0000144,0,1.55392,1.6392533333333332,0.08533333333333326,0.8569706678390503,0.7086377853438968,200,3590,3790
2024-10-06_15-07-36_0000160,0,1.6008533333333332,1.6989866666666666,0.0981333333333334,0.8946454524993896,0.7423940065006415,230,3700,3930
2024-10-06_15-07-48_0000162,0,1.51552,1.56672,0.05119999999999991,0.882440447807312,0.7317880483774039,120,3500,3620
2024-10-06_15-19-18_0000215,0,1.5837866666666667,1.66912,0.08533333333333326,0.9459187388420105,0.8257097176143101,200,3660,3860
2024-10-06_15-28-21_0000272,0,1.4728533333333333,1.52832,0.05546666666666655,0.8806683421134949,0.7140405497380665,130,3400,3530
2024-10-06_15-34-46_0000298,0,0.9480533333333333,0.9992533333333333,0.05120000000000002,0.8942572474479675,0.7425963488908914,120,2170,2290
2024-10-06_15-34-46_0000298,1,1.6221866666666667,1.72032,0.0981333333333334,0.9306886792182922,0.8430023044347763,230,3750,3980
2024-10-06_15-35-41_0000308,0,2.6248533333333333,2.71872,0.09386666666666654,0.9529948830604553,0.7702735481054886,220,6100,6320
2024-10-06_15-39-52_0000326,0,1.9720533333333334,2.070186666666667,0.0981333333333334,0.913568377494812,0.6327680299679438,230,4570,4800
2024-10-06_15-53-03_0000369,0,1.04192,1.09312,0.051200000000000134,0.9533695578575134,0.802362682727667,120,2390,2510
2024-10-06_15-54-05_0000377,0,0.95232,1.0120533333333332,0.059733333333333194,0.987571120262146,0.8573070486386617,140,2180,2320
2024-10-06_16-01-56_0000400,0,0.99072,1.0632533333333334,0.07253333333333334,0.99247145652771,0.862028236190478,170,2270,2440
2024-10-06_16-06-16_0000416,0,1.00352,1.04192,0.03839999999999999,0.8832260370254517,0.7660537004470825,90,2300,2390
2024-10-06_16-36-23_0000444,0,1.01632,1.0589866666666667,0.04266666666666685,0.9266259074211121,0.8529225262728605,100,2330,2430
2024-10-06_16-39-10_0000459,0,1.0077866666666666,1.0461866666666666,0.03839999999999999,0.8931484222412109,0.7735258370637894,90,2310,2400
2024-10-06_16-40-12_0000463,0,0.9992533333333333,1.0376533333333333,0.03839999999999999,0.9094743728637695,0.8499309659004212,90,2290,2380
2024-10-06_16-46-19_0000472,0,0.9992533333333333,1.0461866666666666,0.04693333333333327,0.9608238339424133,0.8811217769980431,110,2290,2400
2024-10-06_16-49-36_0000483,0,0.9821866666666667,1.0461866666666666,0.06399999999999995,0.9344003200531006,0.7639515399932861,150,2250,2400
2024-10-06_16-59-40_0000518,0,1.98912,2.0360533333333333,0.04693333333333327,0.9482690691947937,0.853502040108045,110,4610,4720
2024-10-06_17-00-53_0000523,0,1.95072,1.98912,0.03839999999999999,0.9584999084472656,0.9339848160743713,90,4520,4610
2024-10-06_17-02-47_0000530,0,1.37472,1.4216533333333334,0.04693333333333349,0.9794849753379822,0.9228270004192988,110,3170,3280
2024-10-06_17-02-47_0000530,1,2.0829866666666668,2.1384533333333335,0.055466666666666775,0.968798816204071,0.8339272567204067,130,4830,4960
2024-10-06_17-02-51_0000531,0,0.9992533333333333,1.0376533333333333,0.03839999999999999,0.9012832045555115,0.830094039440155,90,2290,2380
2024-10-06_17-05-08_0000540,0,1.0120533333333332,1.0589866666666667,0.04693333333333349,0.9818275570869446,0.8763826514283816,110,2320,2430
2024-10-06_17-05-24_0000542,0,1.01632,1.0632533333333334,0.04693333333333349,0.9209414720535278,0.8058489561080933,110,2330,2440
2024-10-06_17-09-53_0000568,0,2.12992,2.1725866666666667,0.04266666666666685,0.9025816917419434,0.7835617173801769,100,4940,5040
2024-10-06_17-12-10_0000589,0,0.9437866666666667,1.1613866666666666,0.2175999999999999,0.9355745315551758,0.6381404984455842,510,2160,2670
2024-10-06_19-10-11_0000960,0,1.0120533333333332,1.06752,0.055466666666666775,0.9986396431922913,0.9204052473817553,130,2320,2450
2024-10-06_19-11-02_0000968,0,1.8312533333333334,1.9293866666666666,0.09813333333333318,0.9915326237678528,0.8904426917433739,230,4240,4470
2024-10-06_19-11-02_0000968,1,1.9421866666666667,1.98912,0.04693333333333327,0.8469977378845215,0.7151462063193321,110,4500,4610
2024-10-06_19-14-14_0000988,0,0.97792,1.01632,0.03839999999999988,0.9630559086799622,0.9243403255939484,90,2240,2330
2024-10-06_19-18-00_0001000,0,0.9821866666666667,1.0717866666666667,0.08960000000000001,0.9645110368728638,0.7967089942910455,210,2250,2460
2024-10-06_19-18-00_0001000,1,2.006186666666667,2.070186666666667,0.06400000000000006,0.9888307452201843,0.8348451610654593,150,4650,4800
2024-10-06_20-09-30_0001152,0,1.11872,1.16992,0.051200000000000134,0.995693027973175,0.9147336230828211,120,2570,2690
2024-10-06_20-16-44_0001185,0,0.9736533333333334,1.01632,0.04266666666666652,0.9438066482543945,0.8724897883155129,100,2230,2330
2024-10-06_20-29-20_0001234,0,1.0248533333333334,1.06752,0.04266666666666663,0.9605458378791809,0.8901007825678046,100,2350,2450
2024-10-06_20-29-20_0001234,1,1.9549866666666667,1.9933866666666666,0.03839999999999999,0.8949283361434937,0.8651836276054382,90,4530,4620
2024-10-06_20-29-22_0001235,0,0.42752,0.46592,0.03839999999999999,0.8948400020599365,0.8352279901504517,90,950,1040
2024-10-06_20-29-22_0001235,1,0.99072,1.0333866666666667,0.04266666666666663,0.9412375092506409,0.8663250533017245,100,2270,2370
2024-10-06_20-36-33_0001281,0,0.99072,1.0376533333333333,0.04693333333333327,0.9925277233123779,0.9205663154522578,110,2270,2380
2024-10-06_20-36-35_0001282,0,0.9821866666666667,1.02912,0.04693333333333338,0.9976581335067749,0.9414445161819458,110,2250,2360
2024-10-06_20-36-35_0001282,1,2.868053333333333,2.9192533333333333,0.051200000000000134,0.9975646734237671,0.927233317723641,120,6670,6790
2024-10-06_20-57-56_0001356,0,0.9949866666666667,1.0376533333333333,0.04266666666666663,0.966510534286499,0.8990799242799933,100,2280,2380
2024-10-06_21-00-54_0001364,0,0.9864533333333333,1.0333866666666667,0.04693333333333338,0.9571377635002136,0.8616253857811292,110,2260,2370
2024-10-06_21-19-52_0001403,0,0.51712,0.5597866666666667,0.04266666666666663,0.9608350396156311,0.9101426330479708,100,1160,1260
2024-10-06_21-46-08_0001443,0,1.01632,1.05472,0.03840000000000021,0.9657188057899475,0.9411576628684998,90,2330,2420
2024-10-06_22-06-53_0001484,0,0.99072,1.0888533333333332,0.09813333333333318,0.9931415915489197,0.864153116941452,230,2270,2500
2024-10-06_22-07-12_0001488,0,0.97792,1.0333866666666667,0.055466666666666664,0.9573880434036255,0.8208009834800448,130,2240,2370
2024-10-06_22-07-12_0001488,1,1.63072,1.68192,0.051200000000000134,0.8546075224876404,0.7521215906509986,120,3770,3890
2024-10-06_22-07-12_0001488,2,1.7160533333333334,1.77152,0.05546666666666655,0.8478832244873047,0.7082936891487667,130,3970,4100
2024-10-06_22-07-12_0001488,3,2.223786666666667,2.3304533333333333,0.10666666666666647,0.9372805953025818,0.8703153683589056,250,5160,5410
2024-10-06_22-22-30_0001532,0,0.9949866666666667,1.0333866666666667,0.03839999999999999,0.8888999819755554,0.7971391081809998,90,2280,2370
2024-10-06_22-25-59_0001555,0,0.9949866666666667,1.0376533333333333,0.04266666666666663,0.9688140153884888,0.9252870624715631,100,2280,2380
2024-10-06_22-43-13_0001631,0,0.9864533333333333,1.02912,0.04266666666666674,0.9053137302398682,0.808315781029788,100,2260,2360
2024-10-06_22-44-13_0001638,0,0.9949866666666667,1.0461866666666666,0.05119999999999991,0.9872915744781494,0.8735850843099447,120,2280,2400
2024-10-06_23-14-15_0001726,0,0.9821866666666667,1.02912,0.04693333333333338,0.9452654719352722,0.8448749855160713,110,2250,2360
2024-10-06_23-31-56_0001801,0,1.02912,1.0717866666666667,0.04266666666666663,0.9620746374130249,0.9015474861318414,100,2360,2460
2024-10-06_23-32-27_0001805,0,0.9949866666666667,1.0376533333333333,0.04266666666666663,0.9410133361816406,0.8611753826791589,100,2280,2380
2024-10-06_23-45-16_0001853,0,1.0248533333333334,1.0845866666666666,0.059733333333333194,0.9934406876564026,0.8430151224136353,140,2350,2490
2024-10-06_23-45-16_0001853,1,1.16992,1.2125866666666667,0.04266666666666663,0.9776071310043335,0.9129548181187023,100,2690,2790
2024-10-06_23-45-16_0001853,2,1.29792,1.3405866666666666,0.04266666666666663,0.977667510509491,0.9131129817529158,100,2990,3090
2024-10-06_23-48-40_0001868,0,0.9693866666666666,1.0120533333333332,0.04266666666666663,0.8690488338470459,0.7580713954838839,100,2220,2320
2024-10-06_23-57-58_0001908,0,0.99072,1.02912,0.03839999999999999,0.8761985301971436,0.7918053239583969,90,2270,2360
2024-10-07_00-20-22_0001985,0,1.01632,1.0504533333333332,0.03413333333333335,0.9169521331787109,0.858165529039171,80,2330,2410
2024-10-07_00-21-56_0001986,0,0.9864533333333333,1.02912,0.04266666666666674,0.925324022769928,0.825095767324621,100,2260,2360
2024-10-07_00-23-32_0001993,0,1.02912,1.06752,0.03839999999999999,0.8970643877983093,0.8473534762859345,90,2360,2450
2024-10-07_01-02-37_0002126,0,0.9992533333333333,1.0376533333333333,0.03839999999999999,0.9292920827865601,0.8777819991111755,90,2290,2380
2024-10-07_01-03-00_0002128,0,0.97792,1.0248533333333334,0.04693333333333338,0.9074433445930481,0.756960945824782,110,2240,2350
2024-10-07_01-07-03_0002138,0,0.97792,1.01632,0.03839999999999988,0.8820956349372864,0.8055564492940903,90,2240,2330
2024-10-07_01-39-09_0002265,0,0.99072,1.0461866666666666,0.05546666666666655,0.9297213554382324,0.7646043917962483,130,2270,2400
2024-10-07_02-05-03_0002311,0,1.4472533333333333,1.48992,0.04266666666666663,0.9465842843055725,0.8407227071848783,100,3340,3440
2024-10-07_02-12-59_0002337,0,0.23978666666666668,0.2952533333333333,0.055466666666666636,0.9792486429214478,0.8562444852931159,130,510,640
2024-10-07_02-20-35_0002358,0,0.9821866666666667,1.01632,0.03413333333333324,0.9626805782318115,0.9323972000016106,80,2250,2330
2024-10-07_02-27-27_0002372,0,0.82432,0.8541866666666666,0.029866666666666597,0.854038417339325,0.8120738118886948,70,1880,1950
2024-10-07_02-31-29_0002381,0,2.2408533333333334,2.287786666666667,0.04693333333333349,0.9501880407333374,0.8550192266702652,110,5200,5310
2024-10-07_02-31-31_0002382,0,0.21845333333333333,0.26538666666666666,0.04693333333333333,0.9555865526199341,0.8792261332273483,110,460,570
2024-10-07_02-32-02_0002386,0,1.14432,1.1784533333333334,0.03413333333333335,0.8688676953315735,0.8273947702513801,80,2630,2710
2024-10-07_02-32-02_0002386,1,1.27232,1.3064533333333332,0.03413333333333335,0.8690829873085022,0.8279060655170016,80,2930,3010
2024-10-07_02-32-02_0002386,2,1.40032,1.4344533333333334,0.03413333333333335,0.8690394759178162,0.8279174102677239,80,3230,3310
2024-10-07_02-32-02_0002386,3,1.52832,1.5624533333333332,0.03413333333333335,0.8690394759178162,0.8279174102677239,80,3530,3610
2024-10-07_02-32-02_0002386,4,1.65632,1.6904533333333334,0.03413333333333335,0.8690394759178162,0.8279174102677239,80,3830,3910
2024-10-07_02-32-02_0002386,5,1.78432,1.8184533333333333,0.03413333333333335,0.8690249919891357,0.8274713291062249,80,4130,4210
2024-10-07_02-32-02_0002386,6,1.91232,1.9464533333333334,0.03413333333333335,0.869196891784668,0.8276779055595398,80,4430,4510
2024-10-07_02-32-02_0002386,7,2.04032,2.0744533333333335,0.03413333333333357,0.8688451051712036,0.8271314104398092,80,4730,4810
2024-10-07_03-05-33_0002501,0,0.97792,1.0205866666666668,0.04266666666666674,0.9254900217056274,0.8213117366487329,100,2240,2340
2024-10-07_04-07-01_0002752,0,1.0248533333333334,1.0632533333333334,0.03839999999999999,0.9316855669021606,0.8831905543804168,90,2350,2440
2024-10-07_04-57-18_0002800,0,0.97792,1.0248533333333334,0.04693333333333338,0.9216903448104858,0.7965437173843384,110,2240,2350
2024-10-07_09-13-48_0003015,0,1.0248533333333334,1.0632533333333334,0.03839999999999999,0.924277663230896,0.8627780884504318,90,2350,2440
2024-10-07_09-28-12_0003024,0,0.3592533333333333,0.39338666666666666,0.03413333333333335,0.9109705686569214,0.8853418893284268,80,790,870
2024-10-07_12-51-35_0003072,0,1.02912,1.0717866666666667,0.04266666666666663,0.9428470134735107,0.863039493560791,100,2360,2460
2024-10-07_17-15-10_0003475,0,2.07872,2.11712,0.03839999999999977,0.9458463191986084,0.8000039637088776,90,4820,4910
2024-10-07_17-47-43_0003609,0,0.022186666666666667,0.047786666666666665,0.025599999999999998,0.9621487259864807,0.9466820699828011,60,0,60
2024-10-07_18-38-03_0003803,0,0.039253333333333335,0.07338666666666667,0.034133333333333335,0.8313422799110413,0.6699929899639554,80,40,120
2024-10-07_20-01-33_0004113,0,0.63232,0.7389866666666667,0.10666666666666669,0.9151225090026855,0.8017228429134076,250,1430,1680
2024-10-07_20-21-24_0004198,0,1.0077866666666666,1.0461866666666666,0.03839999999999999,0.9191405773162842,0.8489864528179168,90,2310,2400
2024-10-07_20-36-31_0004254,0,1.01632,1.0632533333333334,0.04693333333333349,0.848619818687439,0.7070103660225868,110,2330,2440
2024-10-07_21-44-15_0004438,0,1.0461866666666666,1.0845866666666666,0.03839999999999999,0.8988280892372131,0.8287022829055786,90,2400,2490
2024-10-07_22-35-53_0004584,0,1.0077866666666666,1.04192,0.03413333333333335,0.8742796778678894,0.8408088088035583,80,2310,2390
2024-10-07_23-10-02_0004668,0,2.14272,2.1896533333333332,0.04693333333333305,0.9756397604942322,0.9045701374610265,110,4970,5080
2024-10-07_23-20-45_0004691,0,0.9949866666666667,1.02912,0.03413333333333335,0.8860964775085449,0.8635378281275431,80,2280,2360
2024-10-07_23-20-45_0004691,1,1.65632,1.6989866666666666,0.04266666666666663,0.9466049671173096,0.8500935679132288,100,3830,3930
2024-10-07_23-20-45_0004691,2,2.47552,2.51392,0.03840000000000021,0.8800995349884033,0.8223215758800506,90,5750,5840
2024-10-07_23-22-01_0004697,0,0.9949866666666667,1.02912,0.03413333333333335,0.9171708822250366,0.8792394995689392,80,2280,2360
2024-10-08_01-55-41_0005122,0,1.0376533333333333,1.08032,0.04266666666666663,0.9391411542892456,0.8781923814253374,100,2380,2480
2024-10-08_02-01-32_0005135,0,0.9565866666666667,0.9949866666666667,0.03839999999999999,0.9245955944061279,0.884982168674469,90,2190,2280
2024-10-08_02-35-31_0005245,0,1.0120533333333332,1.05472,0.04266666666666685,0.8888064026832581,0.7975661266933788,100,2320,2420
2024-10-08_02-35-31_0005245,1,2.00192,2.05312,0.05119999999999969,0.9779767394065857,0.8980830403474661,120,4640,4760
2024-10-08_02-51-58_0005307,0,0.5597866666666667,0.60672,0.04693333333333338,0.9381486177444458,0.8110346620281538,110,1260,1370
2024-10-08_02-59-32_0005329,0,1.0333866666666667,1.0717866666666667,0.03839999999999999,0.8721284866333008,0.7946131348609924,90,2370,2460
2024-10-08_03-02-20_0005353,0,1.0077866666666666,1.0461866666666666,0.03839999999999999,0.876105785369873,0.7998263776302338,90,2310,2400
2024-10-08_03-12-03_0005386,0,1.01632,1.0504533333333332,0.03413333333333335,0.8835132718086243,0.8617138862609863,80,2330,2410
2024-10-08_03-53-02_0005538,0,1.0120533333333332,1.0632533333333334,0.051200000000000134,0.9916852712631226,0.9035652875900269,120,2320,2440
2024-10-08_08-46-26_0005777,0,0.9693866666666666,1.0205866666666668,0.051200000000000134,0.9492620825767517,0.8281949437581576,120,2220,2340
2024-10-08_10-05-28_0005922,0,1.02912,1.06752,0.03839999999999999,0.8847765326499939,0.8069619774818421,90,2360,2450
2024-10-08_15-19-32_0006128,0,0.9693866666666666,1.05472,0.08533333333333348,0.9994592070579529,0.9557548846517291,200,2220,2420
2024-10-08_19-46-38_0006741,0,1.0077866666666666,1.0461866666666666,0.03839999999999999,0.8636040091514587,0.8091381788253784,90,2310,2400
2024-10-08_20-31-07_0006846,0,2.1128533333333333,2.1981866666666665,0.08533333333333326,0.9788548350334167,0.7582691212495168,200,4900,5100
2024-10-08_20-31-07_0006846,1,3.0600533333333333,3.1325866666666666,0.07253333333333334,0.9838555455207825,0.8619233121474584,170,7120,7290
2024-10-08_20-31-07_0006846,2,3.661653333333333,3.7000533333333334,0.03840000000000021,0.8884588479995728,0.8291368275880814,90,8530,8620
2024-10-08_20-31-15_0006847,0,0.9949866666666667,1.04192,0.04693333333333327,0.9748108386993408,0.9022141396999359,110,2280,2390
2024-10-08_20-42-43_0006873,0,1.0973866666666667,1.1485866666666666,0.05119999999999991,0.9379101395606995,0.8236531477708083,120,2520,2640
2024-10-08_20-52-03_0006883,0,0.5640533333333333,0.69632,0.13226666666666675,0.9674081802368164,0.6971313804388046,310,1270,1580
2024-10-08_20-52-03_0006883,1,1.4856533333333333,1.7160533333333334,0.23040000000000016,0.9361215829849243,0.5778273571621287,540,3430,3970
2024-10-08_21-01-52_0006909,0,1.1997866666666666,1.24672,0.04693333333333349,0.9415189623832703,0.8513637731472651,110,2760,2870
2024-10-08_21-01-52_0006909,1,3.08992,3.2136533333333333,0.12373333333333303,0.9404811859130859,0.7455062886079152,290,7190,7480
2024-10-08_21-01-52_0006909,2,3.2648533333333334,3.303253333333333,0.03839999999999977,0.8860688805580139,0.8453162610530853,90,7600,7690
2024-10-08_21-02-23_0006911,0,1.00352,1.04192,0.03839999999999999,0.8854678273200989,0.8471643388271332,90,2300,2390
2024-10-08_21-43-11_0006995,0,0.41045333333333334,0.5000533333333333,0.08960000000000001,0.9803830981254578,0.7867607244036414,210,910,1120
2024-10-08_21-50-08_0007020,0,1.00352,1.04192,0.03839999999999999,0.8831910490989685,0.8243766546249389,90,2300,2390
2024-10-08_21-50-53_0007023,0,0.76032,0.8456533333333334,0.08533333333333337,0.958490788936615,0.7649613093762171,200,1730,1930
2024-10-08_21-50-53_0007023,1,0.95232,1.0248533333333334,0.07253333333333334,0.9909999966621399,0.8904229932361178,170,2180,2350
2024-10-08_21-55-59_0007039,0,0.15445333333333333,0.19712,0.04266666666666666,0.9103543758392334,0.8077289164066315,100,310,410
2024-10-08_21-55-59_0007039,1,0.36778666666666665,0.4189866666666667,0.05120000000000002,0.9199031591415405,0.784619574363415,120,810,930
2024-10-08_21-59-58_0007053,0,0.7133866666666666,0.79872,0.08533333333333337,0.928182065486908,0.8317646668070838,200,1620,1820
2024-10-08_22-28-40_0007113,0,1.6136533333333334,1.6605866666666667,0.04693333333333327,0.9783832430839539,0.9217909028132757,110,3730,3840
2024-10-08_22-30-21_0007124,0,0.96512,1.0589866666666667,0.09386666666666676,0.9866837859153748,0.8213502583296403,220,2210,2430
2024-10-08_22-30-51_0007129,0,0.28245333333333333,0.3165866666666667,0.03413333333333335,0.8777294754981995,0.832945360077752,80,610,690
2024-10-08_22-30-51_0007129,1,0.5000533333333333,0.5469866666666666,0.04693333333333327,0.966413676738739,0.9014158447583517,110,1120,1230
2024-10-08_22-30-51_0007129,2,0.6493866666666667,0.7176533333333334,0.0682666666666667,0.9968826770782471,0.9222349945236655,160,1470,1630
2024-10-08_22-30-51_0007129,3,0.79872,0.8456533333333334,0.04693333333333338,0.9725140929222107,0.9089642316102982,110,1820,1930
2024-10-08_22-38-57_0007144,0,1.8824533333333333,1.9208533333333333,0.03839999999999999,0.8429443836212158,0.7788054466247558,90,4360,4450
2024-10-08_22-39-46_0007148,0,0.9608533333333333,0.99072,0.029866666666666708,0.8826962113380432,0.7893800809979439,70,2200,2270
2024-10-08_22-42-50_0007153,0,0.69632,0.7432533333333333,0.04693333333333327,0.9563654065132141,0.8740670879681905,110,1580,1690
2024-10-08_22-45-13_0007163,0,0.8072533333333334,0.8840533333333334,0.07679999999999998,0.9837851524353027,0.9348121222696806,180,1840,2020
2024-10-08_22-45-13_0007163,1,0.93952,1.0760533333333333,0.13653333333333328,0.9995638728141785,0.961036255865386,320,2150,2470
2024-10-08_22-45-13_0007163,2,1.1229866666666666,1.2125866666666667,0.08960000000000012,0.9997579455375671,0.9646637114611539,210,2580,2790
2024-10-08_22-45-21_0007165,0,1.75872,1.8568533333333332,0.09813333333333318,0.9715659022331238,0.7021325243016084,230,4070,4300
2024-10-08_23-18-40_0007229,0,0.15018666666666666,0.20138666666666666,0.051199999999999996,0.9423199892044067,0.812828582066756,120,300,420
2024-10-08_23-18-40_0007229,1,0.74752,0.77312,0.025600000000000067,0.8619323968887329,0.7444683398519244,60,1700,1760
2024-10-08_23-30-36_0007231,0,0.47872,0.54272,0.064,0.9557085037231445,0.8288471885025501,150,1070,1220
2024-10-08_23-45-01_0007248,0,1.0120533333333332,1.0461866666666666,0.03413333333333335,0.8356135487556458,0.6618670357598199,80,2320,2400
2024-10-09_00-01-01_0007276,0,0.5640533333333333,0.5981866666666666,0.03413333333333335,0.8572424650192261,0.6879919336901771,80,1270,1350
2024-10-09_00-53-06_0007386,0,0.17152,0.23125333333333334,0.05973333333333333,0.9414406418800354,0.8409525513648987,140,350,490
2024-10-09_01-01-15_0007397,0,2.12992,2.1725866666666667,0.04266666666666685,0.9369661211967468,0.8554985089735552,100,4940,5040
2024-10-09_01-01-17_0007398,0,0.49152,0.5341866666666667,0.042666666666666686,0.9260490536689758,0.7996429150754755,100,1100,1200
2024-10-09_01-11-57_0007419,0,0.9949866666666667,1.08032,0.08533333333333326,0.9835767149925232,0.8025517875239963,200,2280,2480
2024-10-09_01-16-26_0007431,0,1.4941866666666668,1.55392,0.059733333333333194,0.9882893562316895,0.8690875411033631,140,3450,3590
2024-10-09_01-17-36_0007437,0,0.9992533333333333,1.0973866666666667,0.0981333333333334,0.9996819496154785,0.9396181429425875,230,2290,2520
2024-10-09_01-17-36_0007437,1,1.1912533333333333,1.2253866666666666,0.03413333333333335,0.9028130769729614,0.847089774078793,80,2740,2820
2024-10-09_01-17-36_0007437,2,1.3192533333333334,1.3533866666666667,0.03413333333333335,0.9028639197349548,0.8474188711908128,80,3040,3120
2024-10-09_01-17-36_0007437,3,1.4472533333333333,1.4813866666666666,0.03413333333333335,0.9029518961906433,0.847630500793457,80,3340,3420
2024-10-09_01-17-36_0007437,4,1.5752533333333334,1.6093866666666667,0.03413333333333335,0.9029761552810669,0.8475075562795004,80,3640,3720
2024-10-09_01-17-36_0007437,5,1.73312,1.8056533333333333,0.07253333333333334,0.9945540428161621,0.8910405006673601,170,4010,4180
2024-10-09_01-21-46_0007459,0,0.69632,0.79872,0.10239999999999994,0.9935113787651062,0.9063232445716858,240,1580,1820
2024-10-09_01-21-46_0007459,1,0.8328533333333333,0.92672,0.09386666666666665,0.9356634020805359,0.8358272314071655,220,1900,2120
2024-10-09_01-21-46_0007459,2,0.9693866666666666,1.0760533333333333,0.10666666666666669,0.9997852444648743,0.9351341701470889,250,2220,2470
2024-10-09_01-21-46_0007459,3,1.2040533333333334,1.3021866666666666,0.09813333333333318,0.9951112866401672,0.8644593432545662,230,2770,3000
2024-10-09_01-21-46_0007459,4,1.34912,1.4557866666666666,0.10666666666666647,0.9994761347770691,0.9522229868632096,250,3110,3360
2024-10-09_01-21-46_0007459,5,1.4984533333333334,1.5624533333333332,0.06399999999999983,0.9869831800460815,0.8760043848305941,150,3460,3610
2024-10-09_01-25-41_0007468,0,0.2568533333333333,0.30378666666666665,0.04693333333333333,0.9352318644523621,0.807452437778314,110,550,660
2024-10-09_01-30-57_0007481,0,0.87552,1.0376533333333333,0.16213333333333335,0.9984812140464783,0.7966660215304449,380,2000,2380
2024-10-09_01-30-57_0007481,1,1.09312,1.1741866666666667,0.08106666666666662,0.9916002750396729,0.8218586519360542,190,2510,2700
2024-10-09_01-30-57_0007481,2,1.2253866666666666,1.3021866666666666,0.07679999999999998,0.9916002750396729,0.8438454913465601,180,2820,3000
2024-10-09_01-30-57_0007481,3,1.3533866666666667,1.40032,0.04693333333333327,0.9348690509796143,0.8211379374066988,110,3120,3230
2024-10-09_01-39-23_0007492,0,1.2424533333333334,1.3064533333333332,0.06399999999999983,0.9957107305526733,0.8889485597610474,150,2860,3010
2024-10-09_01-54-05_0007529,0,0.4232533333333333,0.46165333333333336,0.038400000000000045,0.8194124698638916,0.7651732563972473,90,940,1030
2024-10-09_01-54-05_0007529,1,0.55552,0.60672,0.05120000000000002,0.9329143166542053,0.8135127746141874,120,1250,1370
2024-10-09_01-54-05_0007529,2,0.65792,0.7773866666666667,0.11946666666666672,0.9987494945526123,0.9366079661352881,280,1490,1770
2024-10-09_01-54-05_0007529,3,0.9608533333333333,1.04192,0.08106666666666662,0.9975054860115051,0.9184994667768478,190,2200,2390
2024-10-09_02-06-36_0007576,0,0.99072,1.06752,0.07679999999999998,0.9945399165153503,0.8962321877479553,180,2270,2450
2024-10-09_02-08-43_0007580,0,0.47872,0.55552,0.07680000000000003,0.9767119884490967,0.8093054263215316,180,1070,1250
2024-10-09_02-08-43_0007580,1,0.6280533333333334,0.76032,0.13226666666666664,0.9853894710540771,0.8022569911554456,310,1420,1730
2024-10-09_02-33-20_0007659,0,1.9720533333333334,2.0104533333333334,0.03839999999999999,0.9285756945610046,0.8570221990346909,90,4570,4660
2024-10-09_02-33-55_0007662,0,1.7885866666666668,1.83552,0.04693333333333327,0.9522413015365601,0.8532523935039839,110,4140,4250
2024-10-09_02-36-42_0007669,0,0.9992533333333333,1.08032,0.08106666666666662,0.999908447265625,0.9582180380821228,190,2290,2480
2024-10-09_02-39-17_0007673,0,1.8141866666666666,1.8909866666666666,0.07679999999999998,0.9411975741386414,0.8694861405774167,180,4200,4380
2024-10-09_03-00-30_0007754,0,0.65792,0.6920533333333333,0.03413333333333335,0.8156513571739197,0.7719533642133077,80,1490,1570
2024-10-09_03-00-30_0007754,1,0.81152,0.8541866666666666,0.04266666666666663,0.8880626559257507,0.7961807196790521,100,1850,1950
2024-10-09_03-01-08_0007760,0,1.9336533333333332,2.00192,0.06826666666666692,0.915145218372345,0.7339078573619618,160,4480,4640
2024-10-09_03-04-15_0007776,0,0.6024533333333333,0.6280533333333334,0.025600000000000067,0.850527286529541,0.8050305332456317,60,1360,1420
2024-10-09_03-08-07_0007788,0,0.7048533333333333,0.82432,0.11946666666666672,0.9672295451164246,0.6672091812923037,280,1600,1880
2024-10-09_03-08-07_0007788,1,0.8413866666666666,0.9608533333333333,0.11946666666666672,0.9453855156898499,0.7532568738378328,280,1920,2200
2024-10-09_03-17-38_0007841,0,0.8285866666666667,0.9224533333333333,0.09386666666666665,0.9107176065444946,0.6881988268831501,220,1890,2110
2024-10-09_03-17-38_0007841,1,0.9309866666666666,1.3533866666666667,0.4224000000000001,0.9995620846748352,0.6118519395589829,990,2130,3120
2024-10-09_03-24-31_0007881,0,2.6461866666666665,2.71872,0.07253333333333334,0.9573573470115662,0.8621308671103584,170,6150,6320
2024-10-09_03-24-50_0007883,0,1.42592,1.4984533333333334,0.07253333333333334,0.9218234419822693,0.7500546607706282,170,3290,3460
2024-10-09_03-27-46_0007893,0,1.0760533333333333,1.15712,0.08106666666666662,0.9421854615211487,0.7287744924426078,190,2470,2660
2024-10-09_05-06-22_0007942,0,1.0717866666666667,1.1101866666666667,0.03839999999999999,0.9210076928138733,0.8685776650905609,90,2460,2550
2024-10-09_05-06-22_0007942,1,1.1997866666666666,1.2381866666666668,0.03840000000000021,0.9330236911773682,0.8761236906051636,90,2760,2850
2024-10-09_05-06-22_0007942,2,1.3277866666666667,1.3661866666666667,0.03839999999999999,0.9332250952720642,0.8763717293739319,90,3060,3150
2024-10-09_05-10-52_0007958,0,1.2125866666666667,1.2509866666666667,0.03839999999999999,0.9152773022651672,0.8748138070106506,90,2790,2880
2024-10-09_05-17-19_0007990,0,0.8072533333333334,0.9053866666666667,0.0981333333333333,0.9854779243469238,0.7610138518114885,230,1840,2070
2024-10-09_05-24-45_0008017,0,0.9693866666666666,1.0376533333333333,0.0682666666666667,0.9998557567596436,0.960520351634306,160,2220,2380
2024-10-09_05-25-08_0008018,0,0.99072,1.05472,0.06400000000000006,0.9990788698196411,0.9238215070217848,150,2270,2420
2024-10-09_07-16-41_0008023,0,0.97792,1.05472,0.07680000000000009,0.9998210072517395,0.9435620245180631,180,2240,2420
2024-10-09_10-19-56_0008067,0,1.8440533333333333,1.9549866666666667,0.11093333333333333,0.9483277797698975,0.7885016180850841,260,4270,4530
2024-10-09_10-19-56_0008067,1,2.3133866666666667,2.3517866666666665,0.03839999999999977,0.9420514106750488,0.9105158805847168,90,5370,5460
2024-10-09_10-19-56_0008067,2,2.50112,2.55232,0.051200000000000134,0.9225513339042664,0.7924727018062885,120,5810,5930
2024-10-09_10-21-38_0008073,0,0.82432,0.87552,0.05119999999999991,0.9959179759025574,0.9563790147121136,120,1880,2000
2024-10-09_10-21-38_0008073,1,1.00352,1.08032,0.07679999999999998,0.9993708729743958,0.9524745596082587,180,2300,2480
2024-10-09_10-21-38_0008073,2,1.1357866666666667,1.18272,0.04693333333333327,0.9814573526382446,0.9159962435563406,110,2610,2720
2024-10-09_10-21-38_0008073,3,1.3576533333333334,1.40032,0.04266666666666663,0.9132473468780518,0.7632134854793549,100,3130,3230
2024-10-09_10-22-26_0008074,0,0.9693866666666666,1.0376533333333333,0.0682666666666667,0.9991950392723083,0.936217288760578,160,2220,2380
2024-10-09_10-22-26_0008074,1,1.3021866666666666,1.37472,0.07253333333333334,0.9987170696258545,0.9307458400726318,170,3000,3170
2024-10-09_10-22-55_0008075,0,1.01632,1.0632533333333334,0.04693333333333349,0.9712850451469421,0.8912370925148329,110,2330,2440
2024-10-09_10-22-55_0008075,1,1.28512,1.3320533333333333,0.04693333333333327,0.9648585915565491,0.8915175795555115,110,2960,3070
2024-10-09_10-22-55_0008075,2,1.7160533333333334,1.7544533333333334,0.03839999999999999,0.9156226515769958,0.8489773124456406,90,3970,4060
2024-10-09_10-22-58_0008076,0,0.41045333333333334,0.46165333333333336,0.05120000000000002,0.9926362037658691,0.9312410721412072,120,910,1030
2024-10-09_10-22-58_0008076,1,0.97792,1.0632533333333334,0.08533333333333337,0.9948760867118835,0.9194108276140123,200,2240,2440
2024-10-09_10-22-58_0008076,2,1.2296533333333333,1.28512,0.055466666666666775,0.9982933402061462,0.9354921515498843,130,2830,2960
2024-10-09_10-22-58_0008076,3,1.38752,1.4685866666666667,0.08106666666666662,0.9998347759246826,0.9358461916446685,190,3200,3390
2024-10-09_10-22-58_0008076,4,1.7117866666666666,1.7928533333333334,0.08106666666666684,0.9998539686203003,0.9702654927968979,190,3960,4150
2024-10-09_10-22-58_0008076,5,2.1768533333333333,2.2152533333333335,0.03840000000000021,0.8679327368736267,0.7851660847663879,90,5050,5140
2024-10-09_10-22-58_0008076,6,2.29632,2.3304533333333333,0.03413333333333313,0.8318348526954651,0.7872614794307284,80,5330,5410
2024-10-09_10-22-58_0008076,7,2.735786666666667,2.78272,0.04693333333333305,0.9803438186645508,0.9093596239884695,110,6360,6470
2024-10-09_10-23-07_0008077,0,0.3592533333333333,0.41472,0.055466666666666664,0.9909374117851257,0.8992474973201752,130,790,920
2024-10-09_10-23-07_0008077,1,0.6109866666666667,0.6664533333333333,0.055466666666666664,0.9492524862289429,0.8505119340760368,130,1380,1510
2024-10-09_10-23-07_0008077,2,1.00352,1.05472,0.051200000000000134,0.9914013743400574,0.9363073569077712,120,2300,2420
2024-10-09_10-23-12_0008078,0,0.9736533333333334,1.0461866666666666,0.07253333333333323,0.9956847429275513,0.9166454076766968,170,2230,2400
2024-10-09_10-23-12_0008078,1,1.33632,1.43872,0.10240000000000005,0.9995057582855225,0.9485899114608765,240,3080,3320
2024-10-09_10-23-12_0008078,2,1.61792,1.7288533333333334,0.11093333333333333,0.9924910664558411,0.9132898494049355,260,3740,4000
2024-10-09_10-23-18_0008079,0,0.97792,1.0888533333333332,0.11093333333333322,0.9999263286590576,0.9401630130079057,260,2240,2500
2024-10-09_10-23-18_0008079,1,1.3192533333333334,1.38752,0.0682666666666667,0.9998266100883484,0.9599419727044947,160,3040,3200
2024-10-09_10-23-18_0008079,2,1.55392,1.5965866666666666,0.04266666666666663,0.9463735818862915,0.8881091692230918,100,3590,3690
2024-10-09_10-23-18_0008079,3,1.7885866666666668,1.8525866666666666,0.06399999999999983,0.9923726320266724,0.9249515682458878,150,4140,4290
2024-10-09_10-23-18_0008079,4,2.01472,2.048853333333333,0.03413333333333313,0.8779738545417786,0.844030049112108,80,4670,4750
2024-10-09_10-23-33_0008080,0,0.9992533333333333,1.06752,0.0682666666666667,0.9997403025627136,0.9360339676632601,160,2290,2450
2024-10-09_10-23-33_0008080,1,1.2552533333333333,1.3320533333333333,0.07679999999999998,0.9952499866485596,0.8753107158761275,180,2890,3070
2024-10-09_10-23-33_0008080,2,1.5965866666666666,1.63072,0.03413333333333335,0.8726367354393005,0.8086760838826498,80,3690,3770
2024-10-09_10-23-35_0008081,0,1.0205866666666668,1.06752,0.04693333333333327,0.9706906676292419,0.9180152068535486,110,2340,2450
2024-10-09_10-23-35_0008081,1,1.41312,1.4685866666666667,0.055466666666666775,0.9926425814628601,0.8946676701307297,130,3260,3390
2024-10-09_10-23-35_0008081,2,1.8696533333333334,1.9165866666666667,0.04693333333333327,0.9696518182754517,0.8559486269950867,110,4330,4440
2024-10-09_10-23-37_0008082,0,0.10325333333333334,0.15872,0.055466666666666664,0.9917197227478027,0.9007538365466254,130,190,320
2024-10-09_10-23-37_0008082,1,0.5597866666666667,0.6024533333333333,0.04266666666666663,0.9696053862571716,0.9065920981493863,100,1260,1360
2024-10-09_10-23-37_0008082,2,0.9864533333333333,1.0760533333333333,0.08960000000000001,0.9980441331863403,0.91216310181401,210,2260,2470
2024-10-09_10-23-37_0008082,3,1.33632,1.3960533333333334,0.059733333333333416,0.99781334400177,0.9469839493433635,140,3080,3220
2024-10-09_10-23-39_0008083,0,1.0120533333333332,1.0589866666666667,0.04693333333333349,0.9896200299263,0.9361565808455149,110,2320,2430
2024-10-09_10-23-42_0008084,0,1.0248533333333334,1.08032,0.05546666666666655,0.998289167881012,0.960146793297359,130,2350,2480
2024-10-09_10-23-42_0008084,1,1.38752,1.4216533333333334,0.03413333333333335,0.8690335750579834,0.8307081394725375,80,3200,3280
2024-10-09_10-23-43_0008085,0,1.0077866666666666,1.06752,0.059733333333333416,0.9987435936927795,0.9381157914797466,140,2310,2450
2024-10-09_10-23-43_0008085,1,1.4600533333333334,1.5325866666666668,0.07253333333333334,0.999580442905426,0.9634718067116208,170,3370,3540
2024-10-09_10-23-43_0008085,2,1.80992,1.8781866666666667,0.0682666666666667,0.9972932934761047,0.9424267761847552,160,4190,4350
2024-10-09_10-23-43_0008085,3,2.6888533333333333,2.74432,0.055466666666666775,0.9973951578140259,0.9230540203196662,130,6250,6380
2024-10-09_10-23-45_0008086,0,0.6152533333333333,0.67072,0.055466666666666664,0.9970657229423523,0.9291864590985435,130,1390,1520
2024-10-09_10-23-45_0008086,1,0.99072,1.0632533333333334,0.07253333333333334,0.9997543692588806,0.9553168416023254,170,2270,2440
2024-10-09_10-23-48_0008087,0,0.9821866666666667,1.04192,0.059733333333333305,0.9944512248039246,0.9107994079589844,140,2250,2390
2024-10-09_10-23-48_0008087,1,1.1912533333333333,1.2509866666666667,0.059733333333333416,0.9722009897232056,0.8631068567434946,140,2740,2880
2024-10-09_10-23-48_0008087,2,1.42592,1.6093866666666667,0.18346666666666667,0.9997715353965759,0.982537879185243,430,3290,3720
2024-10-09_10-23-48_0008087,3,1.7544533333333334,1.84832,0.09386666666666654,0.9989659786224365,0.9480721535889999,220,4060,4280
2024-10-09_10-23-48_0008087,4,1.8568533333333332,1.91232,0.055466666666666775,0.996745228767395,0.9301249384880066,130,4300,4430
2024-10-09_10-23-48_0008087,5,2.070186666666667,2.1512533333333335,0.08106666666666662,0.9998335838317871,0.9438972413539887,190,4800,4990
2024-10-09_10-23-48_0008087,6,2.2621866666666666,2.33472,0.07253333333333334,0.9973763227462769,0.9519123136997223,170,5250,5420
2024-10-09_10-23-48_0008087,7,2.50112,2.60352,0.10240000000000027,0.9987389445304871,0.9726575779914856,240,5810,6050
2024-10-09_10-23-48_0008087,8,2.7485866666666667,2.8040533333333335,0.055466666666666775,0.9968830347061157,0.9441447854042053,130,6390,6520
2024-10-09_10-23-51_0008088,0,0.022186666666666667,0.07338666666666667,0.0512,0.9968599081039429,0.9604181142953726,120,0,120
2024-10-09_10-23-51_0008088,1,0.99072,1.1016533333333334,0.11093333333333333,0.9943325519561768,0.9475073350800408,260,2270,2530
2024-10-09_10-23-51_0008088,2,1.41312,1.46432,0.051200000000000134,0.9867125749588013,0.9065510997405419,120,3260,3380
2024-10-09_10-23-54_0008089,0,0.30378666666666665,0.34645333333333334,0.042666666666666686,0.9251139760017395,0.8298407196998596,100,660,760
2024-10-09_10-23-54_0008089,1,0.9821866666666667,1.06752,0.08533333333333337,0.999860405921936,0.9657612102372306,200,2250,2450
2024-10-09_10-24-20_0008090,0,0.5640533333333333,0.6408533333333334,0.07680000000000009,0.999749481678009,0.9461129056779962,180,1270,1450
2024-10-09_10-24-20_0008090,1,0.9736533333333334,1.04192,0.06826666666666659,0.999735414981842,0.966140512157889,160,2230,2390
2024-10-09_10-24-20_0008090,2,1.29792,1.36192,0.06400000000000006,0.9993202686309814,0.9319715015590191,150,2990,3140
2024-10-09_10-24-43_0008091,0,1.0120533333333332,1.0589866666666667,0.04693333333333349,0.9771711826324463,0.9149312873681387,110,2320,2430
2024-10-09_10-24-45_0008092,0,0.9821866666666667,1.0632533333333334,0.08106666666666673,0.9993197917938232,0.9606469482183456,190,2250,2440
2024-10-09_10-24-45_0008092,1,1.5837866666666667,1.6392533333333332,0.05546666666666655,0.9653183817863464,0.8233067435877663,130,3660,3790
2024-10-09_10-24-48_0008093,0,0.13738666666666666,0.20565333333333333,0.06826666666666667,0.999550998210907,0.9512658820432776,160,270,430
2024-10-09_10-24-48_0008093,1,1.00352,1.0632533333333334,0.059733333333333416,0.9976893663406372,0.934242578347524,140,2300,2440
2024-10-09_10-24-55_0008094,0,0.9480533333333333,1.0760533333333333,0.128,0.9976425766944885,0.9013247739884162,300,2170,2470
2024-10-09_10-25-02_0008095,0,0.33365333333333336,0.37205333333333335,0.03839999999999999,0.8869124054908752,0.7740908980369567,90,730,820
2024-10-09_10-25-02_0008095,1,0.6152533333333333,0.65792,0.04266666666666663,0.9876925349235535,0.9507408304647966,100,1390,1490
2024-10-09_10-25-02_0008095,2,1.00352,1.0589866666666667,0.055466666666666775,0.9986316561698914,0.9624746910163334,130,2300,2430
2024-10-09_10-25-03_0008096,0,0.9992533333333333,1.0888533333333332,0.0895999999999999,0.9997517466545105,0.953065812587738,210,2290,2500
2024-10-09_10-25-03_0008096,1,1.25952,1.31072,0.051200000000000134,0.9963723421096802,0.9567556839722854,120,2900,3020
2024-10-09_10-25-05_0008097,0,1.0120533333333332,1.0973866666666667,0.08533333333333348,0.9996659755706787,0.9666485899970645,200,2320,2520
2024-10-09_10-25-05_0008097,1,2.0104533333333334,2.048853333333333,0.03839999999999977,0.9336693286895752,0.8881286203861236,90,4660,4750
2024-10-09_10-25-10_0008098,0,0.3805866666666667,0.42752,0.04693333333333333,0.9401865601539612,0.8109737932682037,110,840,950
2024-10-09_10-25-10_0008098,1,0.8584533333333333,0.9437866666666667,0.08533333333333337,0.9860791563987732,0.902132062684922,200,1960,2160
2024-10-09_10-25-10_0008098,2,0.9992533333333333,1.1016533333333334,0.10240000000000005,0.9997230172157288,0.8733339285850525,240,2290,2530
2024-10-09_10-25-10_0008098,3,1.4557866666666666,1.5368533333333334,0.08106666666666684,0.9996670484542847,0.9570223450660705,190,3360,3550
2024-10-09_10-25-10_0008098,4,1.6776533333333334,1.7160533333333334,0.03839999999999999,0.962002158164978,0.9428611516952514,90,3880,3970
2024-10-09_10-29-03_0008103,0,0.29098666666666667,0.34218666666666664,0.05119999999999997,0.9892977476119995,0.9358749160399804,120,630,750
2024-10-09_10-29-03_0008103,1,0.9821866666666667,1.06752,0.08533333333333337,0.9999234676361084,0.9639290003549486,200,2250,2450
2024-10-09_10-29-03_0008103,2,1.3704533333333333,1.4173866666666666,0.04693333333333327,0.9648014307022095,0.9026491641998291,110,3160,3270
2024-10-09_10-29-03_0008103,3,1.7416533333333333,1.8056533333333333,0.06400000000000006,0.9992677569389343,0.9317431505769491,150,4030,4180
2024-10-09_10-29-03_0008103,4,2.1640533333333334,2.20672,0.04266666666666641,0.9338202476501465,0.856042433868755,100,5020,5120
2024-10-09_10-49-04_0008147,0,0.8157866666666667,0.8797866666666667,0.06400000000000006,0.9923008680343628,0.8876504823565483,150,1860,2010
2024-10-09_12-46-02_0008205,0,0.5597866666666667,0.63232,0.07253333333333334,0.9984250068664551,0.9239731828371683,170,1260,1430
2024-10-09_12-46-02_0008205,1,1.02912,1.09312,0.06400000000000006,0.9996647834777832,0.9585011899471283,150,2360,2510
2024-10-09_12-46-26_0008206,0,1.0077866666666666,1.0845866666666666,0.07679999999999998,0.9996920824050903,0.9380362535777845,180,2310,2490
2024-10-09_12-46-33_0008207,0,1.0120533333333332,1.1229866666666666,0.11093333333333333,0.999920129776001,0.9447577706089726,260,2320,2580
2024-10-09_12-46-42_0008208,0,0.9864533333333333,1.0461866666666666,0.059733333333333305,0.9974139928817749,0.9352101723353068,140,2260,2400
2024-10-09_12-46-59_0008209,0,0.9565866666666667,1.0376533333333333,0.08106666666666662,0.9999312162399292,0.9618918478488923,190,2190,2380
2024-10-09_12-46-59_0008209,1,1.73312,1.8056533333333333,0.07253333333333334,0.9978781938552856,0.9261330895953708,170,4010,4180
2024-10-09_12-46-59_0008209,2,2.266453333333333,2.34752,0.08106666666666662,0.978812575340271,0.8381415396928787,190,5260,5450
2024-10-09_12-46-59_0008209,3,2.8637866666666665,2.9192533333333333,0.055466666666666775,0.9985886216163635,0.9492170214653015,130,6660,6790
2024-10-09_12-47-10_0008210,0,0.9992533333333333,1.0760533333333333,0.07679999999999998,0.9970370531082153,0.9092340030168232,180,2290,2470
2024-10-09_12-47-58_0008211,0,0.99072,1.05472,0.06400000000000006,0.9996979236602783,0.9484589509665966,150,2270,2420
2024-10-09_12-47-58_0008211,1,1.5069866666666667,1.5880533333333333,0.08106666666666662,0.9998855590820312,0.9704687178134919,190,3480,3670
2024-10-09_12-50-38_0008212,0,1.87392,1.9208533333333333,0.04693333333333327,0.962325394153595,0.9166064659754435,110,4340,4450
2024-10-09_13-24-29_0008263,0,1.0205866666666668,1.09312,0.07253333333333334,0.9542917609214783,0.8404264880551232,170,2340,2510
2024-10-09_13-24-37_0008265,0,1.1528533333333333,1.1912533333333333,0.03839999999999999,0.8895654082298279,0.8113904803991318,90,2650,2740
2024-10-09_13-32-15_0008280,0,0.97792,1.0333866666666667,0.055466666666666664,0.998146653175354,0.9326892793178558,130,2240,2370
2024-10-09_13-32-44_0008281,0,0.7261866666666666,0.7901866666666667,0.06400000000000006,0.9993069171905518,0.9290488213300705,150,1650,1800
2024-10-09_13-32-44_0008281,1,1.01632,1.0845866666666666,0.0682666666666667,0.9998087286949158,0.9429061027134166,160,2330,2490
2024-10-09_13-32-44_0008281,2,1.1741866666666667,1.2125866666666667,0.03839999999999999,0.8761165142059326,0.8055532574653625,90,2700,2790
2024-10-09_13-32-44_0008281,3,1.3021866666666666,1.3405866666666666,0.03839999999999999,0.8760802745819092,0.8056381940841675,90,3000,3090
2024-10-09_13-32-44_0008281,4,1.4301866666666667,1.4685866666666667,0.03839999999999999,0.8760585784912109,0.8056790232658386,90,3300,3390
2024-10-09_13-32-44_0008281,5,1.5581866666666666,1.5965866666666666,0.03839999999999999,0.87592613697052,0.8061989784240723,90,3600,3690
2024-10-09_13-32-44_0008281,6,1.6861866666666667,1.7245866666666667,0.03839999999999999,0.8763280510902405,0.8066906154155731,90,3900,3990
2024-10-09_13-32-44_0008281,7,1.8141866666666666,1.8525866666666666,0.03839999999999999,0.8763298392295837,0.8066028237342835,90,4200,4290
2024-10-09_13-32-44_0008281,8,1.9421866666666667,1.9805866666666667,0.03839999999999999,0.8763298392295837,0.8065974414348602,90,4500,4590
2024-10-09_13-32-44_0008281,9,2.070186666666667,2.1085866666666666,0.03839999999999977,0.8804565668106079,0.8448091387748718,90,4800,4890
2024-10-09_13-32-48_0008282,0,0.9736533333333334,1.0504533333333332,0.07679999999999987,0.9998958110809326,0.959644709762774,180,2230,2410
2024-10-09_13-32-48_0008282,1,1.4557866666666666,1.5112533333333333,0.055466666666666775,0.9994567036628723,0.9685213906424386,130,3360,3490
2024-10-09_13-33-11_0008283,0,0.99072,1.0504533333333332,0.059733333333333194,0.9983129501342773,0.9136829833189647,140,2270,2410
2024-10-09_13-33-11_0008283,1,1.93792,2.0189866666666667,0.08106666666666662,0.9999594688415527,0.9703474789857864,190,4490,4680
2024-10-09_13-33-11_0008283,2,2.125653333333333,2.1853866666666666,0.059733333333333416,0.9996002316474915,0.9586938063303629,140,4930,5070
2024-10-09_13-33-11_0008283,3,3.07712,3.1197866666666667,0.04266666666666685,0.9851823449134827,0.9559913060881875,100,7160,7260
2024-10-09_13-33-11_0008283,4,3.2221866666666665,3.28192,0.059733333333333416,0.9993727803230286,0.955967120329539,140,7500,7640
2024-10-09_13-33-11_0008283,5,3.520853333333333,3.597653333333333,0.07679999999999998,0.9998682737350464,0.9691381956401625,180,8200,8380
2024-10-09_13-33-11_0008283,6,3.7896533333333333,3.88352,0.09386666666666654,0.9998086094856262,0.9463385835937832,220,8830,9050
2024-10-09_13-33-11_0008283,7,3.9816533333333335,4.07552,0.09386666666666654,0.9998182654380798,0.972629637821861,220,9280,9500
2024-10-09_13-33-11_0008283,8,4.455253333333333,4.51072,0.055466666666666775,0.9987878203392029,0.963458993605205,130,10390,10520
2024-10-09_13-33-11_0008283,9,4.775253333333334,4.83072,0.055466666666666775,0.9982378482818604,0.9574452468327114,130,11140,11270
2024-10-09_13-33-11_0008283,10,5.056853333333334,5.103786666666666,0.046933333333332605,0.9912170171737671,0.9486981779336929,110,11800,11910
2024-10-09_13-33-16_0008284,0,0.9949866666666667,1.0333866666666667,0.03839999999999999,0.9614254236221313,0.9367176473140717,90,2280,2370
2024-10-09_13-33-22_0008285,0,1.01632,1.0845866666666666,0.0682666666666667,0.9989527463912964,0.9287288609672996,160,2330,2490
2024-10-09_13-33-25_0008286,0,1.00352,1.0888533333333332,0.08533333333333326,0.9998904466629028,0.9724926891781035,200,2300,2500
2024-10-09_13-33-25_0008286,1,1.24672,1.3021866666666666,0.05546666666666655,0.9992873072624207,0.9440877480166299,130,2870,3000
2024-10-09_13-33-29_0008287,0,1.02912,1.10592,0.07679999999999998,0.9996311664581299,0.9274602987264332,180,2360,2540
2024-10-09_13-33-29_0008287,1,1.3405866666666666,1.4045866666666667,0.06400000000000006,0.9996819496154785,0.9595094993710518,150,3090,3240
2024-10-09_13-33-38_0008288,0,1.0077866666666666,1.05472,0.04693333333333349,0.990476131439209,0.9518712759017944,110,2310,2420
2024-10-09_13-33-50_0008290,0,0.9949866666666667,1.05472,0.059733333333333416,0.999114453792572,0.9482945442199707,140,2280,2420
2024-10-09_13-33-50_0008290,1,1.9293866666666666,1.98912,0.059733333333333416,0.9992128610610962,0.9469648639361063,140,4470,4610
2024-10-09_13-33-50_0008290,2,2.4541866666666667,2.5437866666666666,0.0895999999999999,0.9999417066574097,0.9581782113422047,210,5700,5910
2024-10-09_13-33-50_0008290,3,3.1368533333333333,3.226453333333333,0.0895999999999999,0.9993076324462891,0.9596654285084117,210,7300,7510
2024-10-09_13-34-04_0008291,0,0.52992,0.5768533333333333,0.04693333333333338,0.990836501121521,0.9148476546009382,110,1190,1300
2024-10-09_13-34-04_0008291,1,0.97792,1.02912,0.05120000000000002,0.9941598176956177,0.9235445948747488,120,2240,2360
2024-10-09_13-34-04_0008291,2,1.1101866666666667,1.1656533333333334,0.055466666666666775,0.9978856444358826,0.9503338166645595,130,2550,2680
2024-10-09_13-34-04_0008291,3,1.2381866666666668,1.2936533333333333,0.05546666666666655,0.9978860020637512,0.950331619807652,130,2850,2980
2024-10-09_13-34-04_0008291,4,1.3661866666666667,1.4216533333333334,0.055466666666666775,0.9978860020637512,0.9502643431935992,130,3150,3280
2024-10-09_13-34-04_0008291,5,1.4941866666666668,1.5496533333333333,0.05546666666666655,0.9978860020637512,0.9502624486173902,130,3450,3580
2024-10-09_13-34-04_0008291,6,1.6221866666666667,1.6776533333333334,0.055466666666666775,0.9977916479110718,0.9353931077889034,130,3750,3880
2024-10-09_13-34-10_0008292,0,0.9693866666666666,1.0333866666666667,0.06400000000000006,0.9998692274093628,0.9735693670809269,150,2220,2370
2024-10-09_13-34-10_0008292,1,1.70752,1.7544533333333334,0.04693333333333349,0.9905271530151367,0.9268057867884636,110,3950,4060
2024-10-09_13-34-14_0008293,0,0.9949866666666667,1.1101866666666667,0.11519999999999997,0.9999219179153442,0.956536947616509,270,2280,2550
2024-10-09_13-34-14_0008293,1,1.1997866666666666,1.24672,0.04693333333333349,0.9924094676971436,0.9606263736883799,110,2760,2870
2024-10-09_13-34-14_0008293,2,1.5581866666666666,1.6136533333333334,0.055466666666666775,0.9986060261726379,0.9563528384481158,130,3600,3730
2024-10-09_13-34-14_0008293,3,2.0232533333333333,2.1341866666666665,0.1109333333333331,0.9999573230743408,0.8965003943001782,260,4690,4950
2024-10-09_13-34-19_0008294,0,0.5512533333333334,0.6152533333333333,0.06399999999999995,0.9991095662117004,0.9303435273468494,150,1240,1390
2024-10-09_13-34-19_0008294,1,0.9949866666666667,1.0632533333333334,0.0682666666666667,0.9999018907546997,0.9614138462964226,160,2280,2440
2024-10-09_13-35-21_0008295,0,0.9736533333333334,1.05472,0.08106666666666673,0.9999516010284424,0.9293257355690002,190,2230,2420
2024-10-09_13-35-24_0008296,0,0.82432,0.8669866666666667,0.04266666666666663,0.9451801180839539,0.8726472204381769,100,1880,1980
2024-10-09_13-35-24_0008296,1,1.0205866666666668,1.06752,0.04693333333333327,0.975002646446228,0.8688910255829493,110,2340,2450
2024-10-09_13-35-36_0008297,0,1.01632,1.1400533333333334,0.12373333333333347,0.9998904466629028,0.980026924610138,290,2330,2620
2024-10-09_13-35-36_0008297,1,2.1512533333333335,2.21952,0.0682666666666667,0.9999188184738159,0.9615845715298372,160,4990,5150
2024-10-09_13-35-36_0008297,2,2.560853333333333,2.6717866666666668,0.11093333333333355,0.999963641166687,0.9858988170270566,260,5950,6210
2024-10-09_13-35-36_0008297,3,3.08992,3.1325866666666666,0.04266666666666641,0.9683703780174255,0.9160122925584967,100,7190,7290
2024-10-09_13-35-54_0008298,0,0.9864533333333333,1.0632533333333334,0.07680000000000009,0.9990876913070679,0.9082577777536291,180,2260,2440
2024-10-09_13-35-54_0008298,1,1.16992,1.20832,0.03839999999999999,0.910826563835144,0.8551078677177429,90,2690,2780
2024-10-09_13-35-54_0008298,2,1.4088533333333333,1.4685866666666667,0.059733333333333416,0.9994211196899414,0.9709136128425598,140,3250,3390
2024-10-09_13-35-54_0008298,3,1.7928533333333334,1.8440533333333333,0.05119999999999991,0.9901922941207886,0.9109544387230506,120,4150,4270
2024-10-09_13-35-58_0008299,0,1.01632,1.1229866666666666,0.10666666666666669,0.999948263168335,0.980117564017956,250,2330,2580
2024-10-09_13-35-58_0008299,1,1.3533866666666667,1.43872,0.08533333333333326,0.9998729228973389,0.9430331275576637,200,3120,3320
2024-10-09_13-35-58_0008299,2,1.7629866666666667,1.8568533333333332,0.09386666666666654,0.9999328851699829,0.9749988265659498,220,4080,4300
2024-10-09_13-35-58_0008299,3,2.06592,2.15552,0.0895999999999999,0.9999583959579468,0.9640664837577126,210,4790,5000
2024-10-09_13-36-39_0008300,0,0.99072,1.05472,0.06400000000000006,0.9996523857116699,0.9685794897377491,150,2270,2420
2024-10-09_13-36-39_0008300,1,1.7501866666666666,1.9165866666666667,0.1664000000000001,0.9999351501464844,0.9786137446761132,390,4050,4440
2024-10-09_13-36-39_0008300,2,2.2152533333333335,2.300586666666667,0.08533333333333326,0.999934196472168,0.9641993954068139,200,5140,5340
2024-10-09_13-37-09_0008301,0,1.01632,1.05472,0.03840000000000021,0.9676171541213989,0.9449096739292144,90,2330,2420
2024-10-09_13-37-09_0008301,1,1.8952533333333332,1.9592533333333333,0.06400000000000006,0.9996693134307861,0.973235473036766,150,4390,4540
2024-10-09_13-37-13_0008302,0,1.0205866666666668,1.0589866666666667,0.03839999999999999,0.9493208527565002,0.9030876576900482,90,2340,2430
2024-10-09_13-37-15_0008303,0,0.7389866666666667,0.77312,0.03413333333333335,0.9056221842765808,0.83125415775511,80,1680,1760
2024-10-09_13-37-15_0008303,1,0.9864533333333333,1.0333866666666667,0.04693333333333338,0.9882506132125854,0.9343910564978918,110,2260,2370
2024-10-09_13-37-15_0008303,2,1.84832,1.8909866666666666,0.04266666666666663,0.9495781064033508,0.8760789930820465,100,4280,4380
2024-10-09_13-37-19_0008304,0,1.0120533333333332,1.06752,0.055466666666666775,0.997793436050415,0.9464896959917886,130,2320,2450
2024-10-09_13-37-20_0008305,0,0.9992533333333333,1.0632533333333334,0.06400000000000006,0.9998867511749268,0.9639419242739677,150,2290,2440
2024-10-09_13-37-20_0008305,1,1.3277866666666667,1.3704533333333333,0.04266666666666663,0.9770773649215698,0.9390437765554949,100,3060,3160
2024-10-09_13-37-25_0008306,0,1.01632,1.09312,0.0768000000000002,0.9998594522476196,0.9478061857976412,180,2330,2510
2024-10-09_13-37-31_0008307,0,1.0248533333333334,1.10592,0.08106666666666662,0.9999191761016846,0.9290134713053704,190,2350,2540
2024-10-09_13-37-31_0008307,1,1.2168533333333333,1.3064533333333332,0.0895999999999999,0.9998944997787476,0.9468543908812783,210,2800,3010
2024-10-09_13-37-31_0008307,2,1.6136533333333334,1.68192,0.0682666666666667,0.9998815059661865,0.9502558848437141,160,3730,3890
2024-10-09_13-37-45_0008308,0,0.5128533333333334,0.55552,0.04266666666666663,0.9752960205078125,0.931236207485199,100,1150,1250
2024-10-09_13-37-45_0008308,1,1.0333866666666667,1.08032,0.04693333333333327,0.9894068837165833,0.9464817692836126,110,2370,2480
2024-10-09_13-38-04_0008310,0,1.97632,2.0232533333333333,0.04693333333333327,0.9834384322166443,0.9447458485762278,110,4580,4690
2024-10-09_13-38-07_0008311,0,0.6621866666666667,0.7133866666666666,0.05119999999999991,0.9850748777389526,0.9125088499142573,120,1500,1620
2024-10-09_13-38-07_0008311,1,0.9992533333333333,1.04192,0.04266666666666663,0.9798562526702881,0.9171659323302183,100,2290,2390
2024-10-09_13-38-33_0008313,0,1.02912,1.0760533333333333,0.04693333333333327,0.9921145439147949,0.9142726436257362,110,2360,2470
2024-10-09_13-38-37_0008314,0,1.2253866666666666,1.2936533333333333,0.0682666666666667,0.9999160766601562,0.9679532822440652,160,2820,2980
2024-10-09_13-38-37_0008314,1,1.7501866666666666,1.82272,0.07253333333333334,0.999884843826294,0.9560542007287344,170,4050,4220
2024-10-09_13-38-37_0008314,2,1.9592533333333333,2.0360533333333333,0.07679999999999998,0.9998670816421509,0.9468850446374792,180,4540,4720
2024-10-09_13-38-37_0008314,3,2.3901866666666667,2.4285866666666664,0.03839999999999977,0.9313002824783325,0.8739030420780182,90,5550,5640
2024-10-09_13-38-37_0008314,4,2.66752,2.71872,0.05119999999999969,0.9966243505477905,0.9620320109220651,120,6200,6320
2024-10-09_13-38-41_0008315,0,0.9992533333333333,1.0461866666666666,0.04693333333333327,0.9840878844261169,0.927927960952123,110,2290,2400
2024-10-09_13-38-41_0008315,1,1.05472,1.1016533333333334,0.04693333333333327,0.96580570936203,0.873070498307546,110,2420,2530
2024-10-09_13-38-41_0008315,2,1.3917866666666667,1.45152,0.059733333333333194,0.9995806813240051,0.9676153103510539,140,3210,3350
2024-10-09_13-38-41_0008315,3,1.7544533333333334,1.82272,0.06826666666666648,0.9998680353164673,0.9472044811529272,160,4060,4220
2024-10-09_15-50-18_0008384,0,0.9821866666666667,1.0248533333333334,0.04266666666666674,0.933849036693573,0.8692124540155585,100,2250,2350
2024-10-09_15-51-26_0008393,0,1.01632,1.0632533333333334,0.04693333333333349,0.9669394493103027,0.8356204579273859,110,2330,2440
2024-10-09_15-51-41_0008396,0,1.0248533333333334,1.0760533333333333,0.05119999999999991,0.9923446774482727,0.9438495544286875,120,2350,2470
2024-10-09_15-52-55_0008399,0,1.01632,1.09312,0.0768000000000002,0.9958672523498535,0.9508323481208399,180,2330,2510
2024-10-09_15-52-55_0008399,1,1.4301866666666667,1.4813866666666666,0.05119999999999991,0.9961903095245361,0.9527072677245507,120,3300,3420
2024-10-09_15-52-55_0008399,2,1.8269866666666668,1.9080533333333334,0.08106666666666662,0.9998924732208252,0.9682390451431274,190,4230,4420
2024-10-09_15-52-55_0008399,3,2.2365866666666667,2.28352,0.04693333333333349,0.994351863861084,0.9640713085730871,110,5190,5300
2024-10-09_15-52-55_0008399,4,2.6632533333333335,2.722986666666667,0.059733333333333416,0.9986667633056641,0.9116578121980031,140,6190,6330
2024-10-09_15-53-02_0008400,0,1.0120533333333332,1.09312,0.08106666666666684,0.9999760389328003,0.9750309526920319,190,2320,2510
2024-10-09_15-53-05_0008401,0,1.0248533333333334,1.0973866666666667,0.07253333333333334,0.9999674558639526,0.9705715808603499,170,2350,2520
2024-10-09_15-53-05_0008401,1,1.1869866666666666,1.28512,0.0981333333333334,0.9998873472213745,0.9641795853773752,230,2730,2960
2024-10-09_15-53-05_0008401,2,1.4216533333333334,1.4813866666666666,0.059733333333333194,0.9983323216438293,0.950426173210144,140,3280,3420
2024-10-09_15-53-05_0008401,3,1.8056533333333333,1.8440533333333333,0.03839999999999999,0.9062693119049072,0.84636150598526,90,4180,4270
2024-10-09_15-53-16_0008402,0,0.99072,1.0376533333333333,0.04693333333333327,0.987136721611023,0.9262978881597519,110,2270,2380
2024-10-09_15-58-20_0008439,0,0.99072,1.0376533333333333,0.04693333333333327,0.9679604768753052,0.874130313595136,110,2270,2380
2024-10-09_16-03-08_0008455,0,2.0573866666666665,2.10432,0.04693333333333349,0.8358030915260315,0.772319053610166,110,4770,4880
2024-10-09_16-12-18_0008476,0,1.0888533333333332,1.1485866666666666,0.059733333333333416,0.9661999940872192,0.8181760092576345,140,2500,2640
2024-10-09_16-12-18_0008476,1,2.0744533333333335,2.1128533333333333,0.03839999999999977,0.917251706123352,0.852655416727066,90,4810,4900
2024-10-09_16-12-19_0008477,0,0.70912,0.7517866666666667,0.04266666666666674,0.9313570261001587,0.8599470907991583,100,1610,1710
2024-10-09_16-16-28_0008497,0,0.9309866666666666,1.0760533333333333,0.14506666666666668,0.9999426603317261,0.8629910179546901,340,2130,2470
2024-10-09_16-16-28_0008497,1,1.5880533333333333,1.6776533333333334,0.08960000000000012,0.9971930384635925,0.8411492353135889,210,3670,3880
2024-10-09_16-16-30_0008498,0,0.99072,1.06752,0.07679999999999998,0.9974990487098694,0.9067922987435993,180,2270,2450
2024-10-09_16-16-39_0008499,0,0.9864533333333333,1.0589866666666667,0.07253333333333345,0.9997174143791199,0.9606827663050758,170,2260,2430
2024-10-09_16-16-39_0008499,1,1.36192,1.3960533333333334,0.03413333333333335,0.905604898929596,0.8867373532719083,80,3140,3220
2024-10-09_16-16-46_0008500,0,0.9949866666666667,1.0632533333333334,0.0682666666666667,0.9997057318687439,0.967111142242656,160,2280,2440
2024-10-09_16-16-46_0008500,1,1.1613866666666666,1.2168533333333333,0.055466666666666775,0.9941979646682739,0.9123931399413517,130,2670,2800
2024-10-09_16-16-46_0008500,2,1.2893866666666667,1.34912,0.059733333333333416,0.9941979646682739,0.8818908095359802,140,2970,3110
2024-10-09_16-16-46_0008500,3,1.5069866666666667,1.57952,0.07253333333333334,0.9992554783821106,0.9444423847728305,170,3480,3650
2024-10-09_16-16-46_0008500,4,1.77152,1.83552,0.06400000000000006,0.9988332390785217,0.9168454259634018,150,4100,4250
2024-10-09_16-16-46_0008500,5,2.0360533333333333,2.0872533333333334,0.051200000000000134,0.9741341471672058,0.8847100551311786,120,4720,4840
2024-10-09_16-16-46_0008500,6,2.52672,2.59072,0.06400000000000006,0.9986289739608765,0.9518240727484226,150,5870,6020
2024-10-09_16-16-49_0008501,0,0.60672,0.68352,0.07679999999999998,0.9913243055343628,0.9294130739412809,180,1370,1550
2024-10-09_16-16-49_0008501,1,0.9693866666666666,1.0461866666666666,0.07679999999999998,0.9972767233848572,0.9050422718650416,180,2220,2400
2024-10-09_16-16-49_0008501,2,1.3704533333333333,1.41312,0.04266666666666663,0.9172718524932861,0.8481782078742981,100,3160,3260
2024-10-09_16-16-49_0008501,3,1.9080533333333334,1.9677866666666666,0.059733333333333194,0.9977905750274658,0.9351014097531637,140,4420,4560
2024-10-09_16-16-58_0008502,0,0.95232,1.0376533333333333,0.08533333333333326,0.9964051246643066,0.9108400798979259,200,2180,2380
2024-10-09_16-16-58_0008502,1,1.2765866666666668,1.3533866666666667,0.07679999999999998,0.996038556098938,0.9240262226054543,180,2940,3120
2024-10-09_16-17-01_0008503,0,0.8413866666666666,0.8968533333333333,0.055466666666666664,0.993492066860199,0.9095477376665387,130,1920,2050
2024-10-09_16-17-01_0008503,1,1.00352,1.0973866666666667,0.09386666666666676,0.9996253252029419,0.9570792861606764,220,2300,2520
2024-10-09_16-17-01_0008503,2,1.1784533333333334,1.2253866666666666,0.04693333333333327,0.9757310748100281,0.8940857375661532,110,2710,2820
2024-10-09_16-17-01_0008503,3,1.3064533333333332,1.3533866666666667,0.04693333333333349,0.9757310748100281,0.8987943356235822,110,3010,3120
2024-10-09_16-17-01_0008503,4,2.0445866666666666,2.1000533333333333,0.055466666666666775,0.9979979395866394,0.963038729769843,130,4740,4870
2024-10-09_16-17-01_0008503,5,2.97472,3.02592,0.051200000000000134,0.9901036024093628,0.9294924736022949,120,6920,7040
2024-10-09_16-17-01_0008503,6,3.14112,3.2008533333333333,0.059733333333333416,0.9975155591964722,0.92948051293691,140,7310,7450
2024-10-09_16-17-01_0008503,7,3.46112,3.52512,0.06399999999999961,0.9983147382736206,0.9531506448984146,150,8060,8210
2024-10-09_16-17-01_0008503,8,3.597653333333333,3.661653333333333,0.06400000000000006,0.9988246560096741,0.9143052343279123,150,8380,8530
2024-10-09_16-17-01_0008503,9,3.7256533333333333,3.7640533333333335,0.03840000000000021,0.9447198510169983,0.9128368377685547,90,8680,8770
2024-10-09_16-17-01_0008503,10,3.8280533333333335,3.913386666666667,0.08533333333333326,0.9996316432952881,0.9395588877655211,200,8920,9120
2024-10-09_16-17-01_0008503,11,4.24192,4.34432,0.10239999999999938,0.9997910857200623,0.9599353766441345,240,9890,10130
2024-10-09_16-17-01_0008503,12,4.42112,4.49792,0.07679999999999954,0.9997555613517761,0.9511659302209553,180,10310,10490
2024-10-09_16-17-01_0008503,13,5.257386666666667,5.325653333333333,0.06826666666666625,0.9994063377380371,0.9523847699165344,160,12270,12430
2024-10-09_16-17-15_0008504,0,1.0333866666666667,1.0845866666666666,0.05119999999999991,0.9820622801780701,0.9255800293042109,120,2370,2490
2024-10-09_16-17-15_0008504,1,1.1741866666666667,1.2125866666666667,0.03839999999999999,0.8829573392868042,0.8093181908130646,90,2700,2790
2024-10-09_16-17-15_0008504,2,1.3021866666666666,1.3405866666666666,0.03839999999999999,0.8825297951698303,0.8113001823425293,90,3000,3090
2024-10-09_16-17-22_0008505,0,0.9821866666666667,1.0376533333333333,0.055466666666666664,0.9987196922302246,0.9625252783298492,130,2250,2380
2024-10-09_16-17-25_0008506,0,0.9821866666666667,1.0504533333333332,0.06826666666666659,0.9767579436302185,0.8941158231566934,160,2250,2410
2024-10-09_16-17-25_0008506,1,2.1085866666666666,2.1896533333333332,0.08106666666666662,0.9984838366508484,0.9527804106473923,190,4890,5080
2024-10-09_16-17-34_0008507,0,1.00352,1.0589866666666667,0.055466666666666775,0.9976025223731995,0.9474860600062779,130,2300,2430
2024-10-09_16-17-34_0008507,1,1.3832533333333332,1.4728533333333333,0.08960000000000012,0.9960391521453857,0.9497391554442319,210,3190,3400
2024-10-09_16-17-34_0008507,2,1.68192,1.7629866666666667,0.08106666666666662,0.9995669722557068,0.9380824863910675,190,3890,4080
2024-10-09_16-17-34_0008507,3,2.0317866666666666,2.1085866666666666,0.07679999999999998,0.9994862079620361,0.9114605062886288,180,4710,4890
2024-10-09_16-17-34_0008507,4,2.29632,2.3560533333333336,0.059733333333333416,0.9996899366378784,0.966704539457957,140,5330,5470
2024-10-09_16-17-34_0008507,5,2.64192,2.71872,0.07679999999999998,0.999920129776001,0.9568546445746171,180,6140,6320
2024-10-09_16-17-37_0008508,0,1.0205866666666668,1.0760533333333333,0.05546666666666655,0.9962403774261475,0.9185295977762767,130,2340,2470
2024-10-09_16-17-37_0008508,1,1.89952,1.9464533333333334,0.04693333333333327,0.9932802319526672,0.9563991924126943,110,4400,4510
2024-10-09_16-17-37_0008508,2,2.3048533333333334,2.3688533333333335,0.06400000000000006,0.999622106552124,0.9690299779176712,150,5350,5500
2024-10-09_16-17-42_0008509,0,1.00352,1.0461866666666666,0.04266666666666663,0.9586343765258789,0.9208608269691467,100,2300,2400
2024-10-09_16-17-44_0008510,0,0.9949866666666667,1.0504533333333332,0.05546666666666655,0.9939281940460205,0.9230652238641467,130,2280,2410
2024-10-09_16-17-44_0008510,1,1.63072,1.7117866666666666,0.08106666666666662,0.9993811845779419,0.9773593187332154,190,3770,3960
2024-10-09_16-17-44_0008510,2,2.2749866666666665,2.3688533333333335,0.09386666666666699,0.9996116757392883,0.945866981278295,220,5280,5500
2024-10-09_16-17-44_0008510,3,2.8381866666666666,2.92352,0.08533333333333326,0.9990691542625427,0.9401133003688994,200,6600,6800
2024-10-09_16-17-47_0008511,0,0.9864533333333333,1.0461866666666666,0.059733333333333305,0.9993287324905396,0.9592900355656941,140,2260,2400
2024-10-09_16-17-47_0008511,1,1.7501866666666666,1.8269866666666668,0.0768000000000002,0.9007388353347778,0.7583492351205725,180,4050,4230
2024-10-09_16-17-47_0008511,2,1.9464533333333334,2.1213866666666665,0.17493333333333316,0.9490395188331604,0.8592712162506013,410,4510,4920
2024-10-09_16-17-50_0008512,0,0.9949866666666667,1.06752,0.07253333333333334,0.9997891783714294,0.9338049011098014,170,2280,2450
2024-10-09_16-17-53_0008513,0,1.0248533333333334,1.1144533333333333,0.0895999999999999,0.9994532465934753,0.9461214474656365,210,2350,2560
2024-10-09_16-17-53_0008513,1,1.1784533333333334,1.2424533333333334,0.06400000000000006,0.9966797828674316,0.9534183964133263,150,2710,2860
2024-10-09_16-17-53_0008513,2,1.3064533333333332,1.3576533333333334,0.051200000000000134,0.9900437593460083,0.9469248148111197,120,3010,3130
2024-10-09_16-17-53_0008513,3,1.84832,1.91232,0.06400000000000006,0.9986030459403992,0.93371806666255,150,4280,4430
2024-10-09_16-18-00_0008514,0,0.23552,0.2952533333333333,0.059733333333333305,0.9912987351417542,0.8809946715831757,140,500,640
2024-10-09_16-18-00_0008514,1,1.0248533333333334,1.10592,0.08106666666666662,0.9984111785888672,0.9165160194039345,190,2350,2540
2024-10-09_16-18-06_0008515,0,1.0333866666666667,1.0888533333333332,0.05546666666666655,0.9989393353462219,0.9601329096726009,130,2370,2500
2024-10-09_16-18-06_0008515,1,1.3576533333333334,1.4045866666666667,0.04693333333333327,0.9924691319465637,0.952344203988711,110,3130,3240
2024-10-09_16-18-06_0008515,2,2.06592,2.12992,0.06399999999999961,0.9998527765274048,0.9697952456772327,150,4790,4940
2024-10-09_16-18-06_0008515,3,2.420053333333333,2.4584533333333334,0.03840000000000021,0.9186619520187378,0.8807716608047486,90,5620,5710
2024-10-09_16-18-06_0008515,4,2.518186666666667,2.5864533333333335,0.0682666666666667,0.9998055100440979,0.9506613366744098,160,5850,6010
2024-10-09_16-18-37_0008516,0,0.9992533333333333,1.0589866666666667,0.059733333333333416,0.997424840927124,0.8966978172461192,140,2290,2430
2024-10-09_16-31-44_0008541,0,1.6861866666666667,1.7416533333333333,0.05546666666666655,0.8821653127670288,0.7591818996838161,130,3900,4030
2024-10-09_16-56-15_0008569,0,0.30378666666666665,0.37632,0.07253333333333334,0.9239283800125122,0.8090580354134241,170,660,830
2024-10-09_16-56-15_0008569,1,0.7005866666666667,0.7645866666666666,0.06399999999999995,0.941769540309906,0.8280615322291851,150,1590,1740
2024-10-09_16-56-15_0008569,2,0.8541866666666666,0.9309866666666666,0.07679999999999998,0.9691099524497986,0.8266372351269973,180,1950,2130
2024-10-09_16-56-15_0008569,3,1.3021866666666666,1.3661866666666667,0.06400000000000006,0.9372084736824036,0.7209440879523754,150,3000,3150
2024-10-09_16-56-15_0008569,4,1.4301866666666667,1.47712,0.04693333333333327,0.9128947257995605,0.826376254359881,110,3300,3410
2024-10-09_16-56-15_0008569,5,2.223786666666667,2.27072,0.04693333333333305,0.9479759335517883,0.8586800073583921,110,5160,5270
2024-10-09_16-56-15_0008569,6,2.3389866666666665,2.41152,0.07253333333333334,0.9957024455070496,0.9415525529119704,170,5430,5600
2024-10-09_16-56-15_0008569,7,2.47552,2.51392,0.03840000000000021,0.9570930004119873,0.9276212215423584,90,5750,5840
2024-10-09_16-56-21_0008570,0,0.039253333333333335,0.08192,0.04266666666666667,0.9387683868408203,0.8783941810781305,100,40,140
2024-10-09_16-56-49_0008573,0,1.9848533333333334,2.061653333333333,0.07679999999999976,0.9890366196632385,0.8872687204887992,180,4600,4780
2024-10-09_16-56-49_0008573,1,2.97472,3.0344533333333334,0.059733333333333416,0.9939416646957397,0.8994717597961426,140,6920,7060
2024-10-09_16-56-51_0008574,0,0.7901866666666667,0.8456533333333334,0.055466666666666664,0.9938405752182007,0.9272123660360064,130,1800,1930
2024-10-09_16-56-51_0008574,1,0.99072,1.0376533333333333,0.04693333333333327,0.9847732782363892,0.926759789387385,110,2270,2380
2024-10-09_16-56-51_0008574,2,1.5496533333333333,1.5880533333333333,0.03839999999999999,0.9180523753166199,0.8125150024890899,90,3580,3670
2024-10-09_16-56-53_0008575,0,0.18432,0.22272,0.03839999999999999,0.9211451411247253,0.8495948255062103,90,380,470
2024-10-09_16-56-53_0008575,1,1.31072,1.3960533333333334,0.08533333333333326,0.9988656044006348,0.9114619436718169,200,3020,3220
2024-10-09_16-56-53_0008575,2,1.45152,1.48992,0.03839999999999999,0.9378454089164734,0.8904117465019226,90,3350,3440
2024-10-09_16-57-07_0008578,0,0.5597866666666667,0.60672,0.04693333333333338,0.9637936949729919,0.9002081950505575,110,1260,1370
2024-10-09_16-57-10_0008579,0,0.9864533333333333,1.0504533333333332,0.06399999999999995,0.9725110530853271,0.7909573651850224,150,2260,2410
2024-10-09_16-57-33_0008584,0,0.15018666666666666,0.20565333333333333,0.055466666666666664,0.9029403924942017,0.7249641610043389,130,300,430
2024-10-09_16-57-44_0008585,0,0.9992533333333333,1.04192,0.04266666666666663,0.9644235372543335,0.9185034578496759,100,2290,2390
2024-10-09_16-59-19_0008604,0,0.65792,0.70912,0.05120000000000002,0.9246889352798462,0.8253346956693209,120,1490,1610
2024-10-09_16-59-19_0008604,1,0.99072,1.05472,0.06400000000000006,0.9827255010604858,0.8627834133803844,150,2270,2420
2024-10-09_16-59-19_0008604,2,1.1229866666666666,1.1869866666666666,0.06400000000000006,0.9983401298522949,0.9274865910410881,150,2580,2730
2024-10-09_16-59-19_0008604,3,1.37472,1.45152,0.07679999999999998,0.9926014542579651,0.8128988036983892,180,3170,3350
2024-10-09_16-59-19_0008604,4,1.5197866666666666,1.6008533333333332,0.08106666666666662,0.9903578162193298,0.8443211644887925,190,3510,3700
2024-10-09_16-59-19_0008604,5,1.6221866666666667,1.6989866666666666,0.07679999999999998,0.9999046325683594,0.9558575623913815,180,3750,3930
2024-10-09_16-59-19_0008604,6,1.7245866666666667,1.8013866666666667,0.07679999999999998,0.9995805621147156,0.9366345938883329,180,3990,4170
2024-10-09_16-59-37_0008609,0,2.061653333333333,2.1128533333333333,0.051200000000000134,0.9684656262397766,0.8712052794603201,120,4780,4900
2024-10-09_16-59-38_0008610,0,0.91392,0.96512,0.05120000000000002,0.9678611159324646,0.8582561566279485,120,2090,2210
2024-10-09_17-01-04_0008620,0,0.7432533333333333,0.7816533333333333,0.03839999999999999,0.8905185461044312,0.8292554557323456,90,1690,1780
2024-10-09_17-01-04_0008620,1,0.8840533333333334,0.9224533333333333,0.03839999999999999,0.9089022874832153,0.8717794954776764,90,2020,2110
2024-10-09_17-02-22_0008639,0,0.43178666666666665,0.50432,0.07253333333333334,0.8500309586524963,0.7585874961482154,170,960,1130
2024-10-09_17-02-22_0008639,1,0.5725866666666667,0.6109866666666667,0.03839999999999999,0.9050576090812683,0.8735739111900329,90,1290,1380
2024-10-09_17-03-39_0008653,0,2.2280533333333334,2.3176533333333333,0.0895999999999999,0.9988937973976135,0.913865094835108,210,5170,5380
2024-10-09_17-03-39_0008653,1,2.37312,2.48832,0.11519999999999975,0.9974767565727234,0.9051031385149274,270,5510,5780
2024-10-09_17-04-14_0008657,0,0.9693866666666666,1.05472,0.08533333333333348,0.9921587705612183,0.9196080451919919,200,2220,2420
2024-10-09_17-04-14_0008657,1,1.0760533333333333,1.1869866666666666,0.11093333333333333,0.9937000274658203,0.9010007469742386,260,2470,2730
2024-10-09_17-04-14_0008657,2,1.2040533333333334,1.3149866666666667,0.11093333333333333,0.9936966300010681,0.9001909969029603,260,2770,3030
2024-10-09_17-04-14_0008657,3,2.61632,2.658986666666667,0.04266666666666685,0.940856397151947,0.8447177762334998,100,6080,6180
2024-10-09_17-04-17_0008658,0,0.4872533333333333,0.5341866666666667,0.04693333333333338,0.9358216524124146,0.8160714507102966,110,1090,1200
2024-10-09_17-04-17_0008658,1,0.8456533333333334,0.8968533333333333,0.05119999999999991,0.9159368872642517,0.7914014229407678,120,1930,2050
2024-10-09_17-04-17_0008658,2,0.97792,1.0376533333333333,0.059733333333333305,0.9065918922424316,0.7207677205403645,140,2240,2380
2024-10-09_17-04-44_0008661,0,1.9720533333333334,2.070186666666667,0.0981333333333334,0.9975767731666565,0.8565994252761205,230,4570,4800
2024-10-09_17-07-24_0008684,0,0.42752,0.47018666666666664,0.04266666666666663,0.9442902207374573,0.8751846335150979,100,950,1050
2024-10-09_17-14-02_0008729,0,1.4429866666666666,1.47712,0.03413333333333335,0.8609444499015808,0.6842057108879089,80,3330,3410
2024-10-09_17-23-32_0008820,0,1.01632,1.0504533333333332,0.03413333333333335,0.8822072744369507,0.8301472332742479,80,2330,2410
2024-10-09_17-23-47_0008822,0,1.1229866666666666,1.1400533333333334,0.017066666666666785,0.7591864466667175,0.5418096482753754,40,2580,2620
2024-10-09_17-23-47_0008822,1,1.2509866666666667,1.2680533333333333,0.017066666666666563,0.7591864466667175,0.5418096482753754,40,2880,2920
2024-10-09_18-26-50_0009188,0,0.36778666666666665,0.43605333333333335,0.0682666666666667,0.9268971085548401,0.7908862583777484,160,810,970
2024-10-09_18-30-08_0009211,0,2.14272,2.20672,0.06399999999999961,0.9517984390258789,0.8200093172490597,150,4970,5120
2024-10-09_18-30-08_0009211,1,2.2536533333333333,2.33472,0.08106666666666662,0.9346398711204529,0.7222024768590927,190,5230,5420
2024-10-09_18-35-34_0009240,0,0.022186666666666667,0.05205333333333333,0.029866666666666666,0.8651955127716064,0.6866240203380585,70,0,70
2024-10-09_18-38-43_0009272,0,1.0077866666666666,1.0461866666666666,0.03839999999999999,0.9546031951904297,0.9375789284706115,90,2310,2400
2024-10-09_18-48-19_0009327,0,1.5581866666666666,1.5965866666666666,0.03839999999999999,0.8504459261894226,0.7037545710802078,90,3600,3690
2024-10-09_18-56-28_0009380,0,0.88832,1.0632533333333334,0.17493333333333339,0.970607340335846,0.6370604740721839,410,2030,2440
2024-10-09_19-04-28_0009420,0,0.17152,0.20992,0.03839999999999999,0.9164822697639465,0.8905672669410706,90,350,440
2024-10-09_19-24-13_0009518,0,1.00352,1.0376533333333333,0.03413333333333335,0.8465980291366577,0.797374877664778,80,2300,2380
2024-10-09_19-24-20_0009519,0,0.60672,0.7560533333333334,0.14933333333333332,0.9190088510513306,0.7933126183019744,350,1370,1720
2024-10-09_19-44-36_0009611,0,1.0333866666666667,1.08032,0.04693333333333327,0.976523220539093,0.8963973050316175,110,2370,2480
2024-10-09_19-45-04_0009614,0,1.93792,1.9805866666666667,0.04266666666666663,0.9663636684417725,0.9163967858661305,100,4490,4590
2024-10-09_19-45-36_0009618,0,0.41472,0.45312,0.038400000000000045,0.9308110475540161,0.8970230758190155,90,920,1010
2024-10-09_19-51-02_0009662,0,0.99072,1.06752,0.07679999999999998,0.9957398176193237,0.8777599915077812,180,2270,2450
2024-10-09_19-51-07_0009663,0,1.0248533333333334,1.0589866666666667,0.03413333333333335,0.8323618769645691,0.8019277718332078,80,2350,2430
2024-10-09_19-51-07_0009663,1,1.3576533333333334,1.4045866666666667,0.04693333333333327,0.9912945628166199,0.9234471246600151,110,3130,3240
2024-10-09_20-02-58_0009716,0,1.0077866666666666,1.0632533333333334,0.055466666666666775,0.9960370659828186,0.9331848578793662,130,2310,2440
2024-10-09_20-14-34_0009773,0,0.54272,0.5853866666666667,0.04266666666666674,0.966060996055603,0.9215569387782704,100,1220,1320
2024-10-09_20-14-34_0009773,1,0.78592,0.8285866666666667,0.04266666666666674,0.9671398997306824,0.9091471812941812,100,1790,1890
2024-10-09_20-14-34_0009773,2,1.02912,1.0845866666666666,0.05546666666666655,0.996645987033844,0.9394502426896777,130,2360,2490
2024-10-09_20-15-18_0009774,0,1.0120533333333332,1.0760533333333333,0.06400000000000006,0.9994418025016785,0.9548503942787647,150,2320,2470
2024-10-09_20-15-49_0009776,0,0.6877866666666667,0.7304533333333333,0.04266666666666663,0.9648323059082031,0.901506320996718,100,1560,1660
2024-10-09_20-15-49_0009776,1,0.9949866666666667,1.0589866666666667,0.06400000000000006,0.9998427629470825,0.9718030579388142,150,2280,2430
2024-10-09_20-15-49_0009776,2,1.5752533333333334,1.6392533333333332,0.06399999999999983,0.9979701638221741,0.9383537992835045,150,3640,3790
2024-10-09_20-15-49_0009776,3,1.8440533333333333,1.8952533333333332,0.05119999999999991,0.988274097442627,0.9264633701397822,120,4270,4390
2024-10-09_20-18-24_0009792,0,1.1272533333333334,1.24672,0.11946666666666661,0.9161601662635803,0.8010654058949701,280,2590,2870
2024-10-09_20-31-45_0009827,0,1.54112,1.57952,0.03839999999999999,0.9099527597427368,0.8779712975025177,90,3560,3650
2024-10-09_20-54-10_0009917,0,1.91232,1.9549866666666667,0.04266666666666663,0.8790072798728943,0.7748656137423082,100,4430,4530
2024-10-09_21-23-39_0010049,0,1.00352,1.04192,0.03839999999999999,0.9195401668548584,0.8820684313774109,90,2300,2390
2024-10-09_21-26-18_0010068,0,0.8157866666666667,0.86272,0.04693333333333338,0.9333069920539856,0.8295640548070272,110,1860,1970
2024-10-09_23-29-53_0010557,0,1.00352,1.0504533333333332,0.04693333333333327,0.9483936429023743,0.8441535035769144,110,2300,2410
2024-10-09_23-42-25_0010611,0,1.9464533333333334,2.02752,0.08106666666666662,0.999650239944458,0.9239467084407806,190,4510,4700
2024-10-09_23-53-16_0010645,0,1.32352,1.40032,0.07679999999999998,0.8852777481079102,0.6844880675014696,180,3050,3230
2024-10-10_01-09-59_0010757,0,2.0189866666666667,2.0744533333333335,0.055466666666666775,0.9341259598731995,0.8098416179418564,130,4680,4810
2024-10-10_01-10-48_0010761,0,1.5837866666666667,1.6349866666666666,0.05119999999999991,0.9606173038482666,0.8501302599906921,120,3660,3780
2024-10-10_01-11-52_0010773,0,2.9704533333333334,3.030186666666667,0.059733333333333416,0.9955216646194458,0.9297401666641235,140,6910,7050
2024-10-10_01-22-00_0010812,0,0.7304533333333333,0.78592,0.055466666666666664,0.8696830868721008,0.7413234838417598,130,1660,1790
2024-10-10_01-22-47_0010815,0,0.7688533333333334,0.8072533333333334,0.03839999999999999,0.9222764372825623,0.847140371799469,90,1750,1840
2024-10-10_02-37-29_0011052,0,0.9992533333333333,1.0760533333333333,0.07679999999999998,0.978988766670227,0.761843718980488,180,2290,2470
2024-10-10_02-41-42_0011076,0,0.9821866666666667,1.0333866666666667,0.05120000000000002,0.9592280983924866,0.8436399606557993,120,2250,2370
2024-10-10_02-41-42_0011076,1,2.41152,2.4584533333333334,0.04693333333333349,0.9479769468307495,0.8738035410642624,110,5600,5710
2024-10-10_02-42-04_0011082,0,1.77152,1.8184533333333333,0.04693333333333327,0.992397129535675,0.9274260724584261,110,4100,4210
2024-10-10_02-50-51_0011126,0,2.8381866666666666,2.91072,0.07253333333333334,0.9967362284660339,0.8425937758551704,170,6600,6770
2024-10-10_02-50-51_0011126,1,2.9448533333333335,2.98752,0.04266666666666641,0.9340702295303345,0.8693843538110907,100,6850,6950
2024-10-10_03-31-52_0011335,0,0.99072,1.02912,0.03839999999999999,0.9241264462471008,0.869666188955307,90,2270,2360
2024-10-10_03-35-17_0011359,0,4.758186666666667,4.822186666666667,0.06400000000000006,0.983670711517334,0.8984107188880444,150,11100,11250
2024-10-10_03-36-11_0011366,0,1.01632,1.08032,0.06400000000000006,0.9831879734992981,0.8435972016304731,150,2330,2480
2024-10-10_05-48-35_0011446,0,1.0077866666666666,1.04192,0.03413333333333335,0.8392120003700256,0.788912316163381,80,2310,2390
2024-10-10_05-53-37_0011474,0,1.0077866666666666,1.0461866666666666,0.03839999999999999,0.9379173517227173,0.8836778342723847,90,2310,2400
2024-10-10_05-56-01_0011500,0,0.9949866666666667,1.04192,0.04693333333333327,0.9349534511566162,0.8326939071218172,110,2280,2390
2024-10-10_09-22-26_0011578,0,1.02912,1.0632533333333334,0.03413333333333335,0.8860976696014404,0.8142918282084994,80,2360,2440
